HERV-Fc1,AluSx,SVA_D,LTR1C3,LTR35A,SVA_C,LTR21B,SVA_A,MLT1K,L1M3D_5,HARLEQUIN,HERV3,SVA_E,L1ME3E_3end,SVA_F,LTR16A1,FRAM,HERVS71,ERV3-16A3_I,SVA_B,LTR22B2,MER9,AluSg1,LTR2752,L1MCB_5,L1ME5,LTR13,LTR2B,AluSg,MER88,MLT1F_I,MER4D,L1M3C_5,LTR15,MER50C,MER51E,MLT1G2,AluYd3,HERVK11I,AluYb9,LTR13A,LTR5,LTR2,MER52A,MER9B,LTR52,LTR59,MER52C,MER21,MER70A,AluYk11,MER41A,MLT1F1,AluYh9,LTR40C,LTR5_Hs,MER48,MLT1H1,MER57E1,LTR1B1,AluJo,L1ME3C_3end,MER41G,MER66D,MIR,MER65D,AluYc5,FLAM,MER68A,AluYb11,LTR10B1,HERVE_a,L1PA17_5,HERVL74,MER21A,LTR26B,AluYa1,LTR7Y,HERVK,L1ME3F_3end,L2,MLT1E,LTR57,AluYk13,HAL1,L1ME4A,LTR39,AluYe5,MER90a_LTR,L1ME3,HERV1_LTRb,L1PA12_5,MER57F,MLT1E1,HERV-K14CI,LTR41,MER92B,MLT1E2,LTR65,LTR3A,HERVI,AluSg4,HERVK22I,AluYi6,LTR2C,MLT1H2,MER68B,MER73,L1MEg_5end,AluYa8,AluYb3a2,L1M2A1_5,LTR7B,AluYa4,L1PA16_5,MER57E3,LTR9A1,LTR7C,L1ME3D_3end,AluYk12,MER74B,MIRc,MER66A,LTR18A,L1MC4_5end,AluYg6,LTR30,AluYd8,MER61C,MIR3,AluYd3a1,THER1,LTR25,AluYb3a1,L1P4b_5end,MLT1_I,LTR18B,AluSz6,AluYb10,L1MEe_5end,L1PA12,AluYc1,MER52D,MER65C,AluSq2,LTR72B,MER34A1,AluJr,MER66C,AluSp,MER41E,PABL_AI,AluSq4,LTR12E,LTR26,LTR4,MER51D,AluJb,LTR19B,LTR61,LTR1C,LTR22,L1PREC2,LTR1B0,MER66B,LTR12C,MER61B,LTR27,LTR45C,L1ME5_3end,MER83AI,MER52AI,MER90,L1P4a_5end,MER9a2,LTR47A2,L2B,HERV35I,L1MA10,L1MC5,LTR75_1,L1MA6,MER4CL34,LTR10A,LTR64,AluYb8a1,MER34C2,LTR66,ALU,MER4D1,MER57D,AluYd2,AluYf1,LTR26E,LTR12B,AluSx1,L1P4c_5end,AluSq10,LTR27B,LTR28C,sample_ids,class
1.0,0.958831111905722,0.8092974020925503,0.3451207464109434,0.6608572393686167,0.7675109806564766,1.0,0.5881383180529927,1.0000000000000002,0.151343818414865,1.0,1.0,0.6339657611002902,0.7051478955648145,0.8206709461063983,1.0,0.5505085201309292,0.48713122642893625,0.652763337256502,0.76052241966973,0.9971489671007769,0.6825024050928574,0.7021664668421295,0.4838330738604899,0.6329229058539467,0.9999999999999999,0.9816163490746099,1.0,0.5049594131878097,0.6650593967034697,0.6688920460538075,0.9620106986076409,0.4344540586225376,0.3632210580625892,0.6175165048450907,0.9747051111832327,0.88440072669619,0.5389053388989624,0.5420001238310608,0.7454067338444101,0.8859523006565109,1.0,0.4239130512912417,1.0,0.5633659731807064,1.0,0.35561996229257875,0.9912779695106684,0.7575567865707263,1.0,0.5890392200917134,0.9741804724995848,0.8205924961632745,0.5452012668340505,0.8785732885481876,0.8705443331218312,0.8566226387325476,0.7980083683036687,0.5202512174247552,0.5422310859676425,0.8935422004319282,0.5884116152948333,0.438182768698278,0.19465039262662492,0.8133099259545604,0.7324087619828121,0.6672543262722446,0.5370911792517274,0.9177846692403326,0.6600579825352657,0.9185396963809698,0.9755680070176327,0.5257823858969779,0.5893730248512116,0.788028822597397,0.4308109722751974,0.3684457222336235,0.6727254361403663,0.6874225651784842,0.9083677159879417,0.5516077248564977,1.0,0.9339981840379172,0.6715262192691682,0.7766267929693584,0.7174624030988876,0.4048343039350353,0.4302971451386153,0.7097958421291082,0.9174365635501918,0.5243849828540652,0.9839628739311319,0.5281361645142056,0.8610733035545619,0.39293975499719747,0.9795187259202882,0.3437744015138679,0.5451397597899192,0.7524721768769239,0.8800776772761592,0.6800079270697581,0.50063759118013,0.8902957032044325,0.6109532953504893,0.6853792535738625,0.5907771448450794,0.893744728058441,0.946800962685127,0.6998426430211557,0.7061473510615315,0.42894112698072373,0.7297977311427783,0.6881684317122949,0.5806223849875387,0.7147578961029284,0.19423414592351929,0.3159808898626082,0.7187443267383253,0.72447604290763,0.5473082196355126,0.8951976117976153,0.9138487712181691,0.6083372467110403,0.8307639679908085,0.9102435314818429,0.6854730874462494,0.269032949578607,0.5829821019509671,0.7098519963964264,0.39742082167293535,0.45684840742051147,0.7672318772339647,0.8689543442327392,0.5778383247368826,0.6885166264248685,0.6121735699412456,0.7710932615346042,0.6111207163690224,0.5629013319504779,0.7096470141789848,0.6840810672276367,0.5400218576207614,0.825515824394135,0.7174314554484713,0.4697977073612005,0.7214743092762946,0.611468790242729,0.6066565585452688,0.6115014403702306,0.5079709017158809,0.63186445164648,0.7664279294248457,0.6274313470498107,0.47428215589499256,0.5110492138722651,0.5953120873255093,0.518537007654128,0.67579280962841,0.5674561319989779,0.5057688257722655,0.8608012169599577,0.24856021049807975,0.8479832262228086,0.5932125323447661,0.6875511080730101,0.6722153674690512,0.4907966188735493,0.815033441528866,0.61394786176261,0.18165164042300952,0.5462866941232638,0.3928319970741825,1.0,0.6827884779320135,0.724529597319042,0.7909699087149233,0.7379381937861146,1.0,0.6896410531593444,0.8099358826323166,0.8794409164324326,0.6385594757327553,0.5843789671612587,1.0,0.541854854623764,0.5901065259667604,0.5656538866724545,0.7747620262582289,0.7348732372891327,0.4478190004911342,0.7787900877851779,0.5940529423195389,0.1227650457356928,0.4659352085287097,0.49845389897816883,0.630279437620169,0.6463914453800226,0.5058657759628638,0.6979015230817582,0.4445192160137412,V108,1
0.9729945430196922,0.30496946931068214,1.0,0.3123792615365922,0.5644507819760392,1.0,0.6918637751565,1.0,0.8883000518686964,0.489353614752408,0.4361293988555648,0.7653856096923533,0.8996184805225358,0.5376219779057614,1.0,0.17105779643915997,0.35215117705763976,0.6452379977259284,0.6809347914733231,1.0,0.6095247649597204,0.5974139199366082,0.736036561421102,0.657894356764551,0.4492355687142895,0.7263912667818688,0.8176405345041005,0.32555434016889073,0.3217614567889333,0.47524330916782964,0.3406128744439487,0.6531653514557059,0.8582883264749144,0.6127160740229312,0.6005277767911691,0.6983464984016158,0.8406660049699913,0.3317885747424256,0.38400024313654013,0.8960320617587545,0.7582080674065388,0.5878868858041324,0.5244825729217832,0.7394167813251364,0.5305813980893803,0.4550334919378132,0.2773844761799572,0.7254635385755712,0.7569977304583532,0.6584667165502287,0.6971277792844646,0.561150230733988,0.6722254640926013,0.5446155145996112,0.4461324824130185,0.7783557255927311,0.756959604497398,0.5519209744420532,0.5135591249318531,0.5185480095499373,0.9647817136956873,0.22720683235607564,0.37883169293020647,0.5780918592660451,0.5995692433967568,0.3050914423708899,0.5789863456940649,0.3832478503850014,0.5942148973736585,0.7017561089888513,0.551061947010977,0.4826074801025664,0.6939108506257068,0.3856860510049517,0.6189910618784702,0.2642088622485621,0.7554683283322374,0.6080972232607103,0.5655023759280384,0.3691856765118461,0.7016658189445999,0.44176750264293857,0.7694349089673809,0.5713076991337882,0.6843462993704437,0.290479695936904,0.2605736938173415,0.7735214176744218,0.7019954119672234,0.5900008683155678,0.05248838363824726,0.6785273596926915,0.42142878437647346,0.5168888193848475,0.44568981297349375,0.647399365875001,0.464066977951298,0.33618445265040453,0.32515891155796905,0.8211453701587894,0.4253282884340286,0.5431906766174635,0.5720347745616552,0.565123247333922,0.5240927272594789,0.399281535127439,0.7999209762547794,0.4528566605893423,0.3650944869131938,0.5362374979414426,0.6922453285769743,0.4061563632343055,0.6145392163352441,0.5361424914320576,0.4128289055426366,0.11037618218473222,0.30144245873161823,0.7238337370061467,0.5782615554496451,0.491559023687568,0.2851797732170209,0.5504141839189733,0.566921732284004,0.8034548752561325,0.6261957287514257,0.6215912335102765,0.11683920036985063,0.9592732142401683,0.6248381363047862,0.49048687761644105,0.8524351413676676,0.6924809356054106,0.7674703265102627,0.5066575969059102,0.624083260920226,0.564907121688631,0.602225043791043,0.5336213420250093,0.37010738574732827,0.46646712753927,0.4000824772063689,0.6683816203611395,0.7534826233745728,0.4241923909086798,0.44965345899770526,0.6935666378394437,0.3012736312972407,0.4105124285237176,0.6210057683528558,0.5319650567857739,0.4736747092293969,0.4222313615808906,0.7044178659642437,0.6312993887932734,0.4553557863301081,0.5517437205863733,0.41537081542938115,0.5061803584533191,0.287094116787054,0.5978331877176122,0.6132268088987163,0.26710186021898785,0.4209956589919148,0.6223978741978995,0.6516808011451436,0.5627989764593133,0.37189861122204304,0.5835191016007539,0.4067515504488932,0.35750046781697886,0.3945350111823609,0.31035464430720916,0.6959825554859933,0.4246028116166265,0.6398004966430475,0.6568969193914478,0.4221342937481364,0.5416402504798756,0.344298734726598,0.4536657412986336,0.746320669688803,0.3781505716281277,0.45953922301207806,0.6790344899208272,0.47572557835651486,0.5219855475550119,0.4532759050720714,0.3952927360989684,0.40935515943447687,0.3249996294131803,0.5952891620561047,0.7718092151822927,0.30032277064440116,0.5245834639156179,0.39326599535865725,0.9796822615980553,0.6730314351416702,0.3725734761282009,0.5295730052821357,0.2661152812047618,V125,1
0.5764511296705308,0.05491778225002397,0.8674051006939543,0.37358100288932455,0.6987217447146932,0.8071048524051196,0.5491690341296143,0.8768538946264535,0.6900775198017266,0.2932255571931808,0.45309979837697956,0.7367197735237307,0.823033722872788,0.5228643409291831,0.8419491134784192,0.47968483480955937,0.26065216730247265,0.5275708296379467,0.6444818834811047,0.9776069222610531,0.9108583536708017,0.7931289346140282,0.5912529148146373,0.6256228114824527,0.34674557302308195,0.9057887780845257,0.7286194515414159,0.4307955358519431,0.2157740670133892,0.5096997791525808,0.16216340402904583,0.7522800668690781,0.5563499630702005,0.41838059423521035,0.3370572197605266,0.6378696837822687,0.5437089882631386,0.11802470327239067,0.21410585991252384,0.845403319565964,0.5604921637409559,0.6512690998534563,0.140265318716716,0.7779189674234557,0.44295163965230566,0.4891405904081374,0.14754546692682324,0.6871753785185595,0.8703532726223001,0.5510412142557546,0.5487869986094509,0.5579205005796926,0.8336584345376354,0.49190437128726394,0.27867057239743265,0.8499356184993943,0.7421817878242684,0.5345989115952277,0.49738364759671183,0.31313482858731856,0.9246006531201649,0.3869188160644814,0.3277470738556073,0.3428957368838487,0.4757026954788195,0.5697440787374854,0.5722099536238234,0.2567672562071799,0.7508604322493992,0.5980645265538902,0.3408870350115001,0.479194920687398,0.5271487892442348,0.42133818969913206,0.609599978231457,0.3018179036736164,0.5754052285376865,0.5647132897397658,0.8821848216743042,0.11436388888814064,0.28223115410201594,0.768958284902946,0.5767540483892559,0.43558363821664337,0.4927715404308892,0.36717043974132785,0.34586237942898923,0.6747218324955764,0.470067961772463,0.2562970656389312,0.4098797033568886,0.651164992221319,0.23958729483883234,0.47926711412724843,0.378686628411703,0.48079310582119406,0.2947424583532419,0.49258486118378153,0.7295065153097678,0.8339874324931316,0.3355612301423738,0.41795521465196295,0.4818157959406868,0.4678288354085325,0.5192768657931253,0.04196294890501584,0.6875720072696221,0.13775068449679279,0.5191573075663336,0.42301449024739846,0.6678335922894592,0.5325525063554366,0.5973388165125746,0.3884118268573893,0.3409423025782079,0.3549278055092122,0.2917110628651547,0.7431247380538353,0.21840982579107715,0.3860682095143133,0.8533002315521321,0.37641117339476793,0.7158731094510759,0.9365228144264891,0.5864539445152719,0.49253365133104765,0.26251109391687666,0.8216202604707759,0.61530392490468,0.27429531582221245,0.6151532015168142,0.8120567070533119,0.6028798279883985,0.4364448838244641,0.7723507511835523,0.29152966169201333,0.5974160423846673,0.38497070323696825,0.27136484373721714,0.07101172124520883,0.3781065304970692,0.6270286046688938,0.7484859554262591,0.40259248958251237,0.3227284941482349,0.4949787610665295,0.049993417094456816,0.42375564584784886,0.6381759294089622,0.37179861632552225,0.7746931020515393,0.5453152692346546,0.48652361796422205,0.6006791209832683,0.19670454900354795,0.0,0.2742610221676356,0.41552923983583234,0.008367984112469529,0.5112368698412384,0.438016387072355,0.29303144487322363,0.40641648853523016,0.4978634279081178,0.7406469443099968,0.5601192866944711,0.283491966465772,0.47616365855360154,0.3280783420225293,0.026314964495920412,0.4876317067339915,0.34310636367455727,0.7999927524518955,0.3480566369428071,0.6097411589096737,0.5652495920696328,0.6371167600618818,0.490632418936332,0.3083388867162826,0.3646128667742421,0.6903463572154509,0.36781389735716363,0.39473618025244583,0.5113688842849449,0.3353505333920658,0.28622096163525157,0.2987458768331448,0.5208466442512631,0.44508332826126296,0.30415149074996606,0.5849259600060468,0.7906729809441592,0.2026224578113367,0.44115333613067503,0.40524660378943445,0.771437425243524,0.3891350595460463,0.30344548252107906,0.5530080456108997,0.4374873776565056,V1321,1
0.41777020791910946,0.3517536133136727,0.28717613348900883,0.27205234930483396,1.0000000000000002,0.01210301677469694,0.9090643184663236,0.04575074871807239,0.7271100658601911,0.22721647753079832,0.5564698926122889,0.60417139343319,0.03811964078018448,0.7235570031105649,0.002250083952853643,0.4476096040146397,0.5548403166668763,0.41766225685594627,0.3362469468245564,0.0,0.5282363025057579,0.4166260389970873,0.15095537110599366,0.6584881569884615,0.1898333600792168,0.7845638665257516,0.3994711229063448,0.4651879811271362,0.0,0.6026981972434207,0.15466572567153447,0.7851191031542903,0.34781478493749307,0.5501769260744118,0.5630297692637826,0.6558422263599147,0.7152744342839181,0.13234941481820162,0.2027487959266261,0.0,0.37267274770338243,0.2766545792348909,0.7009677117927451,0.0491921427572235,0.7031854236407891,0.43779765709702034,0.15918863309274534,0.31957687391624034,0.5074742071130071,0.3838254431492838,0.0,0.541929099769364,0.43099269996789746,0.0,0.3478134034827599,0.4498204389083682,0.4462190679374417,0.7308758214218423,0.4322578572318031,0.14214797578967753,0.8867559681117101,0.5523061456656047,0.019662726923488083,0.21453666624276474,1.0,0.24269461301454087,0.2187473615336435,0.6026920379458272,0.977974549342282,0.10656279474606745,0.5106172673641027,0.47896777791154665,0.0989224857998452,0.2502509556030119,0.5714710817866537,0.15123790527951586,0.31336940940868363,0.26555984619808726,0.0,0.03620053006192414,0.908941919903993,0.5357130652444341,0.43474330335990796,0.0,0.645552108052275,0.7394247574092843,0.4566162146908026,0.012836530490055509,0.47296078230774086,0.6970625964042876,0.5821351113842619,0.25867209845508476,0.4762332386656608,0.0,0.11633846301166828,0.8315423051777517,0.23398680754635343,0.45478013945053863,0.43564182519086414,0.5820069274713608,0.4879496469026243,0.0,0.6525308551482638,0.0,0.3272153416842283,0.4267258236584657,0.797615760691655,0.469898838596929,0.6943988280758233,0.3020081024237502,0.0,0.3033474261815683,0.4364560659855803,0.0,0.38741743273715556,0.42221231149910654,0.0,0.8612694873134812,0.5116232112155465,0.03622917919483193,0.5794558987966782,0.7891099023478798,0.5993875195218622,0.7470077259432345,0.49413505799490154,0.0,0.18358270937405186,0.0,0.5450160780972325,0.5693071320324683,0.010220223719220378,0.3388086640631959,0.7865754905230622,0.18623687763511754,0.5143037267592088,0.5118130225681683,0.38874458777499177,0.0,0.30627535021161734,0.16741352979917634,0.3836700880030657,0.0,0.34013189683552314,0.47556484024352175,0.0,0.3882473191051886,0.44759596916549416,0.2269418679172679,0.43640714282495185,0.0,0.36463956158510835,0.6657530177974538,0.0,0.0,0.27708749464383353,0.33739512256889403,0.2701412957096172,0.23724729542994005,0.15454238790181662,0.40457314856045956,0.3116830795040928,0.1540745524080811,0.41935521835142353,0.2880332644491055,0.11916460131915169,0.19616577866874874,0.23537470147663475,0.4999858787089859,0.4446361101070646,0.5414087126744385,0.3040978390212701,0.12083652790656174,0.44572734454727897,0.3945052283601287,0.525486351647422,0.7517964804138613,0.2442582880014701,0.4912950134962859,0.22709851432224593,0.6810570703795504,0.7290343044075185,0.41192807759918004,0.3906417971237208,0.5569149993465903,0.3188322576162226,0.0,0.2784005835357688,0.5047189140558177,0.32337281344327273,0.23389715779661957,0.4956832040188295,0.43849023308389745,0.0,0.360271340982769,0.1682052636007998,0.8474179869564409,0.0,0.0218407852401743,0.25383524179972783,0.40036757833921,V1456,1
0.0,0.38754828990310575,0.2951830793072592,0.1493896893453993,0.533744661189862,0.047382613021932585,0.6296532641236576,0.002818599638642283,0.7844086170176893,0.40920773272612343,0.0,0.5789123625362178,0.09332200886386843,0.30758597766096574,0.0,0.4895770264671485,0.43175679181540616,0.6833506731167382,0.19416648151059107,0.052231405060563674,0.6123580882892412,0.2692456494743336,0.29577081745318523,0.29530359364955805,0.5161493731871618,0.9072128953823372,0.48740852090792686,0.036870727438361506,0.3072911325750409,0.4562394662875062,0.1576216680208713,0.7481746978090618,0.09347421535822531,1.0,0.5501273543163807,0.6786706660796066,0.7679030908355998,0.26172986260158204,0.23149650253508858,0.29236511923841757,0.5935781664845852,0.31938233336044863,0.784903384501233,0.0,0.6601196119509276,0.3428840423618962,0.3137662323005601,0.16049919304812743,0.7262321398431738,0.3770571803028142,0.11624298473068784,0.4255548198638408,0.4170561258550267,0.1667223494004535,0.016527217799589267,0.5656950872941424,0.38323263911810435,0.6129477970592256,0.48752541650242376,0.11188300045795607,0.9324504893803112,0.0,0.2441321795977435,0.5390347154940898,0.7269962310427007,0.38126453272335104,0.3558307428234935,0.4537102236369286,1.0,0.13778812265433427,0.6948343724880504,0.1750303861306044,0.42761801647157194,0.6041168910662654,0.6504992744882343,0.3029850947314163,0.19498908885618782,0.22621009977360718,0.05534941311181818,0.5884055945490767,1.0,0.5463766058960148,0.41913687856886694,0.187215038509434,0.5597263837626931,0.6340409141621588,0.5347706549070692,0.07270140255216972,0.4472152150578481,0.7643322852914878,0.26606996903624025,0.2706842710011266,0.1862416878209553,0.5837012110651341,0.17958147720169487,0.5074125078444687,0.3286372700915425,0.6779643644151205,0.5882062729513032,0.6639826453905902,0.28134877867476327,0.16385174166364713,0.5577354508852963,0.13810462048513195,0.41175695439297666,0.5266815259251554,1.0,0.6353465557694964,0.5741550158026199,0.3422558568140257,0.1354124748589305,0.31292635190940565,0.4853262211087013,0.12751061936261188,0.3920203753548517,0.7705887137832437,0.2235553451054173,0.7221636748118523,0.5530873941859038,0.14323275034579375,0.0,0.9212200035132296,0.38830019937146465,0.8747476380581555,0.7865904799561321,0.19387458639858224,0.262959869932081,0.055377845783426416,0.38847018586666093,0.7062250390602491,0.13458882193388888,1.0,0.5115955027656751,0.2169458636302597,0.832111357502157,0.5645455099274637,0.3240762692950221,0.15100957472093945,0.284517642756521,0.8289166419925338,0.38920717383148773,0.3928337542090379,0.300365771404683,0.29680827523759845,0.12280873610985843,0.4709063586036071,0.09050634086490017,0.21949636386302185,0.5434471082848331,0.14824991857050662,0.47761748695199824,0.6309223620256637,0.14331565032769866,0.04504638558629015,0.170084767640168,0.26122876926832816,0.11383749058687109,0.3036183159973618,0.3357783117739328,0.7560689322166718,0.40452029434778436,0.33100309224499047,0.4134381717947502,0.0,0.48521128207243475,0.22016626833602082,0.2527504897778061,0.4302528595000543,0.5968369501661555,0.4360784969456839,0.3394224519814857,0.2441490097889205,0.5590153847626218,0.45518842563002115,0.49726699454900314,0.8469903649448236,0.267790091835606,0.4297435637425875,0.7372191656379048,0.38334026913751384,0.4704667866392527,0.4881688287493917,0.5204441258561743,0.4911558495547812,0.079190667290988,0.2867604219502695,0.12759316722954783,0.5742636090305822,0.4592847835949323,0.2654583385587661,0.4105607149361008,0.3273372778896702,0.16144499003871982,0.3926117952345491,0.19608342120865574,0.9206893318333217,0.13409602269778165,0.15179941617978798,0.08095727765953997,0.4208485920490732,V1505,0
0.24068768552993003,0.5889108398784724,0.37886952471036217,0.4734329402865772,0.6473637308024276,0.23623038541697916,0.710654170474361,0.17469717236607174,0.707552439523592,0.7529778347719169,0.3775429198317468,0.7334561945068199,0.3415083331571722,0.5282025563052388,0.18650373928963226,0.22603086433190434,0.5681329977649838,0.6426829977693367,0.3091077388238164,0.15928028913204528,0.7159792838721639,0.43790084616983904,0.23138615031587761,0.4967927473841476,0.765039492271544,0.8513176854400483,0.537852603362758,0.3133731266290338,0.5803424614389643,0.5495941686698249,0.4924263837422762,0.6990734412554529,0.9127930264596436,0.892819662171231,0.4558904220134341,0.563741229138892,0.5484522154423647,0.6932695895551686,0.46694211921526474,0.49496271861521457,0.561345415174686,0.28512628558258246,0.6414123777282783,0.3425852372629672,0.5587971011745454,0.27492602728499205,0.31864865890503213,0.38257976100703495,0.6344264403703187,0.0752572972480452,0.2367289048973209,0.5606638290502941,0.6386326826777555,0.23622446453198798,0.30565528162674693,0.5580816257032142,0.5831939404575285,0.3664825886916088,0.47398244713872906,0.30142030436074707,0.9195726822814334,0.8127930800381238,0.47323218858520444,0.3697811168190214,0.6348199400631667,0.41915245726756,0.36143335127118004,0.523294572150065,0.8619042440076026,0.18710947707143522,0.7162371235862026,0.4547939111787862,0.7875680072914628,0.5675962081151132,0.6921307262795664,0.32163617813485246,0.20387303265171575,0.3940141949005831,0.6303055057513758,0.4735106996798666,0.8231396392815706,0.5496693375785248,0.34900478856765105,0.2643123620680541,0.7706130146409151,0.7265180775743751,0.4014702477333689,0.22399658013272195,0.37396671687597993,0.5997662036760385,0.0,0.5045259534882076,0.38627711543730037,0.7235191315234644,0.4347422994676079,1.0,0.5569437347743695,0.6788334085595165,0.6276207004395956,0.6926991017183011,0.44953525580499765,0.28419552232727696,0.7537167943376968,0.19405875207871048,0.31235558820527043,0.5789635541470539,0.9772604250385326,0.635132420958197,0.7079032381491057,0.4046224501346103,0.14944902853586317,0.45265118315967845,0.4581403190919149,0.20082502660961232,0.6380622835125136,0.8904322867010968,0.2529189329756871,0.6340022538665631,0.7293945791748464,0.20847927041800318,0.4022935692049314,0.6801303171998088,0.5680704027976305,0.9818681368621359,0.8252017205805231,0.2882334629709824,0.31730864287549476,0.1925770385916441,0.38467468667425353,0.3757409522370435,0.2052887277601787,0.6130369062968967,0.7638228524891781,0.2765107482118463,0.5998924706199633,0.7014971639629657,0.6090288870400786,0.23320664093077959,0.18128013509359242,0.9999999999999998,0.5646478936365869,0.38709405887924575,0.619067818358539,0.5271609105053199,0.15379608384317223,0.5723292873460606,0.4936527548946287,0.343398289060036,0.5622111803459533,0.22123491426359543,0.5872127114872412,0.6637218006637609,0.2944265708375049,0.2195004394248672,0.3741868268995714,0.5090891012029584,0.2839583996107109,0.37960568802271055,0.4216430781451872,0.6152541015484623,0.35850531263235674,0.37210081105273374,0.7169944627759968,0.38582612834918595,0.5203683829823949,0.34356399845044727,0.44760318830634516,0.4939768346241773,0.5789694000125791,0.0,0.6902667634260631,0.31822002147992867,0.7840866820313717,0.6043861986556767,0.5730158413743414,0.8287511514048491,0.0,0.6619444238410761,0.7708609198899383,0.6672872936771845,0.6293856651375485,0.5399518370333434,0.44512222632545795,0.5878471685427016,0.3633176967277455,0.2821591775900387,0.3705142536831245,0.5031329875870614,0.4708715797823624,0.3861763498416213,0.5450374077711024,0.5965711996834525,0.1883146194768801,0.460955782308023,0.3132700431462241,0.8868720575312795,0.21595650212141626,0.25152132980550057,0.25606123444401696,0.3596049237765584,V1776,0
0.6958148024620732,0.018959557351162726,0.65015069409095,0.0,0.5463737037355278,0.48662852245019295,0.5690827406299186,0.7100566919412614,0.7829698189866091,0.0,0.9846735488450271,0.6234567624422875,0.4113641486348456,0.29588680120256594,0.4659706780378041,0.01087783984845736,0.0,0.0,0.585225263643723,0.44201925674500586,0.7885321505556373,0.1754807369804512,0.45468264228453315,0.5579530553210921,0.0,0.7162465630062936,0.47612379024117857,0.9039364639415428,0.3244397292308081,0.3070312708668782,0.11971882008602042,0.47596494437163406,0.0,0.0,0.46218316412500837,0.7812727108736212,0.4147135782803316,0.28502029503885984,0.12047824378983352,0.6729027495185669,0.28699718769310856,0.36374826063107957,0.08741263811609556,0.39963886938058835,0.4239832884226673,0.291470636198474,0.0,0.4178321251576067,0.7298471394234384,0.301198287171097,0.3041471938432512,0.4126982638278891,0.6639022367058871,0.18539472923338352,0.4280844520443453,0.568321213155329,0.7025405668734223,0.38613880110985527,0.2532912841745296,0.2579857978430433,0.9067669341595963,0.06589665008326762,0.16038006547665704,0.15667838559168895,0.2364289005167377,0.03051557871721222,0.3717399190110413,0.23537072254064917,0.5626469079461089,0.3322352199525884,0.27393363543752725,0.7149718147401174,0.2899529267292693,0.0,0.3598364939716805,0.0,0.5462833090590857,0.38270763876685265,0.4347883111644135,0.0,0.5607234261230594,0.6881958766964781,0.5112519536247953,0.12244136701244379,0.338084308555358,0.2771299670374762,0.38057454096098975,0.2939520820109145,0.21288354778746732,0.056139116192587935,0.24920046325239453,0.31636277284443715,0.0,0.5350885266069254,0.048228873222847746,0.3348200243902999,0.20033609377967926,0.0,0.5066381061931978,0.557482157103887,0.13599566194980683,0.1679585873122118,0.1554386968067325,0.23321419876139338,0.2963113385969649,0.03559095169932702,0.4280203074015787,0.4134582330558289,0.0,0.22353584072955712,0.39167404825342356,0.15003676119175413,0.4244885732714594,0.10545180208924698,0.0,0.16487337199576624,0.12501475933871609,0.5998759659031578,0.0,0.16657315544794926,0.2701190132474569,0.5127997675359497,0.4125122534457525,0.748878100053347,0.0,0.22024276467126924,0.26709289074793685,0.6794761455627221,0.46116521362578833,0.0,0.43551943708694196,0.3744172285199535,0.12568034697019437,0.1897566446717054,0.0,0.06917546933294139,0.405157072504958,0.12399676570590934,0.0,0.06065287680451181,0.0,0.5104920489210096,0.4835940519292308,0.17776526008194105,0.13887688707183088,0.28908685311528304,0.0,0.11598220738358833,0.197328681562555,0.15867088902005655,0.2586387282421396,0.3119491442045197,0.25883661180826323,0.4034988434985314,0.06476471209150203,0.0902931910504794,0.029418423745443345,0.1915616159598521,0.0,0.2992502217739377,0.10489399980120306,0.0,0.0,0.3608306766324243,0.31932948847774484,0.2975399119113433,0.021025495916543013,0.28201734805635326,0.04826910628775227,0.13389430328072738,0.022134068796935136,0.0,0.4198765685654267,0.0,0.48802094762088655,0.6341713897942753,0.5958294172760187,0.6158215798309921,0.0,0.19281595907472582,0.41720376711352003,0.0,0.3588718134728852,0.2255515634160572,0.12286304342543952,0.20609064316911407,0.23396505248155575,0.06824005303269454,0.21354347270951024,0.0,0.0,0.592646772366673,0.23024849633843125,0.11748556912024982,0.09730501020485827,0.874758581046141,0.1779232274593877,0.08709060414438596,0.5761727504702274,0.16351206568175725,V1800,1
0.37827169819462725,0.6030709591971788,0.28384612455134395,0.5987956216944399,0.39316271862506813,0.13318468920376603,0.47610558676555176,0.3016457447941274,0.7211193896987671,0.36240951560143686,0.2360906748389251,0.758891416637558,0.2976825628565898,0.47408045178117275,0.31999173275441706,0.1886228409906927,1.0,0.5252165071685337,0.5792235031237521,0.20401522258864446,0.4496687766254177,0.1175618360431816,0.0,0.6940644619391341,0.6286386123717225,0.6945861271766749,0.4230900333768606,0.23382468979028914,0.37179645776690595,0.5950241176780102,0.2971976375488332,0.4430548619590784,1.0,0.42890852945258695,0.23664830046283966,0.5205834752598703,0.494002776135651,0.4924744996622814,0.19822640904073552,0.3366787348217004,0.3062482082919633,0.0,0.45056592696731723,0.6093293960988087,0.4004481041942274,0.17551398861653,0.3647184441691713,0.39202455533552705,0.34845825676355846,0.37400121435117173,0.08202316388202746,0.34635797614185915,0.5249248086265517,0.020007875271545572,0.0,0.4462822792704788,0.5785304798295027,0.24854681910624526,0.289493656881864,0.4440753488519458,0.895151632918997,0.45937577135146745,0.3561090663740377,0.019235612908469146,0.45807362248808836,0.43836607827538,0.0,0.45642494667914324,0.6202695550737012,0.0,0.5439527344796695,0.2783240116651955,0.6431546551398017,0.06624829984013991,0.494783228986182,0.24870009984057617,0.0992825419155885,0.26782738490964864,0.5060376145078278,0.36829917135429835,0.7582437076295849,0.5664566407872876,0.5986709700405597,0.00013307843306087364,0.3083273966888833,0.7233086184364701,0.345227455406919,0.25444543400749353,0.49191458140959154,0.22304074344120517,0.2871070117917065,0.4863790940392718,0.3737634184245737,0.49851039745931813,0.30505091673470774,0.6023093331873686,0.26833336874642383,0.3889257142215783,0.25817373494489926,0.7138343354858723,0.33541641586227433,0.0037346440558856386,0.5201766046639804,0.02518042240575369,0.35728854805474475,0.5051423410621514,0.6955055753631272,0.42244994149906406,0.39816932932454874,0.21675781320975673,0.2666887353304128,0.34290429752308604,0.44178808880654374,0.04681730350879931,0.3480800278638245,0.5736222711970891,0.17856771469493982,0.5684866159974846,0.1858377305570169,0.0,0.5953605613935351,0.5239036785205009,0.551431656495411,0.98829589149062,0.3614710219411219,0.07223793486607022,0.13903764909502625,0.7521928330723551,0.35171283063611136,0.3965469706270688,0.20325583193323826,0.505900921034289,0.5927947913189033,0.0,0.03276327529400902,0.3251759517842525,0.47322615463695694,0.07558239412120926,0.062162398420582576,0.3565173201570446,0.2895818151705001,0.37693136114581005,0.6633127185705789,0.32374398944714877,0.00742508540363751,0.5429432395426439,0.3541961445243521,0.0,0.3972010660052576,0.07635177846445096,0.5328275379855587,0.23568736022157832,0.2821374646378292,0.3267714701557658,0.3405360911765596,0.30796220694849463,0.20979725380594716,0.19803923514634292,0.12041529456043021,0.5317230179933725,0.4985346706510423,0.21678167015798744,0.20052440649339154,0.717085325102063,0.4486388701481649,0.29614049333477777,0.42522744759001085,0.42956585221355414,0.4619568234289717,0.4511071245723459,0.0,0.17196314207049124,0.5750989395260768,0.3740684246493884,0.4937302037308544,0.7925459675345206,0.4270790707786628,0.3423551031155614,0.25214968914887503,0.408302853765087,0.6431556872971207,0.28253505105946086,0.11595336126756517,0.4808500548001966,0.2558748253009443,0.12797707346305032,0.24108375604055854,0.24655461953570912,0.1394611244888493,0.25586737906039936,0.5227299376495915,0.5163875822023336,0.01550662134022307,0.5920913087173811,0.03592345231212235,0.9179388103139715,0.4394615410924215,0.0,0.39690014894273684,0.29242164774432,V1860,0
0.16100538550945842,0.5145342423505981,0.3312041244022321,0.34460792082193953,0.670244206383426,0.001946755436838643,0.5094998468430181,0.050559671759707214,0.5524417941050607,0.5104804331321096,0.5988357341773067,0.5121224674168143,0.3390134521272099,0.51824488465586,0.04859766510058172,0.19182799980740606,0.6950024639883194,0.46593377499027566,0.5104000519581191,0.041165747224635396,0.8646848588920335,0.5862382806997442,0.30814100461750726,0.7520083315654471,0.41863843892178076,0.8506369763582776,0.6832024436719699,0.7082459597522659,0.2559337743223322,0.7124449801402917,0.24250313607995722,0.6800659737810597,0.77659249085192,0.5839026841444124,0.1471127406502903,0.9999999999999999,0.504063286661348,0.034005518389455425,0.20279073241437562,0.31262018501553523,0.3492864125584907,0.20061672251937868,0.45965898790001525,0.3536293702018396,0.6063494308146598,0.38459590634063523,0.3005927726867148,0.3470016624746046,0.9593977272143478,0.03419660637642119,0.1316138162521021,0.541913793288499,0.7763902903874078,0.22895451260389876,0.4074068730741681,0.5814694789367403,0.5621800863619822,0.5588496445666247,0.5365991446142736,0.0,0.9239907555145919,0.5479301661331242,0.31575097138507546,0.3971701201212476,0.6565968266096105,0.6949141773108594,0.47868533298464033,0.7238609866638708,0.8245978569003509,0.06337294300688878,0.4047372614915623,0.6414757312726973,0.24867307992516574,0.38650165236042355,0.6138974605931935,0.3640453057195976,0.12936119160348092,0.3136049668072127,0.779389351248085,0.46019629045587584,0.7168603528486135,0.7731951422141682,0.3899866844964901,0.17739751831221362,0.9466706549337971,0.4268078987626958,0.6263547205970756,0.23503610972714561,0.2092144370229938,0.4837259629625077,0.09971459828241414,0.5722456041094626,0.37942073953080346,0.5175907266328512,0.3101539770881786,0.48294290150558705,0.24083801817361888,0.5057349088447758,0.9666790123830923,0.6344051851099017,0.2349100483956552,0.02237486324121818,0.5734417737663797,0.14152515335492843,0.20401177531522308,0.3310719332218305,0.8879570649473674,0.38934451988607993,0.443205583286127,0.3009856967631048,0.16608198523552442,0.4432515062378979,0.4451980355431586,0.07352474367105621,0.5631772808188256,0.5619587050005461,0.2631975441825469,0.7017766914691301,0.6707385764477478,0.11969290550056222,0.3819858105968237,0.652247416688895,0.5813509274943173,0.7344219500943581,0.756890630455201,0.20973581349747938,0.29365502287132883,0.07434809108991258,0.7478510490075782,0.48306697215028715,0.31259766770970376,0.5481155134990107,0.6533098272820013,0.2558126626210857,0.5488768127939287,0.5953301952446406,0.48522180272951543,0.1445824616188709,0.2626358096075556,0.8594659631994495,0.46906728736353465,0.30903198970896373,0.4557502569972698,0.455731576495916,0.06623313230879369,0.7204101905119585,0.3056527065489837,0.26252017264333016,0.47287035911413255,0.1148531889630533,0.7985486563095319,0.6944280006971422,0.18187140823301995,0.2998555841018833,0.43939904005130526,0.12960800254518423,0.27287158206976314,0.3404639676321377,0.24955940501262308,0.43713201670951873,0.41057946487488883,0.3156640567036888,0.6025354363676616,0.33191595207974967,0.6291204813543558,0.3635753840353866,0.3772899738301101,0.5433213319882084,0.3753708377142442,0.5875583737347172,0.46206677325220435,0.2595076021168814,0.7694475828715541,0.5073995427359796,0.572439054653471,0.8427385788826482,0.20626168719153992,0.520151485304067,0.7152259769555336,0.6633735586408902,0.0,0.5886527184340826,0.7944375216163397,0.4487592863985732,0.7172480323457726,0.2812822009638207,0.5539047093290985,0.5464216500680235,0.3239840961343621,0.3144311584532429,0.409804876639966,0.6305023994932543,0.4006767990147466,0.44900593896427704,0.17976387786160153,1.0,0.3161195288234233,0.1506776038274591,0.5133728001387436,0.3948906047962897,V1874,0
0.5539691132205702,0.0268728049868856,0.3603236174689872,1.0,0.3700243178903,0.3438589329150705,0.6008794458288496,0.5044996936601684,0.8146050084695734,0.7986860464672769,0.46760655784829996,0.6874207379764536,0.0,0.20401196538526722,0.5601118022090592,0.0,0.008035850330549543,1.0,0.7635722540840624,0.9081855684709588,0.5175263819519773,0.6100048086188501,0.1686597414801092,0.7534371089770504,0.6908369706601525,0.6846013766475378,0.6483240325506792,0.6121207764326373,0.4472328906014944,0.5448595397205147,0.9999999999999998,0.8569137354237539,0.7719715848418838,0.8802158999426095,1.0,0.94328931690218,1.0,0.25436109015446284,1.0,0.6593779269337077,1.0,0.9812477425114476,0.18756395627183142,0.7097639603707453,1.0,0.13138239330625878,1.0,1.0,0.3691250531684399,0.9407919378984126,0.4571552725912742,1.0,0.7607940843721526,0.06081787288321294,0.6237123525516877,1.0,0.9999999999999999,0.9819449362254744,1.0,1.0,0.8335641862347818,0.36150323181404387,1.0,1.0,0.6438448175259457,0.8044209259291535,0.40615239778689727,0.0,0.4074678833707983,0.5819366888376702,0.6672079611718047,1.0,1.0,1.0,0.5619838541946511,1.0,0.8420696489422346,1.0,0.9387582641596497,1.0,0.0,0.8946504622986251,0.09727417981457132,0.27106571186624784,0.0,0.9673596446054442,1.0000000000000002,0.5887493062894915,1.0000000000000002,0.38721122565680366,0.5947445431789575,0.6071791781406723,1.0,0.8480236881008121,0.9999999999999998,0.6262639402498664,1.0,1.0,0.35837501021380425,0.9741655321563507,1.0,0.19540226592016374,0.5983554265472666,0.37574233276125923,1.0,1.0,0.715787129189853,0.9999999999999998,1.0,0.0,1.0,0.552283007570832,1.0,0.20090152076855716,1.0,0.1705720775536399,1.0,1.0,1.0,0.30885256418280704,0.3892405556968832,0.49270363129508254,1.0,0.9633367246271337,0.19458217086220797,0.4485899360680019,0.9999999999999998,1.0,0.9999999999999999,0.7157592696039848,0.4669690403281992,0.19936976173439913,0.6161008881695471,0.423547042057173,0.9436180251796225,1.0,1.0,0.2901383869454346,0.06918964093832258,0.2906811741659403,1.0,1.0,1.0000000000000004,1.0,0.18976677673631848,1.0,0.9999999999999999,0.42224486720876175,1.0000000000000004,0.27521700336423294,1.0,0.7603198085038905,0.7781285399168016,1.0,1.0,1.0,0.9999999999999998,0.0,1.0,0.9627851814022628,0.9999999999999998,0.9999999999999998,1.0,1.0,0.9896804354922164,0.9999999999999991,1.0,1.0,1.0000000000000002,0.9410495555478353,1.0,1.0,0.6126156198739832,1.0,0.9999999999999998,0.5061783463077845,0.3294874132060106,0.9935257806246192,0.7251722241149245,0.6281728265802384,0.8319254097062672,1.0,1.0,0.9070646908692073,1.0,0.2238604463496472,1.0000000000000002,0.9999999999999996,0.0,1.0,1.0000000000000002,0.9999999999999998,0.40153029797925166,1.0,1.0,0.712966389363345,1.0000000000000002,0.059911768378865915,1.0,1.0,V2133,0
0.26882305939500384,0.4360320523823167,0.6051418606854408,0.5150254338091085,0.37490125072294256,0.6949796747603241,0.8252536474469949,0.5742974694799408,0.6179246558229393,0.4304336263868547,0.27316469461553616,0.680558820000678,0.6352263775194817,0.7249324328184477,0.618925440760485,0.239103927784588,0.8962584052949314,0.6845744003834113,0.42917156713774873,0.6546802374933449,0.6155735762492252,0.37157982247696886,0.3471109678691775,0.5525539422596051,0.6219333418287063,0.6263130582461554,0.6171110549638801,0.1060327693183778,0.6028885208516064,0.20982130046124603,0.25200528159207036,0.605684518159042,0.7123729123917166,0.5386700422660184,0.3168329615747575,0.5151527908228831,0.3842107898629701,0.24116011539352122,0.42144735569940384,0.5440180498016352,0.5136096458431476,0.2721978335200017,0.32478385961618095,0.6711714636881201,0.5483612453870337,0.6772954409461847,0.5099173136388051,0.6841816199521116,0.7982655960480672,0.40374842788466747,0.38244745049610174,0.5487391157983907,0.6122003516468022,0.29569230341560804,0.42746507695144675,0.5462214251616784,0.7400926600703149,0.3790689017780206,0.6582152318632238,0.3899398504473255,0.9419625900033108,0.6216443729141794,0.3351304764384023,0.5007985139283977,0.5691966166682709,0.5192092254024954,0.2825689262830604,0.41810329023820003,0.8114259510590576,0.5791500975328603,0.6320361355314965,0.35357864265549743,0.9320450232941218,0.36099217285259655,0.718452724011037,0.2951474431959691,0.3047267685946,0.38734918928171425,0.4319258689965517,0.30893336557824824,0.741522502314611,0.6756007380438227,0.6513231621391071,0.3709614616413841,0.6906143412184007,1.0,0.3265856775073337,0.5502183879204008,0.4527518222110216,0.7368190187486405,0.0167666582794741,0.44589522566674233,0.18407528828635977,0.6466390869103147,0.15112649207012546,0.6970659233933305,0.2507164947496106,0.6417671498317521,0.1116582735889039,0.7181430917493574,0.5138269746208417,0.3519502386145099,0.5426835424137648,0.3373310482017775,0.39740202792087054,0.6983337587224798,0.6538969896925073,0.4252944895835394,0.8587451920570914,0.4724483138561695,0.4971102495081343,0.3164024799466949,0.4939337855015231,0.3621384197838715,0.46873207059217403,0.6116445215200588,0.11544927896392254,0.6584429516575678,0.4315256368870526,0.2728244749635049,0.11190795389172181,0.727015007308192,0.4194860098139822,1.0000000000000002,0.18365873325363702,0.35680576783221696,0.12299107931216113,0.9242480618573419,0.3501318063174187,0.46898003522757314,0.46932439712769014,0.6115879557802103,1.0,0.27676931623350676,0.8777161122352053,0.462704597817456,0.5759074094207799,0.4061652473916162,0.3438882062442996,0.7656336558298675,0.38539974123939125,0.6349671099228109,0.7288778124939745,0.4661710239097827,0.24538226532557061,0.6392690067603969,0.3242804763973065,0.28421262158838534,0.5045813662266414,0.3535380025325896,0.4836285452753186,0.3803153933622472,0.5325366535859697,0.4031834027536787,0.3805427969720969,0.3077853613551067,0.23395483719580978,0.43353647781335525,0.3613954027852744,0.5102886980603758,0.3731808476435534,0.12065385665515316,0.37332278615407866,0.6459408761551886,0.3917162149334525,0.40825180021223506,0.6257550105995504,0.4763451342460536,0.4912475386360027,0.13760964837274292,0.5282948596836987,0.32013555429430474,0.8219480175647931,0.4726381773962758,0.5460300606602233,0.6847800809121563,0.391709505404066,0.5686009301740476,0.27476626676855176,0.6158049900253524,0.16385015625315869,0.48370343554351525,0.5498422667245824,0.5445023385297931,0.23765170546429104,0.33036529194821895,0.3715720490965555,0.44345433318884764,0.38677289427016515,0.28943770179286465,0.6163727123682132,0.8228441897821224,0.5753434096304901,0.3961765473587197,0.174582438488331,0.938394882936533,0.3423263314908196,0.2584339471326196,0.5148208260852498,0.5646417426804775,V2241,0
0.7261664341568972,0.5575796807162261,0.7267008736245728,0.26041264742717957,0.5485654472294801,0.680355091892757,0.817027742336387,0.8595748076378324,0.752832348272228,0.037515199923914944,0.10120316837482246,0.8551473337588589,0.37928479508226687,0.5152243568266022,0.7545733160397265,0.21599723756729283,0.11057638799131642,0.424941466587339,0.538501630108388,0.7485375916423891,0.5510805634456419,0.5842962226717958,0.7253945060398816,0.48278627720854583,0.11552430316947415,0.7996886479762758,0.6191670623658343,0.09398286582780369,0.4289084056142718,0.3241632935275498,0.27076202140515426,0.5032019131249323,0.1618768039319367,0.46973270972036474,0.5276296555891323,0.6427407835218896,0.6016102187331592,0.30807692565021494,0.0,0.8266422778930123,0.5854262204131118,0.5132354667425938,0.468157600020771,0.7453339732324116,0.482451868957805,0.0,0.21805370308513572,0.47281796706532564,0.6829745425076564,0.3240093757354665,0.6036396854297355,0.40003712952812087,0.5356861405167925,0.5454756263134737,0.17196255302601682,0.660220184831604,0.720847827347212,0.6097048708770678,0.4387349930645864,0.37176820566924373,0.9519834759542138,0.1900919806358674,0.35378594900368,0.2707321530056899,0.49615769856654124,0.0,0.5978571280322988,0.22874459965525062,0.6830137154892797,0.6738555426932997,0.6011227098176666,0.232995190158249,0.3273158221169996,0.24042606830994573,0.5424567063237036,0.1016466247697112,0.7207395145705702,0.4080525822327603,0.2040934607523841,0.15645226549458802,0.7434933968980748,0.7254078785420436,0.45625070633228226,0.497664799340761,0.25486393685944675,0.36537896540119447,0.3098336853547179,0.6881740667111522,0.42096264745394874,0.3387775664882855,0.289440870597774,0.36579016048488633,0.35202178248280425,0.08502268086083498,0.23967703274885455,0.6322801159719209,0.06267462655916167,0.4112569422717631,0.5594582678185797,0.7502324525532895,0.4152992370977362,0.49682219598132527,0.3528672822236967,0.47154003782833165,0.5068844851470069,0.38340928457247303,0.91529626370778,0.0,0.4917488610944942,0.4533567609956286,0.5967806170458738,0.37879338951820474,0.5228802059179651,0.4329408168604232,0.16450952651048745,0.36014484713291806,0.09078823203986497,0.644929324972594,0.1560965862928363,0.4580023485516129,0.16585329265992543,0.5986097556168462,0.5758998452990941,0.8177861905279477,0.1738946982382017,0.5277382360865328,0.17881800542410464,0.7655588523688346,0.2405272633073232,0.8988529006186653,0.6457564197242736,0.43590730897551466,0.5298718319681388,0.5107741282808185,0.9896341474876298,0.3008367580671605,0.48410090891542357,0.45269648054908274,0.4278666039605259,0.2323913508609854,0.19339994167364427,0.6368062250516386,0.5452848046398433,0.05300209745094642,0.48675644418451647,0.41075620573008653,0.22298256332009958,0.5873892177963054,0.6196902719961184,0.4891806178773841,0.4857235368730679,0.24146352658881032,0.5620983168494629,0.5061573640762758,0.20633693185994284,0.4339760360520488,0.27924682361766107,0.41498346908226935,0.1595306233207867,0.5169600055916601,0.2989105186182419,0.1945092854969288,0.041279823338886246,0.15704815657719084,0.5513102896973605,0.3975673412115093,0.1947684717353404,0.37360097364965905,0.20503902013954378,0.10104832624201787,0.033930646382111185,0.2854692926147533,0.4336542937983136,0.22532317068248764,0.5038849960754199,0.607596670888193,0.3877656050768782,0.2742642336286414,0.0904979229290026,0.27318045438463456,0.5317376062411476,0.109309021095914,0.4295742789407009,0.31490185599790177,0.24734865210000578,0.434474190427542,0.17369494751904635,0.12330491790105036,0.40023214784386685,0.14378260586278868,0.24873962465420285,0.6863059191149443,0.7312933361341183,0.2889764722393688,0.3133721862884524,0.9710414074137029,0.1287540529878891,0.38438349857947784,0.22760547162127764,0.18409367203749083,V359,1
0.92474959204415,0.597578259641443,0.8210889227679115,0.2713182390483843,0.7275516023713322,0.7771074941500036,0.7949143476449092,0.5523069388556969,0.8620234355912556,1.0000000000000002,0.6485265536843032,0.9761411330134218,1.0,0.5873280973294241,0.8743643406161503,0.49506965553552085,0.513200479894409,0.7046661736458901,0.7774285987796583,0.8753654743767463,0.9066292280771666,0.9779254722686712,0.7503288277607787,1.0,0.8573987979711746,0.7745331925949898,0.9999999999999982,0.5369230477125937,0.7985195369273486,1.0000000000000002,0.36281784516196924,1.0000000000000004,0.6803448698519752,0.6048675655201614,0.8149932539694064,0.8334879538145291,0.8736685113921516,0.7394295788659018,0.3529834860554546,0.887458531905776,0.8771551256404431,0.8468342624548573,1.0,0.7047101257136612,0.7868517025348085,0.6503750539057442,0.41822365758514835,0.7673931279860993,0.8497960433252277,0.4325590980926046,0.7403045755238296,0.9736187077976375,0.8971109384335392,0.7655517848384594,0.6584997619027462,0.8376107708559637,0.8650180594568201,0.7738243029961156,0.7601483376144315,0.4537030458881377,1.0,0.4414191521861952,0.3316265124681066,0.7883057954142032,0.8953062484441752,0.20685059436736464,0.7649397089850432,0.5225004389388035,0.9405402718791902,0.5813080375509703,0.8903377063610862,0.7774106931483526,0.5295467789174035,0.5374112948594306,1.0,0.33159036034347156,0.5054251069724272,0.6440576055867062,0.23126865003292707,0.7279876621546506,0.48211636759074183,0.680501306953672,0.5799091888101393,0.8934871822274122,0.6824502054501833,0.7531155921579082,0.2208693580130192,0.7503641046649214,0.5588536434740714,1.0,0.6269425239773712,0.6494979620623695,0.44278150994039145,0.45770807870076013,0.285059197860258,0.9236705426997023,0.0,0.6549015832067422,0.9999999999999999,0.8030003307184219,0.6427016185015719,0.6841261280371427,1.0,0.6879774562061733,0.6437007379953408,0.5876033096518591,0.9356014870535574,0.3610708182382261,0.9281840486240163,0.8666254098767201,0.4248313045087819,0.6427921825501501,0.6415482693061487,0.6920722095040599,0.7179845970101253,0.9999999999999996,0.32983761635133035,0.6736447216828427,0.8167258025594988,0.6823408244179081,0.35518343513171047,1.0,0.7782880225014429,0.8316326800242866,0.7353766483881512,0.8287377002014509,0.5319199943332962,0.6484949399738458,0.7254640941499003,0.2915479829732748,0.732059469645872,0.6417727197802533,0.7216290791027378,0.7217778547537872,0.963657701662509,0.5773053560010699,0.6802177065236896,0.7730211660822501,0.7120605720553499,0.7792005272829814,0.6267192049473769,0.7247949955747481,0.7078251336376913,0.42458150614738877,0.6616224459762652,0.5483252021683465,0.39803810612973123,0.864662538114878,0.7086181360848354,0.7201184385370549,0.6022057446434466,1.0,0.7796409736659307,0.4576500482098149,0.444819132662281,0.9565860013672989,0.7291450769735712,0.8245417992365969,0.4076646860050288,0.8178967600320535,0.784173262053127,0.5645757065161947,0.8483562300799523,0.20979774650639538,0.0,0.6286482206245356,0.5539339897065858,0.8204687688150898,0.7479173355341742,1.0,0.33992449343151354,0.43913944369492786,0.5958400059841622,0.7691994059318197,0.6763165238113868,0.7294631855677283,0.44799223311726855,0.7900125070934201,1.0,0.9999999999999998,0.4461587662209867,0.7152960191541498,0.411368244798318,0.8844705747681045,0.402355613590506,0.834564834271756,0.5937762514263565,0.5510535114847621,0.7902055324674562,0.4823702395831111,0.6342126789490095,0.8185060276833006,0.8899964619542127,0.595648673193258,0.49422224527925973,0.9442005955807418,0.8832362749145082,0.7132129056462748,0.3530154973854005,0.5940323529570253,V406,1
0.9226061728955672,0.788546955407134,0.6328525884946661,0.36201283764459763,0.7252231092995125,0.5561222361869884,0.7101424395875617,0.3019632160308632,0.8939021916570359,0.7021365710942098,0.9773023944759416,0.7962895436314019,0.5994626470096929,0.6825591667932858,0.5503880689737066,0.4014344247119136,0.5799272264726199,0.815832880156445,0.5739138937741546,0.6123899687428924,1.0,0.7319124297768331,0.4873005795244012,0.8177529853197223,0.7620721402098549,0.8287704929201515,0.8279808334395806,0.8696848145187746,0.5393833128061996,0.5833488320923581,0.6677512109501158,0.8364391011938479,0.8898675076338032,0.5438371095902941,0.9151119038501506,0.7096089327558587,0.7829592016210964,0.465034973487902,0.642587495922637,0.6141428409231242,0.7044902516260807,0.7466828250100566,0.41626706310917516,0.7542897899687677,0.269834446673495,0.5557871637037051,0.4610140307815971,0.7863049301532214,1.0,0.623151526984361,0.38371339064423005,0.7430597085574533,1.0000000000000002,0.4426309982100918,0.6950899407257554,0.7900083583364204,0.8683357270377402,0.6356684475438608,0.7045888688512684,0.06167426661151376,0.9376175437262959,1.0000000000000002,0.4309431817780407,0.02970768555805514,0.7722993090877086,0.9999999999999998,0.4726321043506845,0.5510511688108091,0.9976267139185344,0.5243204812319888,0.6300752903837821,0.9784900330203543,0.8297563694358516,0.5291340056323478,0.8438888816190673,0.5204729630788005,0.3236270905511862,0.5755278859613542,1.0,0.7519898881467804,0.3517573691527973,0.7657198501694403,1.0,0.48677679762921144,0.802593941457157,0.5152502993237091,0.5339386118632954,0.3048640801885867,0.30894464857626214,0.7270234481302245,0.7090520326337579,0.9711020351277799,0.6514720812775568,0.9999999999999998,0.42059862283955374,0.7238680020024446,0.46395166236763713,0.8341750522193667,0.7361054075116292,0.962657569950268,0.5817872431106461,0.35940703282434505,0.6944972373015146,0.3818663457668432,0.6446467564167819,0.16666605376305232,0.8983190862778276,0.6634790957290528,0.9400792145550585,0.6000799018042535,0.307757622622141,1.0,0.6452091760145491,0.38002815989549177,0.6995132908095938,0.5946430434877161,0.45426720516938435,0.7324857816754613,0.6989162544273517,0.368620829986833,1.0,0.7705583846985613,0.9390658390721965,0.74305855527302,1.0,0.4880834547922124,0.5848413739647562,0.18998767171834086,0.7422141381381496,0.4344327178033436,0.39471360741301,0.802198624992461,0.9180582292108976,0.3729308797029667,0.5991857348234337,0.976233599729674,0.6196192283621689,0.4167582033427042,0.28470964577062396,0.38124615284235075,0.6762000489569617,0.5849406339925851,0.8076732815076224,0.8252201259931018,0.33978321237462517,0.7312846648132775,0.30911093112345067,0.5572243668471657,0.8111669460541235,0.3534966224338021,0.9013348023896697,0.7380955415107016,0.4527708968104083,0.43367544350863874,0.5334957003355787,0.1616581970627866,0.3994391083707276,0.5994502965153963,0.23554652761365524,0.3860371576719652,0.7546057629126122,0.310991044632835,0.8277134505645556,0.5194473358897682,0.5553213487557991,0.6571963608605982,0.5434856112082449,0.8088202672375857,0.5945151579275716,0.4011409224312552,0.5596450151513948,0.5951944683033483,0.8590171490608429,0.6675613966106688,0.6798283783028947,0.7595952665625187,0.9999999999999999,0.8151414696890393,0.8999393925683155,0.7100447877093783,0.9135820687213485,0.7370363069807899,0.65205308214676,0.7484114942717826,0.6567990286136218,0.29934093742141776,0.939254830465653,0.8647857025959911,0.5980700099073575,0.45093959583666443,0.9715358350580658,0.00040618595305524257,0.36988457123946095,0.4262551881953614,0.4939564012041675,0.8502938962631088,0.4550085992924342,0.3340566908033331,0.6137314022613367,0.657882784139967,V456,0
0.3919082830933469,0.5981438797824303,0.2840031837267478,0.38048396233499254,0.49508077869804623,0.27333055805164186,0.671972346691444,0.26149216809087683,0.6040552741563505,0.38423942028732916,0.11303790194392072,0.5894936442898029,0.09310766967429984,0.4452485475889789,0.3569539007882998,0.4576821301811055,0.38924262599285875,0.38789150563088626,0.629616997459225,0.22097101562802735,0.42934731884278055,0.5119539703624518,0.6142676935203717,0.0,0.8258645251747632,0.6162254633616726,0.6298062244187825,0.1374520972585831,0.40169943794099083,0.0,0.1336215422275373,0.6191387037331277,0.035180667902868556,0.5630707637442529,0.41825968127305646,0.6321823058654249,0.736077538480387,0.508979466285779,0.11346138769636971,0.43192997416388224,0.5288317740657851,0.5234904283901232,0.0919999653064405,0.2150951879739269,0.22492518730809996,0.34535935883329705,0.28389827298821213,0.5383002959186642,0.4913402196313902,0.36540674717970223,0.43085286764402575,0.45856718464112234,0.5226300791406728,0.36580518000697815,0.31909067480130726,0.5666558638506816,0.5885358777947042,0.8023776050018001,0.6221571311769553,0.20417809941469223,0.9391064535559617,0.2896499653979232,0.3651053485731459,0.029283422713668572,0.5276822758952862,0.11428793269455007,0.5762868890854094,0.5430407238809467,0.7254395408144072,0.6601559588510444,0.7948106397122663,0.2100782135822028,0.8493729502312004,0.42123744372816485,0.4956214095943743,0.21363267308996692,0.3196181887869862,0.3609277315172168,0.245023432760739,0.3257448485399782,0.5432423568519118,0.6143689638953128,0.6098066420451045,0.4056618317620213,0.38180662836070267,0.0,0.3777657588697345,0.40261167998461467,0.23680414504728686,0.5094250443161457,0.48490643983467296,0.34680706856342436,0.23136401811944773,0.1427383912875373,0.309801801902012,0.5911309059005228,0.34885489588556756,0.4169975558323826,0.7006796797235203,0.6776438799186715,0.7348894318194388,0.3689410041755572,0.5278766998592035,0.38860906021504604,0.5190493265255185,0.37656609785690776,0.7125792094657102,0.3096100854789721,0.6462303857656191,0.42830806493878093,0.292855817017581,0.17059855267449553,0.44160570375668806,0.38029475326146134,0.46658446107296303,0.23469548293584852,0.2307147788397077,0.7649007285679397,0.7254045369002364,0.43064490655163823,0.24440080613628767,0.7530988602095166,0.5564883166016051,0.7425409639170144,0.9868578187153196,0.47049470433439744,0.11830928798540463,0.3899569408354644,0.2501781641873423,0.3908132963960128,0.5618122732834561,0.4373078165826899,0.36907643186212447,0.45918657891759374,0.8299816601069578,0.6886563615843415,0.4431501629139909,0.3704999851901718,0.4853220908448428,0.57918912854462,0.3306523745087935,0.5456326608189261,0.3782453640789565,0.25658059439294156,0.3567197196415517,0.5089236314947188,0.17173309997046593,0.581681132284829,0.4393749464856844,0.3753333741590854,0.4805785635091113,0.5068804040291397,0.3913437721517905,0.18836485935842617,0.2721127795774878,0.20941418518236699,0.3431526879001885,0.5017370814755573,0.38867044615715063,0.627442498530475,0.5359289536120235,0.1578361236494097,0.4198056918637896,0.387208245831542,0.3582332209035605,0.3362715197635717,0.1851030326872869,0.5374280247540129,0.5379992423727751,0.7723006250623676,0.7543395701110693,0.36939982269549,0.6272782112059905,0.4079279304924426,0.4923216132528665,0.5541950791634651,0.7118736220446683,0.4076939874119261,0.3672497662515086,0.4946957393258813,1.0,0.46001384496697995,0.586297978817377,0.5534887370949075,0.3789998863761229,0.41025172706652313,0.3987445988357614,0.4877679453887933,0.5142333948874134,0.24007613714147613,0.5523874302649123,0.6237243914801104,0.5080232414954087,0.493140372208223,0.26369419054572063,0.902884766085756,0.2930782543999445,0.39602874099409924,0.2548908506808698,0.05687853075557969,V513,0
0.6281108644438778,0.0,0.33973114240829716,0.22195744075492657,0.793005416083729,0.021547155529271222,0.565395304571322,0.0,0.8690883655308089,0.6024877093155563,0.6433962714646349,0.7310248540961033,0.36543638339185236,0.5749616993271269,0.0884962768686659,0.6026953785876853,0.32854376346543646,0.535936256873772,0.6035343298915771,0.0468977202609544,0.9044181419128465,0.5938463970317649,0.23030451508876126,0.731726040208307,0.6037931115084794,0.7124898943131763,0.6736305286319251,0.575421290028598,0.049196911738409455,0.6759408562129996,0.38337726047644627,0.8974793907753384,0.3919469539801197,0.7602549379445787,0.41774783418005224,0.8003274582948811,0.6984969128251265,0.0,0.2190544236598737,0.11997916068768522,0.6770661520272343,0.3871803877653228,0.6432370035107673,0.039132018463440055,0.8003031348885972,0.31744226547916865,0.2338367798596649,0.20568886461108438,0.6417621914851547,0.4953586149452023,0.06734095585458455,0.6383043118938527,0.6442739817773844,0.13296713254403691,0.7649163795656924,0.6462268849172172,0.45152546966788887,0.7109532882605907,0.28045915079392036,0.02243733478186627,0.9265606577077632,0.2895883348224455,0.3030330383428156,0.7192962137836996,0.7968817146686806,0.29918341542502747,0.3564202252522666,0.48247981203709056,0.8452670514694138,0.40535155483826024,0.9340237058145155,0.6233797337353328,0.2653139062670664,0.35227394119637256,0.7086603260515902,0.3209754200275501,0.0,0.4376397504778806,0.22886742809743943,0.5564519983182501,0.9314254079353539,0.5138087819850801,0.5075237558573775,0.12246769420264592,0.7303800019578075,0.4693766448520869,0.39718786559764996,0.0,0.28523962149289606,0.8246779961757253,0.3235837247176314,0.5743573466383642,0.2274063635910234,0.6447603164751536,0.07133405015024902,0.8685243102440032,0.21123117495380023,0.5864054519360686,0.8395405487724324,0.8084325256268556,0.532791858238403,0.08441203458313495,0.7919380369773155,0.0652628291327737,0.5381282135435757,0.2782327954445859,0.918378941058948,0.376706315853294,0.5981290865838238,0.26228018757773874,0.0811031036178047,0.38801595212928985,0.5658913297480153,0.04588836211567404,0.41413595627194777,0.7874029925180683,0.20648798434888782,0.870802107848808,0.7805352463953179,0.05245402744826855,0.12202905535038377,0.8308844672054612,0.45418221114275126,0.9160544093041673,0.5721068798010422,0.12683870249220952,0.0,0.014677650244608209,0.5060462928400736,1.0000000000000002,0.0,0.441179887522967,0.7000737483235935,0.2509246745796183,0.5338262053828746,0.5218857896853741,0.5269165793778576,0.08724820396672861,0.24559654932092734,0.8313058875210051,0.3602128975699017,0.10046225783456553,0.3186824084123874,0.419950544378368,0.03369112363309412,0.5190776968633675,0.2978032177981512,0.307140048598014,0.5814093719615259,0.05855146000051903,0.5803047945980864,0.6803245198275141,0.176304050898775,0.024403642016729066,0.23797306120481498,0.35813675562008607,0.16110159842447547,0.31032028166519154,0.2606825523842051,0.7464954480252572,0.41465176677950155,0.33987042608291373,0.47006858806455476,0.1887498324901158,0.4478044717350194,0.2932630432716108,0.17268337661010857,0.5266049451087436,0.5329637789026707,0.7985618938588637,0.5691708803659332,0.27462610836890544,0.6126817694734057,0.437653437830956,0.5713203553153681,1.0,0.3395939434771392,0.45927201743906343,0.5730967356427943,0.6030941523295457,0.8978578624208076,0.48289284774430374,0.423869177389828,0.5649038688827179,0.14384920501764975,0.17487019473823473,0.3528149643334657,0.4726924109706201,0.36476850473131694,0.25306091963940824,0.6844893956069709,0.0,0.3422985681406292,0.35153381769195297,0.24425704438530094,0.9050698906423276,0.35681209184490525,0.1272956558724978,0.36892603816957115,0.2682211498314806,V624,1
0.13534623200799878,0.3731540649328853,0.23144936749278067,0.3936495871596724,0.6735096805903027,0.0,0.6307309014910529,0.016761692757675917,0.7452768285804549,0.4304104463988567,0.5766807552625544,0.7005776127674439,0.20143214533161924,0.6073817729915605,0.0889261387766016,0.1394484240029381,0.5814270017849363,0.43041496496664955,0.5617030852235697,0.03731471672958975,0.7199986370932243,0.5384015149323487,0.35793232196318847,0.12990552463604121,0.5690342638792261,0.6912261948880994,0.5400076748559108,0.537056579942587,0.27776998122523366,0.1719642194890142,0.582539333186495,0.6127023350573189,0.23269828110319968,0.5466634573841049,0.43968751118194616,0.6090247432804033,0.5326086675183443,0.5922897188187868,0.23296337135810052,0.3237913907467558,0.47295453548581623,0.5487388563521769,0.05863475338094304,0.03751943973042948,0.5030507707737586,0.27540185479749457,0.3214398654162619,0.23589003701170164,0.58390613066171,0.3141725734374239,0.24996081527675074,0.4425402985231397,0.4485096793887613,0.2706093088346364,0.28239439429380786,0.6399501927584073,0.4436079072768785,0.65146132617357,0.0,0.009346355708722331,0.9000262793472775,0.38085594827690405,0.19781542750749695,0.2059605006047745,0.6329795107481484,0.1519906571591798,0.41873242392610255,0.640025751932491,0.6164859189165357,0.24816162772964567,0.4931306515784257,0.453417982332744,0.2986505431108286,0.23988286505714906,0.5588950628014162,0.22618894161064595,0.17276508164361637,0.3765875786140276,0.7088070668119144,0.4987826793002501,0.7893488816730199,0.49269673484611415,0.9888454640008986,0.25317009816627056,0.6391970720577422,0.8346231842187533,0.5786035040897091,0.25701095113563355,0.28124272910374737,0.48409357795707475,0.5574465269241504,0.3097074732214704,0.6719240755385282,0.2721441983105437,0.36856131621620125,0.750497152999319,0.1852334256573807,0.38168334492698985,0.6182805820241585,0.7062809283402749,0.2751355029366227,0.19844307939650108,0.4566465497037937,0.23240452242848342,0.47649156724133546,0.5361992251125771,0.533577515508187,0.4401173678950004,0.42647710668269934,0.39222609629295135,0.14740207274335404,0.2251061701336381,0.3723028500620025,0.2593200039429586,0.26847558924978054,0.4118360949750861,0.11604513853531628,0.6572269803222461,0.5173367088560001,0.20960224583225617,0.13206615491046403,0.8260509244508851,0.21071081530627334,0.6455258621164647,0.6432614107476005,0.291280341311861,0.1422843722728473,0.11963489606744249,0.428420994364488,0.3789030078605302,0.33827168401410734,0.5740846399527385,0.6158912371712768,0.32134209391880475,0.0882717474190442,0.42142542471055533,0.35122952027587173,0.25340445177510773,0.3167434565103129,0.3926853978971898,0.32175954976523613,0.2838677558301894,0.3080374427738142,0.24999354646986394,0.20659183199553155,0.5953841647776494,0.35974990779045435,0.4156962188643414,0.31251298318212317,0.1988024664655459,0.5030820359808337,0.6059283857111071,0.26363404284106373,0.08674280439015458,0.2145285715971772,0.37727878490287736,0.21757929935900133,0.4046700811207202,0.11404512060371896,0.7054753546638852,0.22067461693163382,0.21696482728955435,0.3148205081288644,0.08655374662319448,0.5195396561694314,0.2638192417128984,0.22564299943847788,0.3061442469369895,0.49213875368185866,0.9071719524663093,0.38604852064319206,0.18796702230683415,0.48598569511041084,0.2802756087744034,0.49310968277787137,0.8134643399198418,0.40280643245713177,0.315833551193184,0.16718210911942233,0.47451771173119095,0.6745451049804176,0.3707062632022593,0.537768788252726,0.4189165079239201,0.5249082681355959,0.2832758275888754,0.41615048130568666,0.4755242731768301,0.4254892960531942,0.22971367796707787,0.5147524894113329,0.5198374265161237,0.054761458243948624,0.43387963673972313,0.17291879514368436,0.8972181276806321,0.406584653100294,0.23184170790290892,0.1772690200860665,0.2806466049180405,V630,0
0.09081771605528388,0.9999999999999996,0.0,0.06875541726447582,0.0,0.5414391231196678,0.0,0.6203375821948818,0.0,0.7294485625459117,0.40119014169557055,0.0,0.28989932040902566,0.0,0.8782686532451933,0.09130400812330874,0.9673813820404575,0.4666804764236874,0.0,0.6024402219591991,0.0,0.0,1.0,0.26267439406431503,0.6239088413241358,0.0,0.0,0.0,1.0,0.45428419349537075,0.0,0.0,0.4662672689239784,0.20240570395589952,0.0,0.0,0.0,1.0,0.17846367844828137,1.0,0.0,0.20712141599535183,0.0,0.014432904591227924,0.0,0.24591408278114524,0.15970834602761075,0.0,0.0,0.0,1.0,0.0,0.0,1.0,0.3145812703170189,0.0,0.0,0.0,0.554628479900608,0.027734968526161197,0.0,0.202361314197246,0.18538959216558884,0.0,0.0,0.07664073733892263,1.0,1.0,0.0,1.0,0.0,0.0,0.0,0.18331242823115534,0.0,0.013577565143839898,1.0,0.0,0.03482620593318497,0.11860903012929802,0.2381351086471959,0.0,0.0,1.0,0.062976411839899,0.05764394393542449,0.0,1.0,0.0,0.0,0.7175070032225392,0.0,0.4331978639931857,0.22755520996165823,0.0,0.0,0.020523919122349743,0.05472808664854645,0.0,0.0,0.0,1.0,0.0,1.0,0.0,0.0,0.0,0.021286418621385694,0.45501266849948485,1.0,0.6498962795717738,0.0,0.0,1.0,0.26518289721906596,0.0,0.16837174663422827,0.0,0.3950792501865883,1.0,0.11926623230785705,0.0,0.0,0.0,0.6234829151299215,1.0,0.05176202745025438,0.9947347944055984,0.0,0.36369747567520305,1.0,0.0,0.0,1.0,0.49587125387840914,0.0,0.0,1.0,1.0,0.0,0.22666314818862343,0.9044215291226356,0.0,0.009841220794686967,1.0,0.0,0.3525044122489126,1.0,0.0,1.0,0.0,0.0,1.0,0.13017030674915642,0.0,0.42691315574650757,0.0,1.0,0.10389345638562375,0.0,0.0,0.10403027475159954,0.4896282458437451,0.26331685379740466,0.26589028153555755,0.0,0.0,0.0,0.0,0.02674192267446629,0.2402060359310365,0.034992187996481405,0.0,0.22819463158260245,0.0,0.0,0.010619929338089307,0.0,0.2889768368811305,0.0,0.83426724203884,0.029601545004937613,0.0,0.0,0.0,1.0,0.0,0.0,1.0,0.06513013735117834,0.18885295005817615,0.47849804692236914,1.0,0.0,0.0,0.0,0.03597506861273514,1.0,0.0,0.0,V637,0
0.6312130908048985,0.5936292703412853,0.7207896830456466,0.5753844599566593,0.7937297751967833,0.6414295843020099,0.8867009481590071,0.43848756715346937,0.9004745372601907,0.49978123724779167,0.6744901649668291,0.8184048128665622,0.5356481871266681,0.7933483190193518,0.726113541053989,0.3893523114409724,0.7397832367783401,0.6699232800149368,1.0,0.8711698651293531,0.8597526600977283,1.0,0.7452466598658738,0.8269861378611472,0.9999999999999998,0.9686529109316302,0.9878240705004142,0.7356687483227065,0.6722819141183667,0.3766482470523007,0.22677774878033885,0.8727750969738133,0.46021859200910975,0.5841539732620884,0.7441098888986645,0.923220216209583,0.907631255041518,0.44069563700572845,0.29899597084104945,0.6205564773158425,0.9044456607497366,0.9426651930801535,0.2335648779593118,0.8027710973963575,0.6534101871677351,0.5896994023417832,0.6403081991951842,0.865511813478653,0.8700423396622153,0.5824727025606635,0.5811747149807367,0.8652250279903431,0.8617751710263497,0.5854944538231432,1.0,0.9382040475985098,0.7520880346826103,1.0000000000000002,0.6996420648511245,0.7077416148282794,0.9212232487492185,0.6198629946833438,0.6763323202908127,0.5256085629800591,0.7658633762831233,0.8086680983501815,0.6389169618448465,0.6489950415993535,0.9213153087083672,0.6484180800779473,1.0,0.7238919627100033,0.9118141678304479,0.6821442835561368,0.681816006518345,0.5061165567314363,0.36558069901902,0.6344815407047246,0.8514824111435608,0.6342809779427621,0.824175702238751,0.9338101595810496,0.6711203875174272,0.6004353970661604,1.0,0.4142625962412592,0.7687738965378001,0.6028510968684913,0.514316864754766,0.9599058239482474,0.3442760521150987,1.0,0.655170074024299,0.7436808706692732,0.5993680645350841,0.8842353216988688,0.5931007656920586,0.703248461970571,0.6111573921810775,1.0,0.9571123151054883,0.4757042318936868,0.8812857559045781,0.5538453534885281,0.816919886654516,0.6771179453324623,0.925695401897936,0.6117769795059558,0.714583307551786,0.6105433410537664,0.5396428933160156,0.7854924037877034,0.6757232589203856,0.5585682003054977,0.7821981988963058,0.5075090149060673,0.46897909641086866,0.822324206392727,0.7666368712542964,0.4820010645400892,0.1911324724568153,0.9647674111971378,0.7714856820100856,0.9742662854499932,0.9499109396308016,0.61542459552334,0.42691586473500376,0.40717772761824067,0.5403806044164056,0.5355808022806009,0.5303766993310726,0.8128930123938055,0.974743865755149,0.481257869087484,1.0,0.8665119429507455,0.9224243329874398,0.6354660037166067,0.5487268586114027,0.8663504103277164,0.6271965022144856,0.47625087524392207,0.7149735992631485,0.5876553637429078,0.49095231036343456,0.7670342123128505,0.4695074539482834,0.706012722748957,0.9424742998915172,0.4990325747452644,0.6916278239434908,0.9219493716466127,0.7073796967713637,0.5313570531221989,0.5360485119586449,0.5632020408259524,0.8764554219302647,0.6704120783761525,0.6272317475737754,1.0,0.9359801167538155,0.28132204611551814,0.8634393171379777,0.43039455981551766,1.0,0.7125309233887842,0.6140393005387166,0.8120154711844152,0.6885852486279334,0.13046754641294944,0.905648522515957,0.39762046871166046,0.9384239170613131,0.6864579216288402,0.6905623947943302,0.7270155364063249,0.6494745240976004,0.8312751385050237,0.7985946197864422,0.8066843244443385,0.7108632636023504,0.7647447487270558,0.8337361357750139,0.8996208384907582,0.7105508437800943,0.4987894120581178,0.7295412073185685,0.8135859292114529,0.627450615920325,0.5426511022257277,0.8688446496998186,0.8505952756776255,0.29349371291829573,0.6110486933469808,0.5560035724513943,0.6932605045994358,0.6893150138537658,0.46760918661491147,0.716788795273744,0.48024207293459886,V716,1
0.4493171284978059,0.3039678153710601,0.3638196115094434,0.30831590865891184,0.6143601039027169,0.17602142552048328,0.6110331272017,0.09241554116784201,0.6403735583173591,0.3014924989707366,0.539134160862055,0.4549298700066289,0.4334702565861974,0.5348828824685501,0.08226939548776535,0.22513478856056957,0.026774527718355756,0.6354991501818805,0.5580304454821069,0.2849623297045376,0.6383801005296603,0.6610239735795105,0.40745647374729543,0.7752901622097923,0.39788667913367526,0.7218542426120036,0.7235700600977193,0.6450906087241961,0.490305990456795,0.6470186462449747,0.6494065514356151,0.720633800713304,0.6005195336144997,0.3522585923488344,0.3093373811880835,0.721871780711059,0.6532107048172497,0.23920520155686686,0.4514062349461927,0.4528338049571916,0.38472949582813687,0.6213236558851651,0.23690275280241746,0.3031629288771738,0.45866699186892435,0.6732743772360612,0.16878129705247502,0.28341511417553544,0.8587794448142855,0.34792944064940157,0.22440588623996938,0.55956249144218,0.5959847125556359,0.28797609860880335,0.6307648202710692,0.7805070783298129,0.4647983619536845,0.6543622412474264,0.7583667429370834,0.17203797981270874,0.9262236723522672,0.6506667194742382,0.4452509020314406,0.4107584715130233,0.5427088718193072,0.6796179400653217,0.503786723006681,0.3162758279957245,0.7930552727991786,0.39091883906373415,0.5735359861495266,0.5095840555748996,0.6422280597466918,0.6977488414185639,0.6110806011869805,0.4870998323034945,0.12400330735817278,0.4528650192946815,0.9761805845237799,0.7812697479415356,0.45916698054301275,0.7578937551321625,0.7539444459189486,0.2519879895635686,0.5750619430107831,0.4291024230928661,0.6178842324480611,0.21700968595454562,0.5053709205475834,0.6568736752967963,1.0000000000000002,0.6370231305986751,0.5757219878830865,0.7558498928910502,0.5189412916655161,0.7628563253637464,0.10123182797390318,0.557230303823772,0.9639207612846982,0.6869223184983162,0.274498534234378,0.18008147515827844,0.5764472436700201,0.24931351642475796,0.5076819302119482,0.4206132179352998,0.9460500769436906,0.6037125149172431,0.7763066604476008,0.3507580685175906,0.11654728039825812,0.2935057789879876,0.5455300786332957,0.1708517918027681,0.6916293290309534,0.6860171185265327,0.31412667769039393,0.680267174529892,0.5434971847870118,0.22753205097752804,0.5276970303106694,0.7231118631785041,0.5088462831791111,0.6901593104492966,0.3834449074746551,0.3328763592542199,0.3808472156390912,0.25048428581247295,0.4896757741531149,0.12412819804012323,0.2779439302580977,0.2897250387648199,0.6836263645207143,0.24926764610822794,0.4917688696659104,0.5945736530059773,0.5485940490008252,0.24449093142636613,0.18856953929244824,0.8269917455077322,0.5192476716076575,0.3399832890897221,0.478758918351998,0.5731738921388205,0.16159679799201498,0.7203765386939399,0.31260106328445436,0.40190218154281787,0.5321651106049243,0.19044288872801474,0.935053882657821,0.7876207639455934,0.22719350238316594,0.2369485975043597,0.493301113661178,0.17755546090268082,0.26994926584760526,0.3542818352442687,0.44614733688162556,0.3852583696571821,0.21248239232325528,0.34721753173213754,0.7588039162247604,0.3464462051409585,0.6939482907416923,0.3507946351746698,0.2672040158215103,0.5033554637762081,0.47771979621670924,0.6363483791847477,0.4831789421470474,0.32171518356421336,0.6104446490225017,0.5996010609338112,0.6686613954785494,0.6957389424079188,0.6089818364377223,0.7191584955127954,0.5426213982023667,0.6329642844202878,0.6279126019499153,0.6600128272986163,0.6513938178248657,0.700175520902695,0.5981919437705541,0.22326979337763753,0.8734466517087862,0.6905550309633841,0.3602362676040407,0.4398174558431944,0.8812377516119927,0.41793531304941517,0.5967116433399031,0.536942694285413,0.32281803012791066,0.9133763521941236,0.6241067030253469,0.20631240049881683,0.4182020006593796,0.36971777121168614,V777,0
0.5951748841635913,0.4630375750911697,0.4125430011656732,0.5151423627991694,0.8172965968926105,0.4784638213568204,0.8473424836617025,0.2117349055019524,0.8762298661358644,0.573154517087276,0.48495964194985053,0.6069016162046244,0.20760295213200664,1.0000000000000002,0.427457594861707,0.20952958537467026,0.41462999445447757,0.6055665225471962,0.5146755104458706,0.4524968702447545,0.7295454049480177,0.6181537586107737,0.4502405795054827,0.6495295049500767,0.6033712080194704,0.8123557811530421,0.6173261904919389,0.5267622319030512,0.17110168684701588,0.5780055803447102,0.1289329685534688,0.7776122866626869,0.5607132991972261,0.4321460560903634,0.7504692829013025,0.6167570719234793,0.7328585929137736,0.2402610853655931,0.31745572190028426,0.6918328156229903,0.5166122878861295,0.35480099680046173,0.29806386670611307,0.21619441217750257,0.5457814241231822,0.6187503064355138,0.347421181030101,0.5952437353841704,0.713795673798166,0.1870574250481425,0.4270618159296049,0.5890840623546945,0.6076100252809231,0.3904017748817008,0.04450096280238358,0.5370891776753641,0.5867121185237275,0.4969948890387938,0.15975965989568053,0.35581130993626786,0.9613653770579238,0.5013184711389764,0.0,0.5898636517729479,0.6187604297850897,0.286489199899143,0.4395142756990946,0.3392858770693046,0.8484345462598406,0.33394966387031033,0.709593452063003,0.4641105685266895,0.6213735220045595,0.05261346814324763,0.7674449467095021,0.24597092697007428,0.2669776901092602,0.39239091703736584,0.32470869843701866,0.3886988948008093,0.8341326475280555,0.7469480866774583,0.8566768146874981,0.38193145698125264,0.6351341169029694,0.3444325722411799,0.45004946630521725,0.5162781754212329,0.4851989902622771,0.6006270382656917,0.19262265316254168,0.38031923208442997,0.47899066860875106,0.2785003295190098,0.15961472616930827,0.5271780494006215,0.18984853089349746,0.4336347380158614,0.5629393964334116,0.6400085291228588,0.660361820248498,0.29296090236941374,0.47800049351516094,0.3103292405180067,0.44477762768419815,0.3824411786659212,0.9186866961831734,0.3027004599069076,0.709961005186559,0.4217647472599406,0.40559211207053725,0.35674865673145906,0.4481419038432417,0.3511679616559267,0.4479769985591959,0.29612263950534423,0.14234910592826377,0.5455639123287388,0.4630823482201978,0.4065927999476795,0.592446966705714,0.678863591299824,0.5530004644198655,0.7604128474837505,0.3242843058518641,0.4014367571985922,0.1138609411682443,0.6335358478053648,0.4919288423478526,0.4488557281954263,0.460023385486231,0.4296389339097527,0.9227781562814363,0.27026152885673227,0.5785615234600843,0.5360670069551849,0.3517952649106708,0.37625912670007367,0.35266824031216615,0.6468339010612205,0.3242029858998201,0.24422343634698862,0.57855670235227,0.0,0.23487772955543562,0.35543329359430054,0.31339618819920123,0.4485426551307423,0.4821086387734197,0.33148821723778354,0.4737504959863139,0.7014562374693352,0.557197050715537,0.16818222098420854,0.2161469356474779,0.3294074320118314,0.3116670461810971,0.4330999277587484,0.2782458108958572,0.6437442208556527,0.44183712166432243,0.25397765079208323,0.42674031199408624,0.3234192453679945,0.18030039137009812,0.25685017320770154,0.31711751590156156,0.5592677293108206,0.39092629489629194,0.836417837682442,0.6434922505751768,0.29668812483053575,0.7849701276826171,0.45946104020986445,0.6015442736522767,0.7233459653098424,0.0653109261082111,0.49102811099392873,0.4113188220787434,0.6424688345790119,0.5475507142715939,0.5186322361003377,0.4109746827000067,0.4390789424963115,0.400979738952125,0.3782866419882982,0.3863239635839617,0.3364578963964573,0.410780698833487,0.2700528365173054,0.42168698804461324,0.35395548118838766,0.2204730368833543,0.4197782436726795,0.31943435828597844,0.9861215503040893,0.6590368778942186,0.2975616778246426,0.18319678852009202,0.16550308344347542,V806,1
