TE,V888,V108,V2089,V1279,V1090,V777,N85,V839,V1565,V637,V1505,V1834,V67,V1441,V1920,V1857,V630,V456,N84,N60,V1394,V1048,V18,N83,V538,V1742,V1884,V1297,V125,V1921,V1776,V1860,V940,N82,V148,V1456,V2092,V714,V1337,V553,V406,V1788,V2133,V1874,V221,N58,V1591,V2110,V574,V716,N70,V1321,V1800,V806,V513,V1592,V1528,V1823,V344,V1708,V359,V712,V883,V655,V1699,V624
ALU,9143.6,8986.45,10564.3,8150.22,8221.49,6061.99,7290.05,7881.51,7059.21,7523.42,6618.57,9892.05,8766.84,6021.26,9787.8,6009.74,6877.89,8183.79,8072.73,9306.07,5579.7,6385.99,6264.46,9375.79,9357.52,9511.53,13599.0,7721.05,8590.44,6612.61,6959.7,4741.42,6593.15,7271.96,7903.22,5909.45,4629.16,6303.3,7430.7,13410.6,12638.6,7317.08,4091.96,6513.3,7065.91,7019.28,6148.82,5222.05,8245.11,11432.6,8494.2,9322.82,8582.4,7599.44,7370.1,7800.57,5652.82,4946.98,8698.03,9530.9,8871.46,6516.82,6081.12,7078.72,9072.45,6690.64
AluJr,1567.68,1141.14,936.128,1085.42,1003.94,1003.92,1153.25,1087.77,1180.33,1019.45,802.787,1870.29,964.59,967.78,1694.92,1195.26,1063.58,1174.99,1108.86,1550.93,688.697,1048.49,842.567,1318.97,1272.53,1759.8,1806.28,1046.95,1348.67,1028.65,943.936,689.1,1163.09,1232.72,1347.83,857.841,881.944,886.429,1002.38,2560.71,1945.98,1365.8,1091.74,979.688,1158.42,1220.17,939.429,930.15,978.277,1840.33,1274.11,1417.94,1278.44,1238.01,1206.32,1135.73,810.193,736.021,1286.5,1213.18,1687.27,1130.95,1015.1,1299.6,1818.89,1000.22
AluSq4,10564.6,7087.95,7645.18,6318.41,6146.72,5802.14,6910.86,7199.37,7827.04,5509.23,5269.01,11057.2,6212.38,5482.93,11282.2,7387.59,6218.03,6790.29,8750.55,10716.9,4825.62,6802.78,6372.75,9846.74,7977.82,10602.3,10443.6,6111.84,10798.0,5872.89,6070.41,6237.58,7597.55,7736.55,9297.96,5053.3,6448.07,5255.63,6249.61,17258.4,10341.3,7599.22,9095.2,6322.66,8039.25,7437.02,6325.66,7170.52,6657.33,10926.4,9183.03,9613.16,10113.0,8599.75,6513.05,7000.86,4942.39,5527.5,6809.83,7281.21,10209.2,6160.59,6286.47,7303.83,11823.0,6143.93
AluSx1,756.095,126.705,0.0099518,495.396,240.171,697.467,1616.28,1171.53,740.682,0.00990243,700.312,1053.63,0.00997236,589.913,942.693,763.668,664.561,486.402,1155.7,1010.06,853.609,1056.5,477.676,682.595,322.372,1152.75,663.601,311.465,1354.15,575.748,598.586,740.443,817.724,1497.77,1207.8,489.195,817.798,535.834,786.227,2024.14,1005.54,1589.88,236.1,1283.85,674.604,898.038,1385.73,1464.17,1068.64,266.044,237.147,428.421,954.227,1240.33,657.322,727.361,608.725,639.883,1079.57,263.452,1346.91,707.978,757.249,907.638,1054.16,730.043
AluSx3,50199.5,35258.9,38918.9,33527.7,32374.5,30034.7,38229.6,35112.7,38894.3,34469.7,27672.5,59750.8,32718.6,28396.9,59355.9,38325.0,32716.6,34784.8,38037.7,49235.3,26221.9,28167.3,27829.5,47159.4,37240.2,51282.4,61399.5,32472.6,49409.4,31049.6,30771.1,25881.1,30678.8,41703.4,45649.0,26263.0,31727.1,27580.8,32332.1,88774.5,52474.6,40011.8,33066.6,34050.2,31010.2,34964.2,33352.8,29202.7,34467.2,51816.3,42833.0,46497.6,48683.6,36331.3,36033.5,35702.4,24461.9,23330.9,35263.6,37300.6,50734.6,32340.4,27829.4,36656.9,60162.2,29430.7
AluY,28289.3,15642.1,26331.8,14193.8,12535.9,12898.5,16200.7,18354.4,21456.2,16604.0,12258.1,34512.5,19348.4,14650.4,38088.1,32596.2,15083.1,12824.0,20673.9,28825.2,11642.1,15706.2,16154.1,24467.3,15967.0,35003.7,32245.8,14880.5,32841.0,14598.0,14376.6,17985.2,17744.0,18124.4,25107.7,18216.6,29456.3,12521.0,13298.5,54054.0,23678.2,19336.7,32074.1,15240.5,17433.0,19816.4,15572.9,20495.5,12202.3,24454.4,28071.0,25721.6,26702.8,18020.2,18038.7,15227.7,12503.7,11746.9,15119.7,16041.5,31157.7,14135.7,15429.6,20086.9,37642.9,14130.9
AluYa1,1884.5,1020.97,1386.42,1122.32,1072.15,816.194,1101.13,1009.81,1451.71,1339.96,858.805,2660.46,1702.26,897.571,2809.33,2441.9,906.03,1045.57,1269.7,1710.12,657.195,1148.12,776.269,1333.17,1324.09,2262.93,2116.21,1107.75,2384.61,1128.35,899.822,818.662,1161.21,1331.32,1708.71,1055.41,1840.03,1081.79,771.265,3237.92,1587.54,1398.21,2124.1,924.296,1188.32,1448.55,829.629,931.746,1116.97,1482.76,1551.36,1977.38,2353.59,1146.87,1041.82,1121.71,797.789,743.378,950.79,1164.25,2385.98,1055.39,1129.56,1564.07,2264.57,767.395
AluYb11,2151.99,1488.93,1765.25,1638.29,1162.32,1243.7,1415.11,1375.31,1582.13,1238.16,937.375,2544.85,1330.41,1450.48,2329.55,1698.94,1131.44,1413.81,1923.42,2343.28,1158.63,1192.59,1083.8,1780.29,1623.84,2215.91,2323.07,1195.57,2237.54,1136.16,1018.89,880.844,1454.78,1402.38,2259.97,964.444,1561.71,1428.91,1327.95,3989.91,1809.15,1678.0,1593.81,1018.62,1435.57,1854.96,1303.13,1272.97,1469.91,2145.8,1882.01,2099.35,2003.03,1383.99,1614.69,1493.98,855.565,937.656,1512.73,1924.82,2275.32,1072.73,1013.66,1717.31,2484.21,1384.03
AluYb3a2,4132.9,2230.54,3219.52,2136.84,1776.44,1653.86,2205.98,2112.35,2962.61,1746.12,1629.87,4571.5,2802.43,1846.81,5422.46,4311.52,1793.72,2084.62,2511.21,4069.23,1482.82,2193.23,2071.65,3080.02,2344.08,4196.65,3410.57,1931.71,4432.85,1746.97,1717.99,2053.31,2545.3,2468.79,3627.73,1466.04,3868.33,1687.83,1833.38,6376.66,2910.3,2522.63,5152.08,1975.93,2659.92,2713.52,2078.72,2431.92,1890.46,3718.96,3576.18,4463.72,3938.93,2763.42,2050.07,2233.41,1413.85,1810.77,2083.15,2505.59,4124.07,1917.03,2285.22,2714.77,4858.07,1738.37
AluYb8,10364.4,5384.44,8655.84,5518.09,4924.43,4946.55,6698.72,5594.05,7746.27,5441.99,4690.1,12107.9,7029.61,4506.91,14121.9,11994.0,5072.09,4887.67,7451.8,10121.7,3668.24,5882.32,4637.64,8738.28,6276.82,10475.6,10910.2,5065.59,10239.0,5678.37,5397.9,5272.03,7003.7,6617.51,9232.01,4492.13,9982.41,4693.47,4819.27,15377.9,8406.83,6296.22,11686.5,5580.69,5652.34,6696.35,5432.13,5973.16,4653.88,7816.44,9019.15,9203.34,9292.96,7245.88,5951.81,5906.04,4206.5,5217.74,5321.23,6600.19,9940.51,4616.54,6628.29,6922.38,13147.4,4580.45
AluYbc3a,24843.0,15919.3,20567.5,14792.0,14388.5,12905.8,17144.2,15994.5,17879.3,14895.2,12456.4,28988.1,16599.0,12732.5,30468.3,20522.2,14494.5,14370.5,18430.5,23345.2,10619.1,14599.1,12440.1,21828.4,16301.7,25318.8,29007.9,14762.5,24545.1,13832.6,13901.0,13099.9,16025.9,17812.6,22242.9,11298.1,18096.8,11755.1,14057.2,39290.4,23330.0,18358.4,18902.6,14169.5,15007.3,17689.0,14854.3,14715.0,14132.7,22079.3,20451.5,23116.6,24641.7,17699.8,15872.2,15699.9,10608.8,11214.7,16433.6,17299.2,25291.2,13535.7,13335.7,17999.1,28414.4,12901.5
AluYc1,4624.23,2671.46,3248.62,2708.15,2664.11,2210.19,3520.51,2636.22,2858.51,2614.71,2286.22,6452.09,3112.89,2043.75,7219.43,7588.93,2140.32,3073.61,3551.3,4199.13,1853.01,2411.93,1869.58,4197.64,2837.91,4266.41,4392.6,2673.29,4585.3,2670.26,2350.76,2403.2,2272.39,3732.55,3591.65,1426.03,5042.96,2041.61,1993.79,6121.28,4495.25,2990.62,5737.43,2384.48,2998.63,2811.01,2826.63,2825.73,2534.5,3572.45,3871.19,4497.98,4743.17,2283.68,2918.85,2871.06,2208.23,1771.61,2633.9,3197.96,4590.45,2401.14,2043.03,3993.92,5686.75,1754.94
AluYc2,2564.2,1606.24,2346.53,1529.56,1375.0,1340.93,1958.36,1747.19,1737.98,1435.24,1257.59,3140.48,1589.18,1006.27,3315.8,2239.47,1453.7,1219.81,2076.3,2556.97,1179.81,1328.96,1214.75,2167.87,1731.71,2367.73,3156.49,1427.34,2561.2,1495.26,1604.19,1313.07,1485.55,1822.35,2475.32,1117.48,1966.81,1271.43,1936.76,4225.61,2897.0,1952.46,2503.05,1477.38,1273.48,1856.42,1362.95,1557.02,1706.18,2387.76,1720.91,2125.89,2288.87,1938.25,1703.55,1580.15,1013.1,1158.67,1615.64,2168.2,2659.26,1523.13,1497.09,1731.6,2969.02,1207.41
AluYc5,4263.79,2959.58,3291.83,3011.99,2806.2,2748.3,3239.75,2843.09,3095.32,2426.46,2301.28,4554.79,2872.2,2607.7,4927.24,3448.66,2649.02,2665.95,3092.01,4159.56,2146.64,2259.53,1933.0,3500.14,3010.93,4273.02,4504.97,2619.32,3929.61,2520.31,2397.33,1764.87,2368.43,2921.5,3578.72,2143.6,2688.68,2375.72,2439.57,6070.4,4256.43,3033.09,2669.11,3019.05,2101.25,2848.12,2591.93,2170.67,2572.71,4199.5,3869.9,4050.0,4134.91,3041.14,2944.69,3047.94,2117.97,1710.95,3182.31,3672.86,4179.23,2563.15,2485.33,3220.63,4489.87,2623.49
AluYd2,70.3958,40.9895,60.8861,30.1016,21.645,19.0961,57.4318,13.9681,43.222,14.2428,11.3501,178.136,63.6413,12.2047,165.644,285.994,32.8495,0.00935833,178.502,132.712,59.182,13.7713,16.4524,113.949,21.9778,124.259,97.9058,52.764,130.874,47.9479,44.8552,31.9999,55.8014,15.7665,124.798,21.6335,46.3918,53.9771,55.1184,293.117,145.756,117.478,280.258,59.0015,77.1889,55.739,38.0047,112.928,54.4106,186.2,160.951,147.418,75.2498,16.0533,50.8862,71.6248,19.8897,47.9499,56.8438,12.6588,93.7425,41.6219,58.7143,128.993,127.84,0.00281859
AluYd3,750.524,529.777,394.963,579.243,764.458,347.432,717.812,485.568,355.278,684.732,347.535,1025.01,178.7,332.581,781.65,551.561,655.864,506.948,631.671,843.784,378.046,427.858,493.311,1233.6,706.342,384.647,1358.6,705.027,540.479,395.61,741.804,549.565,521.552,775.726,509.414,296.482,420.758,376.062,396.382,1563.61,971.261,536.202,379.615,276.628,686.32,264.731,529.969,479.762,460.733,655.088,440.947,391.383,639.655,409.277,546.411,602.581,467.221,290.951,218.891,393.378,542.617,546.286,288.646,494.34,949.161,254.796
AluYd3a1,1978.61,1043.44,1962.44,1169.81,1027.45,968.964,1233.46,1209.73,1482.28,998.168,824.463,2094.98,1345.39,990.681,2601.65,1451.11,1066.39,1070.83,1324.53,1824.29,778.139,1005.62,906.741,1480.25,1174.38,2175.64,2467.0,901.741,2119.23,1074.18,908.194,939.63,957.709,1233.95,2132.9,785.152,1426.62,919.911,1085.01,3578.08,1735.31,1158.62,1215.23,1123.14,1013.3,1421.39,1046.96,1055.82,1223.67,1620.53,1527.52,1791.06,1892.77,1333.57,1238.84,1062.1,713.339,960.92,1183.1,1390.94,1852.22,1114.71,1109.84,1264.72,2246.96,836.129
AluYd8,1921.51,901.777,1503.29,843.435,602.699,628.026,823.392,868.203,1528.03,932.446,466.348,1430.47,1172.03,551.996,2301.55,1079.16,551.071,578.843,968.658,1995.72,366.285,1383.09,1137.57,1018.84,998.514,2085.46,1602.01,683.881,2145.18,550.071,580.259,1265.87,1550.45,940.966,1916.55,459.319,1482.42,707.757,548.292,3032.19,1290.03,947.933,1811.13,558.635,1395.89,1476.04,712.68,1360.72,686.065,1040.37,1741.37,1853.59,1894.13,1229.22,756.493,833.736,390.552,1203.94,745.303,856.691,1732.99,739.749,1196.06,684.189,2448.27,503.252
AluYe2,886.037,451.17,677.667,446.708,283.671,289.04,310.397,275.271,560.671,317.723,275.915,1143.2,843.578,264.984,1317.28,1026.58,294.609,448.402,466.212,1124.68,260.183,314.933,489.513,708.447,322.311,690.664,579.539,296.718,1018.81,363.415,341.275,365.068,436.931,556.025,721.589,197.724,868.739,353.899,293.399,1480.6,659.586,541.044,2374.37,413.63,537.941,701.573,445.731,484.033,251.575,629.6,531.071,669.761,706.781,522.565,357.722,403.069,283.202,279.967,484.304,461.517,834.454,372.642,326.386,538.853,1311.62,200.43
AluYe5,8742.2,4716.67,6662.26,4999.41,4515.51,4334.48,5574.7,5253.24,5798.49,4386.86,3733.59,8447.87,5780.32,4171.72,10860.4,6101.07,4670.3,4635.0,6061.54,8418.11,3686.42,4794.37,4753.04,6921.46,5710.42,9550.21,8403.35,4538.32,8878.46,4599.6,4349.45,4615.4,5709.32,5617.18,8136.09,3780.17,6116.81,4148.82,4278.4,14102.6,7922.8,6227.85,6155.65,4944.4,5330.14,6429.13,4497.25,5480.36,5161.37,7856.42,7278.11,8531.61,7842.39,6425.18,5006.17,5235.25,3683.6,4026.61,5165.58,6047.35,8682.75,4306.98,5337.62,5501.46,9946.66,4021.21
AluYf1,116.236,58.8542,113.689,59.4248,59.739,101.321,89.7337,76.822,101.883,82.411,63.8302,173.425,50.9105,63.8649,157.857,169.071,62.3001,81.22,115.618,101.892,55.6328,35.1651,76.343,114.156,49.6314,122.825,133.404,86.6519,101.148,93.3386,67.9166,59.3315,65.6495,71.6723,103.154,57.6893,150.161,55.8541,57.9417,193.376,162.52,112.866,89.307,94.2386,93.5627,117.925,46.3005,117.345,80.6625,101.458,116.966,95.3287,120.888,82.5919,93.027,89.2666,47.3989,38.9367,48.2492,154.231,160.487,64.9598,103.711,91.2406,130.326,86.8449
AluYf2,9628.18,5993.87,7695.99,5923.76,5579.17,5014.27,6229.39,6080.4,6553.92,4800.36,4446.55,10670.2,6121.53,4764.16,11993.9,9607.81,5252.39,5537.9,6782.84,8814.5,4292.16,5302.98,4786.35,7858.74,6652.48,9777.25,10542.1,5117.87,8903.98,5184.48,5173.98,4889.36,5825.6,6738.31,8937.61,4260.66,7658.29,4757.85,5524.01,15346.1,8643.69,6564.21,9149.79,5481.01,6045.24,6688.69,5741.45,5524.83,5851.78,7961.81,7515.86,8840.75,9228.4,6548.65,5404.84,6078.56,3836.21,4501.01,5912.27,6851.16,9290.92,5063.08,5165.96,7063.65,10572.9,4706.7
AluYf5,438.351,214.735,273.928,269.92,178.21,128.665,200.859,175.504,307.042,175.385,136.017,287.003,205.809,185.641,349.644,418.448,147.697,165.724,184.375,449.952,196.218,280.784,279.161,315.201,303.744,456.131,506.145,141.593,390.955,162.217,195.431,265.85,258.414,209.69,200.575,92.4594,282.279,180.864,243.903,615.726,254.75,174.256,317.282,223.752,195.175,186.978,198.987,336.701,241.745,423.832,226.916,270.396,419.014,256.362,232.946,294.215,148.58,204.06,257.397,192.55,348.439,199.131,250.023,289.114,383.4,165.217
AluYi6,45654.8,32664.0,36983.4,29558.9,27335.6,26775.0,31401.4,31501.1,35610.1,26404.7,23665.4,48060.4,29948.4,24419.5,54124.7,34535.6,27607.1,29633.6,34426.9,45249.2,21915.6,27227.4,24573.4,39857.6,34247.6,46096.0,52710.5,26791.0,45506.1,25961.7,25606.0,23293.1,29648.0,32557.3,43190.6,22557.4,29092.9,24266.9,28991.0,76709.7,45457.4,34084.9,31445.4,27713.2,28850.1,33285.9,28125.5,26307.9,28937.8,45553.1,37881.9,43784.4,45079.7,33004.7,29830.0,31709.0,20627.1,21800.4,30680.0,34357.5,44225.3,27936.0,26752.3,32409.4,51033.9,25488.5
AluYk11,42517.4,27330.6,33425.7,26742.7,23794.7,22633.2,29599.6,27318.1,31694.2,22155.4,20126.4,42033.6,27558.6,22343.4,49605.0,31301.1,24093.6,25433.1,29849.8,42715.5,18517.6,25096.5,21137.1,34488.4,28320.4,42595.8,45489.8,23524.5,42723.9,22956.4,22795.3,21076.3,26985.5,27790.7,38684.3,19588.9,28301.8,21260.6,24196.1,67734.5,40071.2,28423.2,28626.5,23774.9,25278.9,30300.9,24936.2,23421.4,24433.6,39603.6,35867.8,39720.1,40922.3,30909.0,26370.4,26917.1,18502.2,20167.7,27319.7,30434.0,41658.1,24204.5,24590.7,29245.6,47732.2,22118.6
CR1L,0.0,0.0,0.0,0.0,0.0,0.0,0.0,0.0,0.0,0.0,0.0,0.0,0.0,0.0,0.0,0.0,0.0,0.0,0.0,0.0,0.0,0.0,0.0,0.0,0.0,0.0,0.0,0.0,0.0,0.0,0.0,0.0,0.0,0.0,0.0,0.0,0.0,0.0,0.0,0.0,0.0,0.0,0.0,0.0,1.0,0.0,0.0,0.0,0.0,0.0,0.0,0.0,0.0,0.0,0.0,0.0,0.0,0.0,0.0,0.0,0.0,0.0,0.0,0.0,0.0,0.0
CR1_Mam,0.0,0.0,0.0,0.0,0.0,0.0,0.0,0.0,0.0,0.0,0.0,0.0,0.0,0.0,0.0,3.0,0.0,0.0,0.0,0.0,0.0,0.0,0.0,0.0,0.0,0.0,0.0,1.0,0.0,0.0,0.0,0.0,0.0,0.0,0.0,2.0,0.0,0.0,0.0,1.0,0.0,0.0,3.0,0.0,0.0,0.0,2.0,0.0,0.0,0.0,0.0,1.0,0.0,0.0,0.0,0.0,0.0,0.0,0.0,0.0,0.0,0.0,0.0,1.0,0.0,0.0
ERVL-B4,710.617,794.87,452.408,649.342,677.97,580.128,545.475,636.59,511.897,135.56,488.751,1016.0,593.52,566.579,867.044,1658.75,424.137,720.741,757.512,956.887,444.427,459.786,621.459,689.193,707.453,714.736,570.457,594.486,697.483,625.222,634.248,503.549,523.186,670.228,659.188,483.11,858.136,580.031,649.383,969.406,837.535,652.621,1914.22,665.921,695.33,573.726,598.701,464.669,683.19,1241.54,602.856,874.492,621.302,592.447,492.305,902.503,348.357,397.29,594.393,638.389,620.723,625.25,468.896,1255.5,767.757,577.216
HAL1B,3.0,1.0,2.0,0.0,2.0,1.0,2.0,1.0,1.0,1.0,0.0,1.0,0.0,0.0,2.0,4.0,1.0,0.0,1.0,1.0,0.0,1.0,0.0,2.0,0.0,1.0,1.0,1.0,0.0,4.0,1.0,1.0,3.0,1.0,1.0,0.0,1.0,2.0,0.0,5.0,2.0,2.0,8.0,2.0,3.0,0.0,0.0,0.0,4.0,2.0,1.0,1.0,1.0,2.0,2.0,3.0,0.0,1.0,1.0,0.0,3.0,0.0,1.0,4.0,2.0,2.0
HERV-Fc2,12.0,0.0,3.0,2.0,0.0,1.0,4.0,1.0,0.0,0.0,0.0,25.0,2.0,2.0,15.0,119.0,2.0,0.0,4.0,0.0,0.0,3.0,0.0,2.0,2.0,5.0,1.0,9.0,11.0,3.0,5.0,7.0,5.0,16.0,4.0,0.0,31.0,0.0,0.0,1.0,2.0,0.0,58.0,0.0,0.0,1.0,6.0,2.0,1.0,0.0,3.0,7.0,0.0,0.0,0.0,0.0,5.0,0.0,0.0,0.0,3.0,4.0,0.0,21.0,27.0,0.0
HERV-K14CI,71.6891,68.7947,18.0,90.7869,44.7292,132.237,50.2349,37.7376,12.3902,5.59508,25.949,437.047,71.3626,33.0486,219.027,634.987,69.6024,84.5746,29.8594,70.8477,28.2604,13.0375,24.1129,37.9059,45.6945,84.3256,53.3755,130.924,126.409,26.7808,90.129,51.222,38.3005,87.9991,22.7222,19.8942,461.508,52.3047,25.1876,119.906,54.494,35.4243,1183.16,57.0606,50.5213,21.6541,29.7174,77.0844,86.0157,254.956,61.5774,96.4449,22.9126,28.644,50.663,87.1234,16.5352,15.6216,19.3746,27.0798,50.3978,72.2776,61.2155,519.084,184.439,16.7798
HERV-K14I,1486.0,1536.0,1019.0,1330.0,1399.0,1267.0,959.0,1312.0,1323.0,275.0,893.0,1707.0,1003.0,1183.0,2294.0,2290.0,994.0,1478.0,994.0,1710.0,925.0,882.0,811.0,1754.0,1502.0,1100.0,1059.0,1588.0,1586.0,1103.0,1231.0,1027.0,1108.0,1126.0,1162.0,1028.0,1566.0,1018.0,1308.0,1722.0,1650.0,1254.0,3061.0,1127.0,1319.0,1267.0,1076.0,809.0,1447.0,2445.0,1424.0,1583.0,1434.0,1431.0,1164.0,1511.0,711.0,633.0,974.0,1377.0,1269.0,1308.0,1109.0,2583.0,1440.0,1244.0
HERVH,11137.0,12865.0,5568.0,9788.0,7827.0,8963.0,7711.0,9678.0,7494.0,2859.0,6062.0,27762.0,5603.0,6446.0,19271.0,45038.0,6695.0,9948.0,9499.0,15044.0,6046.0,6514.0,5457.0,11079.2,11398.0,10035.0,9651.0,10874.0,15884.0,7854.0,8617.0,7591.0,9268.0,10408.0,10799.0,6700.0,19674.0,8593.0,8332.0,16381.0,12664.0,6614.0,51685.0,6909.0,7680.0,7112.0,9420.0,8455.0,9125.0,19128.0,9250.0,11452.0,8773.0,7849.0,7794.0,9094.0,5779.0,4537.0,7100.0,9300.0,10070.0,11582.0,8235.0,21674.0,14511.0,7193.0
HERVI,195.383,223.175,183.589,213.459,146.2,125.368,157.244,153.221,121.253,44.0463,122.107,259.978,165.502,115.142,247.278,339.808,131.1,206.272,154.135,277.523,110.138,110.253,136.09,198.366,166.338,236.472,138.353,214.311,213.431,178.215,166.368,143.235,243.22,164.23,194.551,181.2,214.707,240.213,213.124,313.666,275.577,145.231,430.528,132.184,121.153,139.116,290.649,172.258,191.506,507.469,223.852,191.313,170.282,275.589,264.343,204.204,94.0697,97.0988,149.098,162.268,219.372,154.361,147.326,351.238,243.884,209.331
HERVIP10FH,2070.02,2371.2,1346.33,2154.5,2041.95,2022.34,1759.41,2180.05,2030.46,872.508,1602.09,2905.28,1560.16,1737.49,3113.95,3484.06,1467.92,2414.89,2168.04,2677.32,1489.23,1598.9,1562.96,2404.8,2729.01,2338.33,1923.67,2476.68,2565.69,2116.44,2084.86,1475.05,1988.41,1893.82,2196.0,1769.74,2564.95,1769.29,2094.52,3047.54,3608.98,2036.81,4204.75,2014.98,1917.98,1551.72,2079.42,1440.29,2261.93,3517.32,2135.48,2522.16,2222.88,2209.26,1758.65,2436.57,1423.21,1221.87,1833.47,2289.93,1909.14,2022.04,1719.28,3783.29,2587.59,2107.41
HERVK11DI,142.311,199.205,63.0,143.213,142.271,108.763,111.765,119.262,119.61,33.4049,87.051,434.953,114.637,129.951,299.973,680.013,69.3976,117.425,86.1406,362.152,83.7396,51.9625,87.8871,135.094,158.306,123.674,92.6245,117.076,196.591,115.219,155.871,77.778,113.7,92.0009,173.278,72.1058,466.492,303.695,113.812,427.094,171.506,92.5757,891.839,84.9394,135.479,100.346,60.2826,67.9156,124.984,550.044,139.423,125.555,107.087,109.356,186.337,151.877,79.4648,62.3784,249.625,154.92,79.6022,255.722,93.7845,687.916,245.561,117.22
HERVK13I,38.0,77.0,34.0,67.0,55.0,47.0,22.0,43.0,70.0,7.0,19.0,86.0,53.0,48.0,73.0,157.0,53.0,68.0,44.0,115.0,27.0,35.0,70.0,97.0,52.0,34.0,28.0,48.0,65.0,58.0,57.0,51.0,47.0,44.0,35.0,19.0,73.0,49.0,36.0,131.0,63.0,81.0,137.0,33.0,80.0,66.0,34.0,41.0,47.0,156.0,80.0,75.0,75.0,37.0,28.0,60.0,18.0,14.0,29.0,65.0,33.0,81.0,45.0,132.0,71.0,85.0
HERVK3I,1265.0,1264.0,848.0,1306.0,1457.0,1268.0,1175.0,1454.0,1337.0,272.0,1021.0,1259.0,946.0,1063.0,1546.0,1171.0,1118.0,1423.0,1354.0,1348.0,879.0,925.0,952.0,1903.0,1652.0,1041.0,980.0,2424.0,1266.0,1123.0,1226.0,935.0,864.0,1248.0,1289.0,669.0,756.0,1020.0,1445.0,1602.0,1425.0,1018.0,1511.0,1495.0,1172.0,1075.0,708.0,779.0,1197.0,2282.0,1324.0,1554.0,1246.0,958.0,983.0,1342.0,776.0,520.0,934.0,1340.0,1158.0,1116.0,819.0,1711.0,1086.0,1231.0
L1,160139.0,165445.0,106023.0,160755.0,146056.0,174083.0,137624.0,164459.0,135789.0,85352.2,117142.0,265068.0,124890.0,120873.0,252521.0,287779.0,112781.0,168410.0,166584.0,196770.0,115899.0,105834.0,101530.0,193024.0,193095.0,163414.0,166483.0,143134.0,184252.0,149684.0,161813.0,90304.7,126715.0,151498.0,170553.0,116823.0,207114.0,142714.0,153564.0,244042.0,248725.0,155688.0,272771.0,158465.0,119088.0,120189.0,136336.0,87556.3,176495.0,260602.0,156311.0,183235.0,137313.0,143281.0,135006.0,185923.0,98010.7,86703.0,135770.0,183716.0,133170.0,151567.0,113342.0,321634.0,195446.0,139251.0
L1HS,155394.0,133046.0,110913.0,129869.0,116472.0,143455.0,110076.0,128374.0,133415.0,69032.7,85463.2,232508.0,131317.0,95353.9,248351.0,269165.0,87911.4,133898.0,138984.0,184806.0,89204.5,107711.0,106706.0,159749.0,153506.0,170215.0,130244.0,111489.0,181493.0,119152.0,132025.0,93974.1,131187.0,122309.0,175889.0,89261.7,209263.0,114323.0,120567.0,236333.0,187517.0,117176.0,312870.0,126254.0,117582.0,122056.0,103599.0,92314.5,138464.0,201912.0,150185.0,181345.0,137962.0,139781.0,100618.0,149240.0,76419.9,87810.5,103874.0,141727.0,134777.0,122805.0,115598.0,280584.0,194061.0,105480.0
L1M3B_5,15.0,13.0,11.0,8.0,11.0,11.0,4.0,10.0,6.0,1.0,10.0,11.0,4.0,8.0,20.0,29.0,13.0,14.0,16.1433,20.3348,5.0,6.0,7.0,9.0,14.0,5.0,11.0,8.0,14.0,14.0,9.0,15.0,1.0,3.0,11.0,3.0,17.0,10.0,13.0,22.0,20.0,5.0,19.3452,2.0,11.0,8.0,1.0,3.0,11.0,23.0,3.0,11.0,5.0,9.0,10.0,23.0,3.0,2.0,8.0,13.0,6.0,21.0,7.0,28.0,11.0,8.0
L1M7_5end,12.0,7.0,6.0,9.0,24.0,7.0,20.0,13.0,5.0,4.0,10.0,4.0,4.0,18.0,17.0,7.0,9.0,11.0,14.0,6.0,10.0,10.0,5.0,20.0,10.0,2.0,11.0,18.0,12.0,10.0,14.0,8.0,8.0,6.0,7.0,6.0,10.0,8.0,9.0,3.0,22.0,8.0,11.0,8.0,20.0,11.0,5.0,10.0,3.0,10.0,9.0,19.0,7.0,7.24461,4.0,9.0,8.0,10.0,4.0,11.0,5.0,7.0,4.0,12.0,6.0,9.0
L1MCB_5,50.3836,51.5613,40.3143,67.1422,63.3767,39.1582,65.9978,70.141,52.2963,30.4492,45.1631,52.7253,29.0188,60.0935,55.4243,100.766,53.0506,67.6337,72.1365,87.7925,23.2064,44.2063,60.728,100.719,72.3196,51.099,39.4185,37.6503,56.409,60.2806,67.8622,57.4401,48.3038,63.8273,54.4778,28.9025,59.6851,76.1002,47.8508,94.9899,94.2289,68.8683,64.8903,45.474,51.2147,35.4617,63.4798,27.8745,53.785,128.953,49.4327,49.988,35.4439,62.8758,74.399,71.4264,48.0687,29.0781,37.9317,75.5303,34.9474,77.453,40.51,143.382,70.3984,58.714
L1ME3F_3end,25.9138,35.8588,4.76559,13.5956,21.2121,30.9975,19.335,30.9854,22.8015,4.50908,20.9273,34.6497,7.29623,18.3779,31.9038,22.8038,19.1178,29.3721,13.2012,12.9554,14.7503,14.9132,13.0594,25.4919,32.9052,21.5369,19.0368,24.9489,18.826,20.3028,17.3859,14.5971,13.0895,23.395,4.74256,6.81137,15.9534,19.2996,24.1611,34.6803,34.0502,12.6049,48.5891,19.0897,20.9401,15.9304,9.28981,9.22521,38.3493,31.8445,20.0442,11.1652,10.3492,17.2982,12.9293,22.4206,2.77026,4.30926,4.65026,16.9298,12.4113,23.1873,5.68793,41.7885,25.562,22.4411
L1MEA_5,0.0,0.0,0.0,1.22377,0.0,0.0,0.0,0.0,1.09297,0.0,0.0,5.2443,0.0,0.0,1.25497,6.9457,0.0,0.0,0.0,0.0,0.0,0.0,0.0,1.43273,2.60368,2.56528,0.0,1.06318,0.0,0.0,0.0,0.0,3.78261,1.34988,1.87989,0.0,2.03759,2.5388,0.0,1.73557,0.0,0.0,7.14813,1.18808,0.0,0.0,0.0,0.0,0.0,0.0,0.0,1.34703,0.0,0.0,1.31237,0.0,0.0,0.0,0.0,0.0,1.30769,0.0,0.0,6.91775,0.0,0.0
L1MEB_5,31.0,48.2477,22.0,37.059,49.5092,32.7518,40.9423,53.9233,22.4204,7.27962,23.3179,32.6876,15.0,30.979,47.9647,29.7769,20.5675,53.9955,33.2623,51.3166,21.3851,24.0,28.0,41.6094,49.1524,29.2013,30.7979,32.5918,21.0313,34.0,39.4238,26.0,25.2174,21.7988,17.3486,29.0,23.4914,21.0211,36.3217,26.5784,65.5016,44.248,23.9812,30.396,36.7464,26.7313,21.8921,23.4272,26.5755,49.8674,18.5736,41.3501,25.3413,40.7102,19.6944,50.7647,29.1639,21.9091,20.9958,31.6441,15.6923,17.5078,35.3983,29.1545,40.4464,31.0732
L1MEE_5,2.0,3.0,3.0,5.0,3.0,3.0,0.0,3.0,5.0,0.0,5.0,3.0,1.0,7.0,3.39477,2.0,5.0,4.0,6.0,0.0,1.0,3.0,2.0,4.0,3.0,8.0,3.0,3.0,11.0,2.0,4.15674,4.0,2.0,7.0,0.0,2.0,5.59063,2.0,4.0,4.0,6.0,10.0,0.0,6.0,2.0,8.0,10.0,1.0,5.10559,4.0,7.0,1.0,3.0,4.0,3.0,4.0,3.0,3.0,5.0,11.0,3.0,8.0,5.0,5.0961,4.0,4.0
L1MEe_5end,16.0,23.0,15.0,25.0,35.0,29.0,18.0,23.0,24.0,5.0,28.0,25.0,14.0,21.0,23.0,29.0,17.0,16.0,36.0,26.0,20.0,25.0,20.0,48.0,24.0,17.0,11.0,20.0,24.0,43.0,36.0,16.0,9.0,27.0,18.0,12.0,24.0,22.0,21.0,23.0,33.0,27.0,15.0,34.0,22.0,12.0,13.0,10.0,26.0,41.0,16.0,14.0,17.0,27.0,21.0,37.0,15.0,14.0,17.0,23.0,18.0,30.0,15.0,52.0,12.0,32.0
L1PA16_5,2179.45,2531.79,1236.76,2258.03,2076.16,2652.17,1682.53,2234.46,1732.45,780.82,1642.14,3633.82,1582.88,1810.47,2855.47,4661.17,1484.24,2680.62,2422.14,2546.1,1611.33,1500.96,1973.53,2862.41,2704.42,2139.64,1493.99,1933.7,2341.23,2225.77,2445.99,1652.92,1850.03,1889.27,1842.68,1729.69,3404.36,2181.59,2217.02,2828.72,3335.72,2298.5,4450.17,2468.72,2152.43,1553.75,1992.58,1474.05,3002.75,4075.72,2023.85,2184.09,1629.23,2177.43,1904.06,2760.25,1322.56,1068.51,1918.21,2443.69,1695.39,2218.7,1733.97,5564.24,2341.19,1933.07
L1PA4,24439.1,23502.0,16550.1,23191.8,20959.2,23602.3,19155.7,23550.9,21383.6,12471.4,17316.0,42065.0,17985.3,18438.7,38078.4,49464.2,16813.6,24901.9,23407.0,27538.5,16487.8,17328.5,15097.9,26939.1,27313.2,25008.6,26533.3,21685.4,27155.0,21161.2,21859.5,13461.3,20496.9,21952.0,24629.5,16801.8,28223.0,18309.7,22274.0,32057.1,33724.4,22456.9,42064.9,23973.4,18947.1,18301.5,17531.6,13564.1,23457.2,35559.0,24630.3,27990.6,22072.7,21672.2,19340.1,27907.7,14775.3,14312.3,19245.1,25222.6,20988.1,20539.3,17714.6,34716.0,29594.3,19756.5
L1PA6,18219.4,18084.1,12161.0,17014.2,15611.8,17117.6,14249.3,17704.0,15141.8,9230.97,12123.1,26695.6,13398.5,13165.4,25924.0,27309.7,12074.2,16586.5,16593.6,20174.4,11902.4,12560.8,10643.8,19563.1,20463.9,18295.0,19629.8,16038.2,19357.4,15073.6,16015.4,9373.33,14485.5,15394.6,18010.2,12771.8,18576.6,14173.7,16657.6,24982.4,26383.5,16671.3,26175.5,16625.1,12698.0,13393.8,13449.4,9439.66,16462.8,25788.5,17058.3,20371.5,16536.2,16176.3,13660.4,19758.2,10127.2,10102.3,14384.7,19433.1,15061.3,15253.4,12314.7,25025.3,20581.9,15384.2
L1PBB_5,118.393,128.2,80.7782,81.7626,95.7464,123.593,72.3847,92.8419,95.0671,18.6393,72.1862,132.788,105.224,82.9677,206.711,213.143,68.1919,171.477,99.9272,165.323,86.0056,56.5236,113.229,149.397,100.805,119.848,69.1208,117.06,157.411,137.659,88.4812,137.317,76.5305,86.4199,153.828,68.8007,110.524,93.1785,105.867,177.482,128.553,98.7999,184.379,110.417,139.38,96.2453,105.824,94.5455,85.8444,232.895,134.184,142.765,111.507,128.313,128.748,154.362,58.5868,66.6771,80.7603,132.388,76.9582,127.024,87.521,164.952,132.064,72.4445
L1PREC1,78502.1,90631.0,49701.7,82427.6,76819.4,93427.9,65466.5,83831.1,66753.2,43620.7,60525.3,136695.0,62925.4,63382.3,122088.0,153452.0,58117.5,90704.8,82700.9,94550.1,58896.6,55573.9,55456.8,97425.4,101532.0,81268.4,78235.0,72918.2,91869.9,77075.9,84073.0,47671.8,67813.6,74670.5,80225.3,61258.8,113466.0,72542.8,81917.2,113338.0,124791.0,81539.2,143310.0,82315.6,67274.7,60820.0,66799.3,45394.4,95307.0,135794.0,77856.8,90349.6,70053.8,73529.8,66459.3,100888.0,51379.3,45449.1,69018.4,93420.5,65979.2,77536.5,59042.2,182834.0,93019.0,71428.1
L4,3.0,0.0,0.0,4.0,1.0,5.0,1.0,0.0,4.0,0.0,4.0,2.0,0.0,0.0,0.0,2.0,1.0,2.0,0.0,1.0,1.0,3.0,2.0,0.0,0.0,4.0,0.0,3.0,4.0,1.0,2.0,1.0,4.0,0.0,1.0,2.0,2.0,0.0,0.0,2.0,1.0,1.0,1.0,0.0,3.0,0.0,0.0,2.0,1.0,0.0,1.0,1.0,0.0,3.0,1.0,1.0,0.0,1.0,2.0,1.0,2.0,0.0,4.0,4.0,4.0,2.0
LOR1a_LTR,293.2,201.926,146.406,302.5,277.252,207.546,240.445,256.376,233.803,49.7056,257.923,426.697,212.049,205.774,459.426,779.284,229.396,216.747,276.051,315.276,99.6398,237.572,263.977,313.432,353.558,291.163,194.088,267.974,324.085,292.766,318.117,193.206,248.474,243.608,304.665,200.474,341.904,278.9,207.936,347.928,386.732,321.394,816.166,237.796,244.489,236.948,246.202,229.264,411.155,585.346,334.24,309.346,190.459,258.461,288.161,400.566,161.926,164.98,231.736,191.76,370.187,237.518,262.979,651.548,268.968,257.223
LTR10B,71.3791,63.7352,115.784,88.7765,69.2989,43.1896,65.9989,66.9428,77.9087,11.9126,54.0258,104.075,87.7342,87.1116,139.468,146.427,60.4378,70.2066,121.904,118.637,54.6816,54.8488,56.4571,92.2561,96.8336,78.3913,70.7124,70.4949,85.8516,73.9856,97.2174,61.9239,106.899,66.6852,113.455,42.715,116.993,121.131,96.8093,286.149,91.93,99.3714,205.947,88.7709,57.0597,113.306,58.6885,60.0626,68.8269,164.181,106.878,63.2334,82.7418,111.667,92.3705,102.364,78.3973,63.8063,68.2763,70.5535,58.4183,107.03,60.0892,127.988,89.7408,90.6076
LTR10B2,6.62086,14.623,2.21635,10.6016,10.6648,5.88521,9.00201,8.29286,4.84219,1.0874,9.9742,33.5435,4.23989,1.36338,9.54039,50.6969,3.445,4.9857,16.0958,13.2468,4.74939,6.22035,6.54295,16.6662,9.06534,4.439,7.90441,11.4498,17.5417,10.3154,6.81237,12.4647,6.57524,7.96373,13.7043,4.65363,15.468,9.59267,2.32271,32.2174,15.2031,1.04843,67.6875,12.9574,4.80236,14.2266,10.3115,9.5074,9.58253,24.9429,12.315,5.01924,1.21109,6.8123,8.51987,22.1268,5.71975,4.19369,16.3202,6.14841,16.9535,17.0067,5.385,18.5148,18.7987,4.74846
LTR10E,439.0,505.0,308.0,373.0,356.0,370.0,381.0,409.0,316.0,92.0,286.0,473.0,302.0,396.0,504.0,461.0,316.0,484.0,452.0,463.0,297.0,286.0,265.0,508.0,498.0,415.0,362.0,608.0,522.0,385.0,400.0,284.0,444.0,362.0,408.0,314.0,353.0,336.0,446.0,519.0,632.0,383.0,787.0,292.0,398.0,372.0,369.0,289.0,404.0,701.0,377.0,383.0,317.0,388.0,367.0,435.0,289.0,254.0,403.0,437.0,438.0,461.0,376.0,756.0,392.0,433.0
LTR10F,892.726,868.57,618.0,897.159,828.337,748.666,751.452,769.24,847.41,173.647,646.465,1236.01,600.0,638.93,1158.62,1796.77,626.372,907.091,964.579,1062.05,654.355,677.149,660.411,1030.13,1009.95,895.38,741.08,706.0,950.301,750.007,842.0,641.359,873.805,797.428,800.215,670.723,979.291,628.685,867.656,1129.0,1074.95,757.356,2223.82,661.675,674.286,627.501,1003.99,699.0,855.111,1393.76,805.32,890.038,712.963,733.073,613.658,1088.39,628.82,513.104,628.0,1017.0,732.0,876.988,679.333,1452.27,997.162,702.329
LTR12D,2156.26,1826.46,1583.45,1822.49,1866.77,1750.98,1540.43,1745.07,1890.14,482.111,1342.01,3149.74,1508.38,1395.64,3431.06,3806.72,1217.28,2221.11,1937.32,2520.86,1339.12,1302.19,1178.0,2175.76,2186.42,2162.15,2025.72,1689.86,2346.96,1564.44,1595.16,1223.54,1797.23,1678.6,2117.39,1253.02,2282.46,1219.79,1710.18,3199.0,2656.1,1897.62,4827.07,1873.38,1474.14,1552.99,1473.71,1358.39,1548.14,3107.38,2254.19,2747.81,2335.07,1614.05,1366.65,2221.43,1239.8,1233.66,1386.19,2120.95,2010.04,1763.33,1341.92,3007.97,2619.82,1451.49
LTR14B,905.337,731.93,576.229,786.597,763.572,761.218,542.804,685.848,722.821,146.472,583.445,1043.58,713.797,735.281,1014.2,1322.22,611.502,908.448,780.533,1033.19,576.992,530.044,584.969,856.68,831.933,869.24,649.062,740.088,976.052,686.713,688.958,592.304,750.373,639.993,677.105,611.737,775.596,551.994,695.882,1090.11,801.062,644.352,1365.74,735.911,841.667,708.654,706.575,481.576,720.111,1527.04,904.79,978.807,915.376,780.899,604.531,955.135,503.402,423.948,627.149,874.112,780.23,768.862,638.822,1002.89,916.0,662.83
LTR15,530.0,314.0,352.0,491.0,434.0,335.0,508.0,479.0,991.0,149.0,818.0,378.0,352.0,684.0,411.0,514.0,463.0,441.0,719.0,520.0,532.0,739.0,1061.0,494.0,471.0,851.0,448.0,407.0,649.0,512.0,727.0,387.0,636.0,490.0,307.0,455.0,453.0,330.0,435.0,331.0,583.0,417.0,762.0,526.0,725.0,611.0,495.0,686.0,564.0,629.0,469.0,509.0,343.0,442.0,454.0,618.0,866.0,466.0,275.0,1035.0,552.0,518.0,484.0,668.0,511.0,661.0
LTR16B1,0.0,0.0,0.0,0.0,0.0,0.0,2.0,0.0,0.0,0.0,0.0,4.0,0.0,0.0,1.0,4.0,0.0,0.0,0.0,0.0,0.0,0.0,0.0,2.0,0.0,0.0,1.0,1.0,0.0,0.0,1.0,2.0,0.0,2.0,0.0,0.0,0.0,1.0,0.0,4.0,0.0,0.0,4.0,0.0,0.0,0.0,0.0,0.0,0.0,0.0,0.0,0.0,0.0,0.0,0.0,1.0,0.0,0.0,0.0,0.0,2.0,0.0,0.0,3.0,1.0,0.0
LTR16B2,0.0,0.0,0.0,0.0,0.0,3.0,0.0,0.0,0.0,0.0,0.0,1.0,0.0,0.0,0.0,4.0,1.0,0.0,0.0,0.0,0.0,0.0,1.0,0.0,0.0,0.0,1.0,1.0,0.0,0.0,0.0,0.0,0.0,2.0,0.0,0.0,0.0,0.0,0.0,1.0,0.0,0.0,7.0,0.0,0.0,0.0,0.0,3.0,0.0,0.0,0.0,1.0,0.0,0.0,0.0,0.0,0.0,0.0,0.0,0.0,1.0,0.0,0.0,3.0,1.0,0.0
LTR16C,10.0,17.0,4.0,10.0,4.0,6.0,7.0,6.0,18.0,3.0,5.0,14.0,9.0,7.0,14.0,45.0,8.0,15.0,12.0,24.0,13.0,7.0,3.0,9.0,13.0,3.0,15.0,18.0,12.0,8.0,9.0,6.0,11.0,6.0,7.0,2.0,13.0,13.0,7.0,29.0,14.0,9.0,27.0,10.0,8.0,13.0,14.0,13.0,33.0,21.0,6.0,7.0,10.0,6.0,9.0,54.0,5.0,9.0,7.0,13.0,12.0,13.0,13.0,28.0,16.0,5.0
LTR16E1,4.0,11.0,9.0,14.0,15.0,9.0,2.0,4.0,4.0,0.0,7.0,11.0,5.0,12.0,20.0,22.0,16.0,5.0,8.0,16.0,4.0,6.0,4.0,12.0,13.0,8.0,35.0,13.0,6.0,10.0,10.0,5.0,5.0,8.0,1.0,8.0,17.0,11.0,4.0,8.0,6.0,8.0,23.0,9.0,18.0,7.0,6.0,3.0,5.0,24.0,11.0,13.0,4.0,5.0,8.0,2.0,8.0,7.0,5.0,16.0,10.0,15.0,8.0,10.0,9.0,9.0
LTR18C,94.0,88.0,55.0,54.0,52.0,40.0,64.0,72.0,45.0,9.0,52.0,73.0,68.0,57.0,103.0,109.0,39.0,81.0,107.0,109.0,106.0,35.0,47.0,100.0,110.0,57.0,122.0,103.0,92.0,83.0,75.0,63.0,50.0,51.0,120.0,50.0,58.0,68.0,82.0,144.0,105.0,63.0,85.0,86.0,76.0,47.0,27.0,45.0,32.0,112.0,49.0,50.0,72.0,38.0,49.0,62.0,41.0,41.0,48.0,66.0,56.0,66.0,46.0,90.0,63.0,55.0
LTR19A,278.0,313.0,168.0,318.0,286.0,334.0,227.0,268.0,247.0,80.0,193.0,456.0,248.0,209.0,453.0,655.0,188.0,449.0,262.0,456.0,219.0,235.0,228.0,377.0,352.0,283.0,293.0,367.0,335.0,234.0,246.0,205.0,204.0,217.0,220.0,226.0,380.0,189.0,352.0,364.0,369.0,329.0,632.0,320.0,291.0,207.0,221.0,207.0,264.0,407.0,272.0,326.0,290.0,232.0,163.0,358.0,159.0,140.0,187.0,371.0,291.0,274.0,222.0,664.0,330.0,249.0
LTR19B,171.0,173.0,156.0,185.0,123.0,156.0,110.0,123.0,138.0,51.0,127.0,197.0,122.0,113.0,208.0,308.0,98.0,113.0,176.0,194.0,109.0,87.0,124.0,136.0,143.0,141.0,113.0,170.0,163.0,100.0,150.0,98.0,149.0,132.0,175.0,102.0,218.0,135.0,179.0,280.0,178.0,131.0,383.0,130.0,102.0,115.0,152.0,123.0,126.0,276.0,184.0,110.0,134.0,142.0,143.0,153.0,85.0,91.0,208.0,139.0,140.0,164.0,88.0,276.0,178.0,129.0
LTR1B,304.44,305.773,187.125,251.234,239.018,264.427,201.908,189.676,242.123,66.4291,137.101,617.589,205.209,158.581,451.929,964.031,149.501,418.511,282.002,408.42,133.303,118.343,199.302,251.753,267.401,296.397,251.319,258.692,388.927,220.062,225.394,207.812,214.59,263.95,324.965,206.164,451.538,255.82,238.158,476.629,339.192,195.157,763.286,242.509,220.466,212.662,265.371,190.879,176.807,623.927,348.304,407.383,247.414,221.506,219.325,314.428,130.582,116.296,173.071,262.098,275.872,258.624,204.871,473.451,458.937,194.233
LTR1B0,150.359,87.711,120.709,73.6637,59.6459,57.6081,71.1712,54.9273,85.3603,26.7827,26.6113,174.794,65.1207,66.5053,113.678,267.605,34.85,81.8753,89.2785,110.777,66.0564,29.5283,47.5356,170.616,63.4977,87.2696,53.5405,63.2981,134.223,71.4015,62.3372,125.937,49.1948,73.9292,267.951,52.1499,166.762,46.9667,92.0082,139.87,52.4581,57.3162,226.667,62.8926,63.0952,50.9235,43.0307,71.3527,75.7006,91.9946,66.9426,108.369,101.154,64.6016,62.6644,50.7437,50.1393,29.7937,39.3029,56.9049,53.9632,93.6328,52.7391,111.822,268.694,45.5204
LTR1B1,194.216,120.0,71.0,133.0,101.0,87.0,92.404,67.0,168.0,41.0,78.4459,216.381,120.0,61.3254,191.396,267.444,76.0,77.0,99.7094,214.0,86.4013,66.0,117.464,88.0,93.0,173.0,135.45,97.2936,168.832,101.0,100.0,121.0,77.0,90.0,162.0,86.0,166.518,97.4136,89.0,232.754,143.0,96.0,226.325,81.0,88.0,109.0,95.0,99.0,80.0,209.0,128.0,140.175,162.912,125.0,90.1533,82.0,76.4087,54.0,108.426,111.408,150.469,111.424,79.0,135.096,240.0,81.0
LTR1C,54.8218,94.3332,51.877,78.9635,39.5011,40.6409,53.3254,64.2869,64.6408,16.3465,51.7323,73.5197,58.4388,47.8814,80.8821,134.029,42.9685,88.0923,69.2077,132.935,50.0686,57.9792,29.5215,54.4414,79.483,68.3544,61.2227,39.012,96.2715,54.2601,50.1689,63.5581,51.086,44.8649,96.7713,47.9792,76.6122,87.1641,64.8723,206.168,111.175,53.944,132.07,60.9491,61.5665,60.1345,25.7736,61.3345,49.3715,152.605,52.2319,77.8435,59.0846,66.6334,64.8293,58.3655,38.8131,53.247,75.2098,78.6137,64.1486,51.6162,54.4076,75.978,93.5167,59.8066
LTR1C3,10.0,12.3206,14.0,8.0,10.0,12.0,18.0,9.0,16.0,3.0,7.0,32.6277,25.5243,14.0,26.09,53.4469,16.0,14.0,36.977,24.0,3.0,6.0,9.0,12.0,7.0,13.3017,13.3869,20.6691,16.1719,19.0,19.0,27.2939,13.0,17.4002,49.0,11.0,31.4931,36.7379,20.0,37.0,13.0,17.0,74.2781,15.0,7.0,20.0,8.0,13.3768,8.0,33.4222,12.0,20.0,7.0,25.0,14.7696,8.0,7.30807,9.0,18.0,21.0,14.4614,16.0,12.0,45.4111,24.8988,10.1222
LTR1F,142.717,141.912,105.384,124.724,127.87,160.512,99.4607,121.119,119.57,75.8395,83.0528,165.179,105.379,75.738,196.19,232.06,83.3417,124.045,91.7447,241.394,99.9384,77.3405,86.8844,141.858,151.086,183.049,147.857,119.391,135.082,149.934,106.544,121.759,113.456,101.027,101.886,128.188,147.043,124.382,126.572,144.734,199.231,104.62,193.822,126.889,111.145,105.39,108.248,116.452,156.208,240.204,134.95,209.276,181.667,104.33,104.469,153.419,80.3524,42.253,131.231,138.126,139.824,126.856,98.0174,169.342,178.432,117.689
LTR21A,113.0,176.0,69.0,108.0,105.0,139.0,58.0,142.0,77.0,57.0,83.0,194.0,119.0,98.0,115.0,94.0,91.0,266.0,102.0,128.0,109.0,69.0,99.0,143.0,233.0,91.0,64.0,84.0,112.0,112.0,101.0,122.0,77.0,100.0,132.0,87.0,51.0,62.0,145.0,132.0,176.0,130.0,48.0,109.0,98.0,61.0,116.0,86.0,103.0,171.0,133.0,184.0,145.0,123.0,94.0,141.0,65.0,66.0,93.0,163.0,100.0,142.0,105.0,139.0,155.0,103.0
LTR21C,25.0,5.0,32.0,15.0,6.0,8.0,11.0,6.0,6.0,3.0,2.0,46.0,5.0,10.0,28.0,55.0,7.0,4.0,8.0,7.0,3.0,3.0,8.0,11.0,9.0,12.0,11.0,14.0,22.0,12.0,10.0,13.0,2.0,6.0,27.0,8.0,35.0,6.0,13.0,6.0,20.0,8.0,79.0,4.0,11.0,4.0,2.0,13.0,7.0,16.0,14.0,6.0,10.0,11.0,7.0,4.0,5.0,6.0,2.0,7.0,19.0,10.0,6.0,22.0,24.0,2.0
LTR22B,97.6339,127.142,92.0263,86.4694,97.2357,110.429,87.0329,112.671,82.0725,12.6422,62.3489,113.791,75.1338,97.9339,143.704,196.642,89.6176,116.656,144.849,154.554,55.3377,58.5271,90.683,138.453,117.411,98.312,75.529,131.724,140.018,68.8586,89.2039,82.5213,70.977,91.7939,168.937,71.6042,82.9384,92.3616,113.626,286.522,150.574,63.5126,223.973,122.607,92.8815,81.6382,73.4064,63.4501,74.1786,263.491,99.8277,117.871,126.43,82.0963,103.514,100.49,50.0639,31.8323,112.566,110.719,93.3846,154.164,71.4368,200.952,139.508,88.2302
LTR22C2,59.1492,42.8398,33.7616,44.4233,39.5152,54.176,25.9816,35.1775,46.1414,6.24568,42.9446,68.795,42.7438,61.7803,67.412,95.5619,50.9053,39.1688,58.6393,93.31,35.1032,50.6707,52.1577,50.6024,51.3306,37.6388,25.8611,44.8081,58.5166,67.3416,52.4696,43.7884,46.4826,46.8879,69.032,43.4465,40.5783,35.7943,75.072,77.5509,33.9502,50.8327,184.166,52.8551,73.2999,47.0638,30.5249,24.6214,52.1501,84.5554,39.3981,84.887,69.3049,51.3177,34.8465,35.2564,38.7446,26.6311,35.6016,52.1113,58.5233,34.3909,50.6532,83.0045,79.2853,36.3372
LTR24B,220.0,218.0,755.0,215.0,199.0,165.0,236.0,209.0,183.0,27.0,159.0,159.0,145.0,214.0,240.0,230.0,149.0,215.0,284.0,168.0,125.0,152.0,202.0,262.0,242.0,201.0,124.0,194.0,214.0,184.0,184.0,166.0,162.0,149.0,417.0,188.0,212.0,117.0,241.0,210.0,302.0,179.0,280.0,202.0,198.0,179.0,179.0,135.0,194.0,292.0,183.0,198.0,140.0,145.0,138.0,326.0,119.0,103.0,145.0,219.0,190.0,191.0,150.0,338.0,171.0,168.0
LTR26,136.0,141.0,96.0,141.0,149.0,148.0,92.0,119.0,119.0,33.0,79.0,197.0,115.0,148.0,222.0,299.0,93.0,159.0,128.0,158.0,120.0,82.0,101.0,147.0,173.0,139.0,113.0,151.0,184.0,118.0,119.0,116.0,134.0,97.0,116.0,102.0,165.0,114.0,146.0,160.0,164.0,129.0,391.0,151.0,110.0,89.0,97.0,86.0,124.0,215.0,115.0,119.0,115.0,105.0,99.0,192.0,107.0,78.0,114.0,151.0,122.0,134.0,101.0,263.0,154.0,102.0
LTR26E,65.3485,46.4139,69.5073,59.8594,72.7515,62.3767,76.308,58.7979,38.6339,5.83368,38.6637,115.957,22.0701,66.2515,100.502,171.794,47.6388,44.5036,130.466,68.8915,36.0047,49.3119,50.7523,145.324,87.9921,49.8983,55.8298,62.633,80.0303,66.3836,49.4511,76.105,34.0275,85.2965,104.489,37.0647,105.379,59.8759,74.8323,58.3218,89.9584,35.5942,257.529,53.7368,57.239,49.6095,43.2564,69.4908,50.8145,104.677,65.2663,64.4143,27.7727,51.347,54.6717,59.6944,48.1726,30.1077,40.0369,64.4069,40.2575,56.7649,34.3075,167.166,68.092,38.7436
LTR27B,154.071,160.64,148.931,149.694,136.838,120.031,61.0019,112.705,161.595,37.6644,73.3687,178.176,117.497,113.379,185.565,216.516,90.6895,155.587,114.602,207.843,85.6418,93.5757,90.5062,131.986,148.844,143.777,108.407,87.3384,185.441,106.8,96.3712,120.673,105.652,84.7081,143.613,98.3322,116.619,91.9764,147.34,268.659,133.078,117.882,276.203,153.307,133.974,108.577,88.1034,84.8967,107.742,240.057,185.62,198.443,252.568,102.909,96.451,147.3,104.734,93.7518,116.062,147.239,129.278,140.752,90.0099,175.125,174.605,123.314
LTR27C,192.307,148.371,104.214,131.75,126.364,102.416,116.416,124.715,163.287,26.5204,116.805,193.11,91.7784,139.825,157.899,304.322,108.111,181.619,120.824,198.152,102.388,164.168,116.434,181.376,155.65,156.599,113.892,122.961,130.699,107.446,133.292,109.621,113.485,115.253,136.89,117.484,124.375,81.0762,133.386,238.753,180.566,141.742,298.199,113.83,104.725,120.236,99.3811,105.442,139.543,219.649,162.071,154.596,122.97,123.173,109.746,175.487,107.815,77.4059,123.075,112.65,107.96,152.132,137.39,258.158,148.989,157.424
LTR27D,3.27028,11.1298,1.23566,2.45284,8.48131,7.68155,4.85381,8.67349,2.59736,0.0,0.0,21.7804,3.01294,6.52569,24.4626,61.482,2.46489,20.0108,4.85939,13.2004,12.8439,3.92924,3.54777,6.4461,9.24374,8.0945,13.7507,15.5087,4.17558,5.52373,11.9895,5.7563,16.9889,10.1691,0.0,12.1132,28.9928,4.36563,13.9825,6.36277,2.16439,1.70571,73.0966,4.52563,5.22867,8.00915,6.15291,13.0531,6.29664,12.6509,13.11,13.8647,13.0064,8.28226,11.4394,24.4955,1.56833,5.28459,5.12732,10.9767,12.1705,4.58138,3.57539,48.5245,14.6626,1.23319
LTR29,87.3849,78.2492,50.6108,85.3865,92.0173,62.4277,87.9891,98.3054,61.5913,13.7754,82.4153,129.209,51.1231,49.2365,135.921,205.57,56.8408,98.8379,95.1388,123.11,73.8755,73.8202,60.094,90.4593,108.931,108.869,117.623,84.7638,92.601,110.748,87.407,48.4779,93.8371,77.9559,79.557,51.9015,131.933,70.3762,72.3671,155.823,162.306,73.3983,270.999,74.2302,120.295,73.5085,94.5042,73.4085,109.448,180.682,68.5771,75.0689,94.9499,66.9246,56.6535,136.742,81.9387,86.5245,73.4889,99.8186,69.8572,99.7319,64.8133,198.528,104.446,91.8128
LTR33,0.0,0.0,0.0,1.0,0.0,0.0,0.0,0.0,0.0,0.0,0.0,4.0,0.0,0.0,3.0,17.0,0.0,1.0,0.0,0.0,0.0,0.0,0.0,1.0,0.0,0.0,0.0,0.0,0.0,0.0,0.0,0.0,0.0,1.0,0.0,0.0,5.0,0.0,1.0,1.0,2.0,1.0,7.0,1.0,0.0,0.0,0.0,0.0,1.0,5.0,0.0,1.0,0.0,0.0,0.0,0.0,0.0,0.0,0.0,0.0,0.0,0.0,0.0,1.0,0.0,0.0
LTR33B,1.0,0.0,0.0,0.0,0.0,0.0,0.0,0.0,0.0,0.0,0.0,2.0,0.0,0.0,0.0,10.0,1.0,0.0,0.0,0.0,0.0,0.0,0.0,0.0,0.0,0.0,1.0,0.0,0.0,0.0,0.0,0.0,1.0,0.0,0.0,0.0,2.0,0.0,0.0,1.0,0.0,0.0,4.0,0.0,0.0,0.0,0.0,0.0,1.0,1.0,0.0,1.0,0.0,0.0,0.0,0.0,0.0,0.0,0.0,0.0,1.0,0.0,0.0,3.0,1.0,0.0
LTR33C,0.0,0.0,0.0,0.0,0.0,0.0,0.0,0.0,0.0,0.0,0.0,1.0,0.0,0.0,0.0,3.0,0.0,0.0,0.0,0.0,0.0,0.0,0.0,0.0,0.0,0.0,0.0,0.0,0.0,0.0,0.0,0.0,0.0,0.0,0.0,0.0,0.0,0.0,0.0,0.0,0.0,0.0,1.0,0.0,0.0,0.0,0.0,0.0,0.0,0.0,0.0,0.0,0.0,0.0,0.0,0.0,0.0,0.0,0.0,0.0,0.0,0.0,0.0,0.0,0.0,0.0
LTR34,27.0,44.0,28.0,15.0,23.0,26.0,10.0,34.0,35.0,9.0,21.0,45.0,17.0,23.0,32.0,100.0,16.0,21.0,27.0,32.0,27.0,29.0,20.0,19.0,53.0,24.0,17.0,30.0,25.0,23.0,21.0,10.0,28.0022,13.0,38.0,11.0,39.0,39.0,22.0,51.0,13.0,25.0,95.0,22.0,34.0,21.0,17.0,18.0,23.0,52.0,27.0,54.0,28.0,23.0,34.0,48.0,15.0,9.0,15.0,31.0,22.0,36.0,25.0,92.0,28.0,24.0
LTR35,36.9286,53.6283,35.9874,27.121,26.3118,31.728,14.335,36.9244,30.2065,3.59125,26.7459,41.8863,14.0658,20.5751,31.3153,52.2665,22.0304,34.6862,35.061,63.6183,26.3419,15.0556,25.8534,16.9981,32.7113,21.2714,31.5026,17.4131,39.6065,17.6411,23.0303,17.7337,26.6806,19.1471,37.9314,19.0699,23.0457,33.5041,29.7186,86.107,34.6658,26.35,79.9518,24.3344,31.0647,20.0314,23.0739,25.9254,26.5247,94.6897,38.1174,18.4826,25.6953,14.8919,29.2254,24.649,19.8267,13.9359,34.8475,29.3355,33.9917,59.6833,25.0356,46.6322,44.708,26.2214
LTR35B,10.0,12.0,13.0,7.0,9.01268,2.0,5.41654,5.0,5.0,0.0,2.0,16.3099,6.0,4.0,3.45109,24.2722,10.4935,8.0,8.7504,20.8704,2.0,4.0,6.0,8.91094,13.8424,5.0,9.0,5.0,4.0,7.35656,5.0,12.0,5.0,10.075,8.79812,6.42285,10.5526,7.0,10.0,21.0,19.4304,11.0,24.3566,2.36918,5.0,5.04477,4.0,3.0,14.8594,27.0,5.0,13.5283,8.0,7.13759,5.0,6.67588,2.24575,2.0,11.0,8.0,4.0,4.0,4.41782,29.5508,15.1515,11.9223
LTR36,122.0,109.0,106.0,71.0,88.0,44.0,121.0,133.0,74.0,28.0,84.0,100.0,56.0,73.0,100.0,142.0,106.0,89.0,148.0,97.0,65.0,63.0,62.0,127.0,132.0,111.0,107.0,114.0,84.0,130.0,107.0,89.0,99.0,114.0,117.0,94.0,88.0,55.0,114.0,160.0,132.0,81.0,153.0,83.0,96.0,77.0,114.0,93.0,115.0,128.0,74.0,99.0,86.0,88.0,70.0,115.0,79.0,61.0,53.0,111.0,88.0,94.0,70.0,107.0,122.0,120.0
LTR37B,28.0,26.0,15.0,29.0,36.0,36.0,30.0,33.0,7.0,3.0,34.0,22.0,11.0,15.0,25.0,26.0,6.0,28.0,30.0,37.0,8.0,5.0,13.0,22.0,44.0,44.0,49.0,39.0,11.0,17.0,31.0,14.0,16.0,31.0,18.0,28.0,17.0,23.0,34.0,22.0,29.0,22.0,19.0,28.0,25.0,12.0,16.0,26.0,22.0,32.0,23.0,23.0,18.0,36.0,24.0,31.0,30.0,11.0,15.0,25.0,22.0,19.0,6.0,34.0,40.0,40.0
LTR38,25.0,31.0,16.0,15.0,19.0,33.0,20.0,19.0,28.0,8.0,22.0,47.0,17.0,21.0,64.0,107.0,14.0,29.0,16.0,73.0,14.0,20.0,16.0,18.0,40.0,25.0,23.0,25.0,37.0,22.0,24.0,21.0,25.0,20.0,24.0,26.0,39.0,15.0,16.0,34.0,27.0,29.0,111.0,33.0,32.0,28.0,23.0,20.0,26.0,41.0,35.0,52.0,30.0,19.0,13.0,43.0,21.0,18.0,7.0,30.0,38.0,27.0,25.0,81.0,28.0,18.0
LTR38A1,20.0,22.0,19.0,14.0,11.0,13.0,17.0,11.0,8.0,2.0,2.0,34.0,14.0,15.0,21.0,55.0,7.0,29.0,8.0,20.0,5.0,5.0,5.0,7.0,16.0,12.0,15.0,16.0,12.0,17.0,14.0,19.0,16.0,5.0,18.0,8.0,26.0,12.0,14.0,12.0,7.0,7.0,55.0,16.0,15.0,13.0,11.0,6.0,7.0,37.0,18.0,30.0,11.0,14.0,9.0,24.0,10.0,7.0,13.0,15.0,9.0,16.0,11.0,28.0,16.0,15.0
LTR38B,26.0,56.0,14.0,44.0,26.0,34.0,28.0,62.0,34.0,2.0,31.0,76.0,35.0,33.0,44.0,153.0,22.0,49.0,52.0,106.0,13.0,26.0,19.0,27.0,63.0,37.0,33.0,40.0,46.0,37.0,50.0,17.0,41.0,28.0,42.0,26.0,68.0,64.0,47.0,96.0,54.0,42.0,154.0,28.0,37.0,33.0,55.0,26.0,39.0,115.0,45.0,39.0,41.0,47.0,54.0,47.0,30.0,16.0,58.0,36.0,58.0,56.0,28.0,115.0,67.0,23.0
LTR39,339.0,269.0,324.0,291.0,358.0,450.0,474.0,234.0,381.0,70.0,366.0,437.0,241.0,401.0,402.0,638.0,434.0,379.0,513.0,400.0,262.0,266.0,312.0,579.0,337.004,355.0,214.0,302.0,289.0,258.0,289.0,267.0,312.0,377.0,270.0,331.0,446.0,391.0,337.0,412.0,242.0,240.0,1040.0,515.0,292.0,316.0,365.0,235.0,612.0,822.0,503.0,357.0,473.0,376.0,276.0,528.0,302.0,223.0,331.0,388.0,334.0,362.0,201.0,689.0,374.0,315.0
LTR41B,5.19145,3.44802,0.0,5.40354,5.29044,5.01248,6.30135,1.15528,6.33766,1.0,2.16995,8.55385,1.17715,10.1275,10.1069,22.6264,4.0,4.7814,6.27729,17.9459,1.11064,3.0,1.12997,7.03016,7.0,0.0,0.0,5.54894,15.5669,1.05864,6.0,4.0,5.35484,6.39842,5.12434,0.0,5.50108,3.39301,1.05999,7.99655,3.03769,0.0,10.2622,2.653,1.1546,4.0,6.0,1.03566,3.09127,16.9928,4.26191,3.29297,0.0,3.27777,1.0816,2.20497,1.0822,1.0,7.55004,4.0,3.09519,4.10857,12.6533,23.9766,1.07451,0.0
LTR41C,10.5148,10.8848,4.0,16.6536,15.1055,6.83476,2.13579,3.65257,2.15258,3.0,5.58165,22.9821,3.74677,1.17395,22.3132,27.9733,11.0,10.2357,1.06246,14.0716,12.6789,5.0,8.27065,14.9067,5.0,3.1437,6.0,4.60831,12.6104,6.47752,11.0,9.0,5.48576,6.5423,6.19935,8.93477,10.2401,8.2732,9.73326,23.9683,5.0839,2.0,21.7437,10.4175,7.31378,6.0,6.0,4.19265,6.24533,8.67604,13.1806,10.2076,8.78746,5.63876,3.33414,12.5577,2.22475,3.0,9.96411,12.0,8.33997,8.29144,1.38869,14.0118,9.91099,4.35853
LTR42,37.0,41.0,26.0,31.0,41.0,29.0,21.0,28.0,36.0,8.0,29.0,41.0,27.0,25.0,62.0,73.0,20.0,39.0,36.0,49.0,25.0,8.0,13.0,39.0,25.0,34.0,31.0,47.0,57.0,24.0,21.0,40.0,33.0,25.0,29.0,22.0,44.0,22.0,32.0,71.0,32.0,21.0,94.0,23.0,17.0,34.0,17.0,25.0,25.0,53.0,50.0,31.0,19.0,32.0,18.0,19.0,17.0,10.0,23.0,28.0,32.0,35.0,19.0,72.0,40.0,41.0
LTR43,172.384,163.614,102.248,143.338,148.908,144.678,77.4716,144.616,146.226,24.0,98.7496,270.632,132.555,145.0,227.299,273.703,143.912,185.578,155.946,213.804,140.363,82.5989,103.848,168.411,153.375,140.887,145.925,178.756,147.728,126.934,128.818,139.698,109.129,149.782,172.872,122.823,193.05,139.756,126.74,230.652,161.083,96.6921,421.631,130.448,226.863,122.196,82.2877,112.881,167.523,384.046,120.058,172.839,204.735,130.551,146.0,213.984,77.5954,80.872,109.0,139.682,126.334,178.796,86.2457,296.852,187.214,142.692
LTR43_I,23.0,20.0,23.0,29.0,20.0,28.0,13.0,27.0,55.0,9.0,11.0,48.0,19.0,57.0,55.0,98.0,25.0,22.0,33.0,16.0,14.0,8.0,11.0,28.0,17.0,19.0,9.0,59.0,35.0,12.0,19.0,12.0,15.0,29.0,14.0,11.0,55.0,9.0,16.0,142.0,40.0,22.0,105.0,12.0,30.0,23.0,21.0,18.0,41.0,68.0,107.0,23.0,11.0,16.0,22.0,29.0,9.0,8.0,9.0,20.0,42.0,70.0,16.0,70.0,36.0,15.0
LTR44,14.0,13.0,9.0,12.0,14.0,11.0,16.0,13.0,10.0,2.0,17.0,28.0,11.0,9.0,20.0,28.0,22.0,12.0,17.0,36.0,16.0,10.0,10.0,22.0,15.0,15.0,23.0,13.0,34.0,17.0,16.0,9.0,12.0,15.0,35.0,28.0,28.0,33.0,16.0,47.0,9.0,15.0,74.0,9.0,9.0,11.0,25.0,7.0,22.0,51.0,24.0,32.0,19.0,19.0,20.0,13.0,13.0,6.0,35.0,28.0,13.0,20.0,13.0,74.0,14.0,19.0
LTR47A2,295.319,227.014,309.71,310.639,399.0,202.527,228.117,244.209,303.322,26.0,265.667,151.239,243.308,242.134,342.861,169.971,269.109,230.566,356.993,235.511,288.697,242.0,289.0,348.96,307.591,270.572,261.0,221.398,249.06,262.258,265.247,255.341,204.312,267.596,308.652,232.0,172.857,201.527,322.582,206.0,262.527,257.0,146.076,307.61,292.212,203.0,215.0,200.0,350.636,290.342,253.61,213.984,304.304,252.0,151.495,334.862,214.227,187.0,245.176,272.0,235.144,149.673,208.0,201.548,337.628,413.168
LTR47B2,8.0,33.0,15.0,16.0,13.0,19.8293,12.0,18.0,18.0,3.0,15.0,86.7057,20.0,21.0,51.0,91.4597,11.0,22.0,16.0,44.0,15.0,14.0,13.0,21.0,28.0,17.0,25.0,39.0,37.0,11.0,17.0,16.0,20.0,18.0,16.0,12.0,35.0,24.0,27.0,72.0,42.0,30.0,99.7247,20.0,23.0,26.0,26.0,14.0,28.0,43.0,20.0,27.0,17.0,16.0,25.0,18.0,8.0,8.0,22.0,22.0,31.9135,24.0,14.0,76.8567,42.0,10.0
LTR48B,91.0,89.0,66.0,77.346,90.7386,77.9072,65.0,52.2514,90.5487,10.0,58.0,91.7739,64.0,91.0,86.4333,125.541,63.2264,67.3194,85.0,94.1784,60.5246,54.0,77.2587,104.0,74.1262,111.186,65.1784,71.1838,89.9001,77.0,84.9043,48.6158,75.0,64.0,78.0,59.0,85.2806,61.0,84.3812,94.7817,57.0,95.0,162.274,64.0,80.182,62.3475,98.2017,53.0,68.0,129.365,76.0,74.0,62.3427,74.4285,54.3006,89.0,47.1462,33.5971,76.0,107.222,84.0,74.1781,56.0711,164.486,91.2833,79.0
LTR56,243.803,297.743,169.75,243.975,272.222,235.481,235.212,266.497,186.776,47.6471,205.192,239.787,154.318,218.192,320.47,302.717,164.944,289.986,293.23,302.882,192.276,131.149,182.122,259.009,319.508,251.522,170.628,270.361,272.575,241.558,261.774,169.026,168.372,205.729,170.625,176.711,190.673,219.76,295.918,285.786,349.496,217.809,331.196,228.071,248.513,172.75,180.727,159.126,227.519,386.303,204.767,236.079,268.726,189.857,165.739,282.813,201.529,158.475,258.552,218.21,183.569,247.685,146.126,378.837,233.081,217.741
LTR57,211.0,229.0,176.0,250.0,220.0,207.0,131.0,172.0,260.0,53.0,142.0,203.0,303.0,206.0,298.0,160.0,274.0,265.0,175.0,212.0,171.0,144.0,161.0,190.0,215.0,233.0,151.0,127.0,280.0,170.0,137.0,183.0,145.0,212.0,240.0,153.0,132.0,192.0,242.0,245.0,210.0,214.0,113.0,161.0,222.0,211.0,203.0,173.0,181.0,256.0,245.0,239.0,276.0,270.0,179.0,238.0,117.0,126.0,209.0,241.0,213.0,153.0,168.0,218.0,188.0,177.0
LTR58,19.0,21.0,15.0,15.0,21.0,27.0,5.0,13.0,17.0,5.0,15.0,14.0,25.0,24.0,21.0,16.0,19.0,34.0,12.0,22.0,11.0,12.0,33.0,20.0,17.0,29.0,11.0,14.0,22.0,13.0,20.0,33.0,27.0,14.0,20.0,18.0,21.0,20.0,12.0,9.0,27.0,11.0,23.0,26.0,13.0,29.0,13.0,4.0,16.0,33.0,26.0,29.0,15.0,25.0,14.0,26.0,32.0,13.0,17.0,22.0,26.0,16.0,36.0,20.0,17.0,27.0
LTR59,17.2404,18.5897,6.0,23.2357,13.2504,11.2027,18.3404,27.1662,7.10328,6.0,17.1155,45.1636,24.151,16.0,25.457,76.8125,19.0,27.3299,27.0,38.606,25.1528,27.3331,14.0,29.3849,27.6312,21.0,27.1434,29.0,21.1657,19.3539,18.0,21.4117,38.8332,9.05505,29.8135,11.0781,51.4432,11.0564,23.5254,24.3335,29.2787,14.1754,122.819,19.2038,40.1738,11.2061,27.0,20.3269,67.2354,60.3799,19.7729,14.3986,10.2485,23.1225,16.225,20.0974,12.0,13.1363,18.0,43.6011,18.3297,16.1613,21.2442,78.0631,30.1566,15.2099
LTR60,92.0,93.0,29.0,97.0,88.0,116.0,78.0,109.0,92.0,41.0,67.0,82.0,109.0,114.0,71.0,47.0,97.0,82.0,116.0,68.0,64.0,64.0,88.0,187.0,182.0,69.0,117.0,124.0,102.0,87.0,104.0,76.0,58.0,80.0,60.0,98.0,39.0,81.0,96.0,38.0,202.0,153.0,23.0,143.0,96.0,59.0,34.0,36.0,62.0,71.0,59.0,109.0,87.0,56.0,60.0,77.0,75.0,39.0,90.0,136.0,68.0,86.0,58.0,70.0,71.0,99.0
LTR62,68.0,55.0,38.0,57.0,45.0,57.0,27.0,49.0,64.0,24.0,28.0,124.0,22.0,51.0,93.0,206.0,31.0,47.0,32.0,125.0,36.0,31.0,49.0,60.0,53.0,58.0,55.0,63.0,74.0,42.0,41.0,45.0,77.0,45.0,69.0,33.0,104.0,91.0,56.0,88.0,74.0,46.0,279.0,49.0,68.0,57.0,37.0,42.0,75.0,196.0,70.0,56.0,43.0,31.0,36.0,59.0,32.0,10.0,33.0,73.0,69.0,87.0,31.0,139.0,65.0,44.0
LTR65,55.0,36.0,49.0,34.0,85.0,54.0,31.0,65.0,29.0,6.0,29.0,61.0,22.0,57.0,62.0,33.0,33.0,38.0,37.0,32.0,49.0,46.0,23.0,54.0,84.0,27.0,47.0,44.0,26.0,27.0,32.0,18.0,49.0,37.0,17.0,24.0,35.0,40.0,38.0,30.0,69.0,52.0,22.0,61.0,43.0,17.0,29.0,20.0,92.0,42.0,32.0,52.0,45.0,34.0,36.0,90.0,45.0,24.0,76.0,38.0,40.0,37.0,29.0,42.0,42.0,49.0
LTR67B,16.0,15.0,18.0,12.0,14.0,11.0,14.0,16.0,10.0,9.0,5.0,19.0,6.0,7.0,20.0,27.0,15.0,13.0,19.0,28.0,11.0,9.0,12.0,25.0,13.0,18.0,9.0,18.0,13.0,14.0,14.0,13.0,13.0,14.0,24.0,8.0,10.0,13.0,19.0,13.0,28.0,20.0,23.0,10.0,5.0,11.0,43.0,22.0,50.0,38.0,18.0,12.0,13.0,13.0,13.0,30.0,14.0,8.0,9.0,21.0,24.0,14.0,10.0,22.0,20.0,8.0
LTR69,1.0,1.0,2.0,2.0,0.0,2.0,1.0,0.0,0.0,0.0,0.0,15.0,0.0,1.0,2.0,26.0,0.0,1.0,0.0,1.0,0.0,0.0,2.0,0.0,2.0,2.0,1.0,4.0,4.0,0.0,2.0,3.0,1.0,2.0,2.0,1.0,17.0,3.0,0.0,2.0,0.0,0.0,36.0,0.0,1.0,1.0,1.0,4.0,1.0,5.0,0.0,0.0,0.0,0.0,0.0,1.0,1.0,0.0,0.0,1.0,4.0,0.0,0.0,14.0,3.0,0.0
LTR6A,266.145,217.299,236.859,309.785,295.307,241.849,216.026,224.387,292.757,78.2804,185.277,292.863,148.52,180.086,475.815,355.302,185.104,169.832,247.915,297.232,132.974,241.993,225.175,325.445,354.661,269.338,226.124,293.381,244.466,212.65,196.197,212.801,240.393,198.184,252.783,180.898,240.124,163.617,287.359,353.647,346.967,256.881,464.175,196.952,235.345,200.063,505.272,186.306,195.657,475.737,275.075,318.456,178.823,252.858,252.21,237.803,191.634,118.765,205.092,233.007,318.88,271.099,142.139,458.444,260.095,270.307
LTR72,56.0,55.0,41.0,53.0,73.0,42.0,48.0,55.0,82.0,11.0,35.0,54.0,43.0,57.0,66.0,101.0,46.0,62.0,46.0,59.0,35.0,32.0,38.0,58.0,44.0,71.0,47.0,53.0,65.0,55.0,44.0,45.0,55.0,40.0,59.0,40.0,64.0,41.0,56.0,79.0,53.0,43.0,82.0,61.0,36.0,34.0,49.0,34.0,53.0,115.0,72.0,59.0,32.0,50.0,37.0,59.0,33.0,29.0,32.0,49.0,64.0,60.0,54.0,76.0,53.0,64.0
LTR75,4.0,5.0,2.0,4.0,1.0,2.0,2.0,4.0,6.0,0.0,2.0,5.0,0.0,2.0,7.0,7.0,3.0,4.0,5.0,3.0,5.0,10.0,9.0,1.0,6.0,3.0,4.0,3.0,3.0,2.0,2.0,3.0,9.0,3.0,5.0,7.0,5.0,2.0,2.0,2.0,12.0,6.0,6.0,8.0,5.0,2.0,8.0,2.0,8.0,3.0,1.0,8.0,4.0,0.0,5.0,10.0,5.0,4.0,7.0,3.0,7.0,1.0,4.0,14.0,2.0,2.0
LTR77,51.0,38.0,32.0,30.0,20.0,29.0,17.0,38.0,52.0,3.0,23.0,73.0,41.0,46.0,63.0,99.0,31.0,57.0,30.0,51.0,36.0,17.0,38.0,52.0,26.0,18.0,18.0,53.0,32.0,39.0,39.0,32.0,34.0,32.0,62.0,25.0,71.0,30.0,43.0,45.0,39.0,28.0,176.0,50.0,40.0,30.0,35.0,18.0,39.0,101.0,43.0,56.0,44.0,36.0,28.0,97.0,13.0,15.0,13.0,33.0,29.0,73.0,34.0,100.0,52.0,25.0
LTR79,0.0,0.0,0.0,0.0,0.0,0.0,0.0,0.0,0.0,0.0,0.0,1.0,1.0,0.0,2.0,8.0,2.0,0.0,0.0,0.0,1.0,0.0,1.0,0.0,2.0,0.0,0.0,1.0,0.0,1.0,1.0,0.0,0.0,1.0,0.0,0.0,5.0,0.0,0.0,0.0,0.0,1.0,8.0,1.0,0.0,0.0,0.0,0.0,0.0,0.0,0.0,0.0,0.0,0.0,0.0,0.0,4.0,2.0,1.0,0.0,0.0,0.0,0.0,6.0,0.0,0.0
LTR7A,2075.64,1728.5,1300.41,1654.4,1344.67,1528.33,1209.43,1420.2,1639.97,296.035,932.389,3316.68,1214.03,1238.75,2891.41,5625.98,1088.53,1558.39,1545.44,2766.17,1027.4,1109.06,891.613,1758.47,1717.8,1822.94,1386.01,1321.08,2433.77,1243.53,1289.68,1191.75,1298.91,1397.81,2046.24,1046.61,3194.12,1324.33,1360.05,2885.0,1640.76,1147.9,9517.99,1204.07,1206.26,1423.65,1278.35,1330.25,1541.72,2906.42,1886.02,2206.65,1770.95,1208.85,1210.14,1483.97,939.47,825.216,1238.05,1636.96,1777.07,1751.84,1254.49,3869.18,2189.45,1232.51
LTR7Y,3003.11,2241.26,1856.56,2156.02,1897.98,1772.22,1742.24,1961.47,1918.34,510.733,1232.88,3223.24,1634.1,1381.5,3887.51,4289.39,1659.38,2111.17,2353.14,3580.62,1432.71,1696.5,1319.54,2632.58,2587.9,2442.57,2436.13,1945.99,2948.61,1722.55,1625.52,1405.63,2119.76,1769.18,2940.39,1383.46,2312.49,1410.9,1868.29,4533.12,2820.56,1515.45,4136.43,1632.45,1718.5,2402.63,2383.8,1631.48,1945.65,3092.3,2463.32,2873.98,2731.8,1910.77,1553.87,2013.32,1373.49,1295.65,1728.54,2266.31,2311.97,2032.28,1931.8,2830.92,2588.56,1902.79
LTR8,2563.0,2682.93,1581.0,2300.78,2069.85,2111.83,1746.78,2127.9,1897.91,518.0,1557.9,3868.7,1450.0,1864.89,3283.67,5090.86,1647.8,2482.92,2172.77,3034.0,1464.88,1470.0,1533.0,2611.92,2833.0,2133.0,2243.8,2248.81,2683.87,1807.84,2174.7,1665.0,1796.75,2004.93,2466.0,1452.0,2853.81,1861.0,2314.87,3544.54,2736.55,1823.83,6062.69,1960.9,2109.89,1884.0,1756.95,1682.0,2184.78,4085.7,2290.62,2646.76,2337.84,1862.0,1694.0,2440.71,1362.91,1063.0,1919.91,2635.82,2136.93,2642.88,1640.84,4349.84,2673.94,1888.92
LTR82A,1.0,1.0,2.0,4.0,3.0,2.0,0.0,1.0,0.0,1.0,1.0,3.0,4.0,1.0,6.0,7.0,4.0,0.0,5.0,2.0,0.0,2.0,0.0,1.0,5.0,2.0,0.0,1.0,1.0,2.0,3.0,2.0,2.0,5.0,1.0,2.0,3.0,3.0,3.0,4.0,1.0,0.0,6.0,3.0,2.0,4.0,0.0,2.0,1.0,5.0,0.0,1.0,2.0,6.0,2.0,9.0,2.0,1.0,3.0,0.0,0.0,0.0,1.0,5.0,2.0,0.0
LTR82B,0.0,0.0,0.0,0.0,1.0,0.0,1.0,0.0,0.0,0.0,0.0,0.0,0.0,1.0,0.0,4.0,0.0,0.0,0.0,2.0,0.0,0.0,0.0,0.0,1.0,0.0,0.0,1.0,0.0,0.0,0.0,0.0,1.0,0.0,0.0,0.0,1.0,1.0,0.0,2.0,1.0,0.0,4.0,0.0,0.0,0.0,0.0,0.0,0.0,1.0,1.0,0.0,0.0,0.0,0.0,0.0,0.0,0.0,0.0,0.0,0.0,0.0,1.0,1.0,1.0,0.0
LTR83,0.0,0.0,0.0,0.0,0.0,0.0,0.0,0.0,0.0,0.0,0.0,1.0,0.0,0.0,0.0,4.0,0.0,0.0,0.0,0.0,0.0,0.0,0.0,0.0,0.0,0.0,0.0,0.0,0.0,0.0,0.0,0.0,0.0,0.0,0.0,0.0,0.0,0.0,0.0,0.0,0.0,0.0,3.0,0.0,0.0,0.0,0.0,0.0,0.0,0.0,0.0,0.0,0.0,0.0,0.0,0.0,0.0,0.0,0.0,0.0,0.0,0.0,0.0,0.0,0.0,0.0
LTR85c,0.0,0.0,0.0,0.0,0.0,0.0,1.0,0.0,0.0,0.0,0.0,2.0,0.0,0.0,0.0,4.0,0.0,0.0,1.0,0.0,0.0,0.0,0.0,0.0,0.0,0.0,0.0,0.0,0.0,0.0,0.0,0.0,0.0,0.0,0.0,0.0,0.0,0.0,0.0,0.0,0.0,0.0,5.0,0.0,0.0,0.0,0.0,0.0,0.0,0.0,0.0,0.0,0.0,0.0,0.0,0.0,0.0,0.0,0.0,0.0,0.0,0.0,0.0,2.0,0.0,0.0
LTR8A,419.0,488.718,354.0,441.0,443.0,482.0,338.0,466.0,344.0,87.0,351.0,807.0,304.066,446.557,674.0,1137.0,338.557,525.563,479.0,598.0,302.534,318.0,340.0,456.54,516.522,466.0,384.0,443.0,529.14,356.52,448.551,321.531,370.561,407.0,428.0,349.532,640.0,389.0,446.581,686.0,537.0,387.0,1548.57,433.0,400.0,371.0,387.0,349.0,515.0,840.569,436.556,535.0,428.0,367.0,349.547,560.504,286.0,201.0,368.592,406.498,399.554,447.0,371.0,1210.18,479.54,379.0
LTR9,416.0,413.0,225.0,316.0,406.0,326.0,333.0,320.0,258.0,122.0,243.0,629.0,269.0,373.0,572.0,812.0,259.0,417.0,397.0,517.0,248.0,253.0,250.0,393.0,535.0,401.0,380.0,343.0,418.0,295.0,381.197,314.0,232.0,346.0,339.0,289.0,473.0,306.0,335.0,565.0,530.0,290.0,1004.0,321.0,483.0,242.0,276.0,328.0,340.0,689.0,395.0,603.0,336.0,301.0,247.0,452.0,323.0,201.0,301.0,353.0,293.0,358.0,212.0,627.0,394.0,341.0
LTR9A1,371.0,285.0,264.0,310.0,353.0,308.0,238.0,289.0,333.929,135.0,257.0,527.0,252.24,274.0,461.213,731.0,235.0,384.0,270.0,351.551,217.0,211.0,269.0,384.0,381.0,281.574,250.0,410.637,402.0,244.0,279.0,257.0,263.0,270.0,325.0,191.0,381.0,242.0,312.0,510.0,382.0,308.0,966.137,319.629,350.0,256.0,274.0,285.67,317.0,529.0,310.609,410.605,389.0,275.828,270.0,367.0,238.0,155.0,264.623,343.0,300.64,371.631,228.0,596.0,350.0,285.0
LTR9D,186.0,183.0,106.0,157.0,166.0,169.0,141.0,145.0,160.071,20.0,110.0,334.0,124.0,126.0,258.787,455.0,156.0,195.0,137.0,247.449,106.0,99.0,110.0,159.0,216.0,180.426,161.0,201.363,223.0,157.0,147.0,155.0,159.0,175.0,146.0,146.0,253.0,133.0,155.0,279.0,242.0,136.0,630.863,162.371,179.0,145.0,103.0,121.33,165.0,365.0,172.391,231.395,176.0,152.172,137.0,180.0,94.0,66.0,138.377,166.0,146.36,187.369,105.0,372.0,208.0,158.0
MER101_I,320.0,330.0,269.0,466.0,419.0,413.0,257.0,364.0,335.0,65.0,338.0,248.0,294.0,533.0,378.0,299.0,357.0,452.0,316.0,365.0,342.0,276.0,309.0,401.0,445.0,269.0,222.0,246.0,323.0,340.0,324.0,287.0,270.0,290.0,374.0,280.0,299.0,300.0,409.0,356.0,332.0,385.0,256.0,410.0,383.0,347.0,255.0,224.0,350.0,590.0,433.0,449.0,322.0,281.0,281.0,510.0,309.0,182.0,360.0,432.0,212.0,413.0,222.0,476.0,209.0,421.0
MER11C,3270.84,2905.35,2258.8,3147.18,2587.91,2914.38,2426.75,3374.57,3349.06,1146.63,2379.88,3808.87,2406.5,2441.13,4783.59,4210.11,2486.05,3027.06,3389.41,3919.61,2192.26,2321.35,2259.97,4112.78,3464.01,3159.91,3354.18,2850.86,3757.04,2537.84,2784.54,1994.11,2598.99,2663.15,3122.03,2310.86,2869.4,2543.63,2984.16,4848.27,3881.4,2848.19,5967.55,3042.71,2499.99,2565.29,2870.37,2082.33,2817.16,4960.65,3190.22,3461.25,3562.68,2939.53,2484.25,4351.85,1709.98,1800.95,2187.65,3451.17,2954.53,3487.58,2243.97,4360.91,3643.31,2761.93
MER11D,1078.0,982.0,860.0,1027.0,824.0,937.0,646.0,796.0,965.0,150.0,694.0,1521.0,867.0,831.0,1626.0,2500.0,709.0,1139.0,871.0,1255.0,700.0,752.0,628.0,1088.0,1069.0,916.0,764.0,867.0,1299.0,821.0,826.0,676.0,821.0,807.0,1167.0,675.0,1466.0,767.0,941.0,1499.0,1270.0,990.0,2671.0,1027.0,952.0,927.0,776.0,641.0,878.0,1824.0,1043.0,1197.0,769.0,950.0,802.0,1119.0,536.0,599.0,639.0,1247.0,912.0,1027.0,798.0,1733.0,1258.0,809.0
MER131,0.0,0.0,0.0,0.0,0.0,0.0,0.0,0.0,0.0,0.0,0.0,0.0,0.0,0.0,0.0,4.0,0.0,0.0,0.0,0.0,0.0,0.0,0.0,0.0,0.0,0.0,0.0,0.0,0.0,0.0,0.0,0.0,0.0,0.0,0.0,0.0,1.0,0.0,0.0,0.0,0.0,0.0,1.0,0.0,0.0,0.0,0.0,0.0,0.0,0.0,0.0,0.0,0.0,0.0,0.0,0.0,0.0,0.0,0.0,0.0,0.0,0.0,0.0,2.0,0.0,0.0
MER25,288.667,306.275,153.353,235.129,216.751,208.589,210.115,244.401,247.623,77.9511,162.992,412.051,204.323,205.12,408.653,721.108,163.915,290.218,277.925,376.587,163.51,158.638,193.117,313.891,258.962,279.702,203.257,218.928,312.174,245.727,241.377,199.384,156.647,233.033,354.528,172.498,433.759,245.261,278.236,380.312,344.645,218.515,670.195,246.7,274.042,208.641,162.51,177.411,243.761,464.488,273.006,273.063,221.154,228.921,178.977,321.276,165.227,130.878,222.986,249.274,197.944,263.011,190.028,544.446,388.901,193.301
MER31A,242.0,274.492,139.0,223.701,192.687,202.673,198.161,245.285,182.722,40.0,169.407,345.393,141.724,240.0,319.706,507.125,170.739,247.713,248.299,327.0,170.739,201.42,128.0,279.001,328.271,253.562,202.0,189.962,245.117,221.203,194.707,162.63,260.769,226.762,203.0,227.754,256.706,213.627,262.743,344.0,323.076,226.373,530.769,196.744,224.0,179.0,207.731,173.752,254.758,392.297,267.71,252.703,164.238,201.432,175.041,307.295,178.0,157.494,188.0,220.0,208.761,252.653,161.241,391.061,234.895,187.414
MER34-int,32.0,46.0,23.0,22.0,12.0,14.0,24.0,20.0,16.0,3.0,21.0,37.0,19.0,21.0,35.0,62.0,20.0,31.0,34.0,51.0,24.0,19.0,23.0,41.0,34.0,24.0,17.0,30.0,39.0,25.0,31.0,24.0,27.0,23.0,29.0,21.0,49.0,21.0,33.0,42.0,28.0,11.0,84.0,19.0,30.0,26.0,14.0,19.0,26.0,28.0,35.0,20.0,30.0,30.0,20.0,21.0,10.0,13.0,26.0,29.0,13.0,31.0,32.0,59.0,28.0,18.0
MER34A1,52.6344,79.3467,63.3338,56.792,43.6903,46.2702,42.1884,90.2399,52.2218,27.7965,27.5589,84.7972,40.7618,46.7495,64.9169,163.724,53.3885,45.8858,59.6206,55.1903,39.8597,41.8786,51.3473,58.5314,105.078,49.1615,42.3726,44.9062,60.155,73.4997,67.4053,52.2522,36.3862,56.3995,44.8899,62.7109,88.0886,54.2764,52.4633,88.3155,66.9945,50.4274,200.177,51.2894,53.6675,51.241,67.6132,43.4783,85.6741,86.3962,34.5268,36.105,39.7922,54.5016,34.2198,77.0562,20.2939,27.8927,48.2565,65.6806,53.1662,47.1206,39.6781,135.898,58.5122,49.2085
MER34D,66.0,71.0,73.0,73.0,65.0,56.0,45.0,65.0,55.0,18.0,61.0,88.0,62.0,44.0,79.0,138.0,55.0,60.0,74.0,58.0,36.0,29.0,51.0,52.0,85.0,68.0,59.0,50.0,74.0,55.0,59.0,53.0,49.0,35.0,64.0,46.0,80.0,51.0,77.0,124.0,121.0,46.0,134.0,58.0,59.0,40.0,41.0,57.0,65.0,107.0,56.0,77.0,72.0,48.0,62.0,65.0,44.0,14.0,48.0,82.0,52.0,84.0,67.0,116.0,59.0,45.0
MER39B,524.415,537.438,331.825,402.446,416.317,437.244,331.585,501.023,373.629,106.321,333.55,673.307,310.548,413.923,616.761,978.755,401.737,471.444,482.535,569.908,305.894,364.082,292.884,525.881,600.743,415.415,489.767,426.7,548.456,392.346,424.052,309.698,426.393,451.34,469.559,376.561,577.282,365.923,463.069,696.565,623.836,422.609,1372.05,421.621,477.272,372.676,352.947,348.519,464.772,799.795,455.849,494.376,405.74,420.472,370.002,628.676,341.268,234.538,308.252,498.595,390.266,457.545,350.974,950.308,500.465,460.298
MER41G,24.0,18.0,29.0,17.0,12.0,20.0,23.0,22.0,11.0,4.0,9.0,65.0,9.0,13.0,29.0,85.0,8.0,19.0,24.0,41.0,4.0,9.0,15.0,33.0,16.0,20.0,12.0,37.0,21.0,16.0,22.0,15.0,11.0,22.0,53.0,3.0,32.0,25.0,16.0,32.0,16.0,14.0,125.0,14.0,11.0,24.0,15.0,21.0,25.0,58.0,16.0,18.0,11.0,3.0,15.0,19.0,10.0,3.0,14.0,8.0,20.0,20.0,10.0,67.0,51.0,13.0
MER4A,449.408,469.61,252.649,392.375,389.326,383.977,338.865,331.629,366.214,80.0024,324.304,490.441,303.536,355.046,511.149,800.226,302.173,426.237,387.702,537.023,289.783,316.421,330.102,392.142,432.94,422.503,277.343,417.856,482.603,352.295,392.808,348.58,416.872,343.385,390.792,333.125,522.963,324.99,354.854,611.669,471.161,332.171,935.62,339.363,410.685,331.491,326.786,317.406,463.784,736.797,402.138,493.632,350.015,332.993,258.269,502.347,248.72,207.095,295.424,486.708,367.118,406.796,297.249,771.832,444.735,336.379
MER4A1,2895.2,2886.34,1945.15,2608.68,2266.76,2724.38,1900.18,2490.24,2531.39,565.905,1784.87,3703.86,2195.46,2319.49,3968.17,5450.06,1970.91,3165.2,2524.4,3523.44,1819.97,1717.75,1919.64,3072.35,2661.87,2659.16,2069.18,2642.84,3055.66,2232.73,2252.09,1939.25,2239.27,2204.51,2810.24,1921.76,3084.97,2359.59,2628.82,3639.02,3083.56,2308.34,6787.16,2445.19,2613.25,2205.76,2177.14,1798.45,2412.48,4914.06,2612.07,3244.33,2712.13,2392.95,2016.0,3043.7,1538.44,1420.86,1937.83,2697.32,2386.14,2537.22,1803.41,5439.89,3039.29,2206.75
MER4C,460.336,490.858,295.295,474.481,462.366,472.255,419.919,439.245,403.322,96.6974,348.084,602.082,303.638,433.355,577.467,754.875,378.15,504.992,437.167,625.751,317.306,348.169,383.659,522.991,490.334,439.619,369.165,398.121,510.55,430.648,476.123,336.649,378.698,407.252,465.675,333.357,498.871,456.943,466.562,689.886,643.978,451.887,1132.49,443.081,466.074,387.586,356.85,352.825,499.12,971.195,432.302,535.177,384.421,440.843,422.913,504.127,319.525,252.923,433.951,511.16,374.379,503.846,349.323,1062.03,430.563,454.184
MER4D1,1364.39,1433.85,1028.54,1439.24,1484.32,1530.65,1236.97,1394.85,1313.86,414.179,1058.04,2420.8,923.624,1290.61,2161.47,3448.25,1072.06,1561.88,1441.04,1646.96,948.632,1094.02,1111.67,1594.26,1738.1,1327.62,1183.17,1543.44,1638.39,1195.28,1379.49,1115.76,1183.41,1361.34,1225.19,1056.61,2019.67,1173.88,1357.19,1898.11,2007.85,1319.21,4725.69,1356.46,1454.21,1102.73,1090.58,1025.14,1573.94,2502.7,1442.45,1633.34,1129.19,1303.12,1047.17,1828.86,895.304,757.874,1039.43,1718.67,1212.17,1615.26,974.067,3674.2,1481.2,1177.39
MER4D_LTR,552.212,554.122,274.036,470.468,514.772,740.357,409.989,545.943,372.007,157.784,438.189,887.507,373.494,599.366,835.947,1273.51,447.564,935.128,468.408,845.173,500.43,414.336,386.25,587.951,665.735,615.44,418.265,644.267,679.452,528.124,533.332,351.276,586.696,456.381,428.674,458.548,682.162,478.105,535.629,795.043,731.377,455.433,1524.21,590.74,553.417,423.349,490.977,405.631,831.206,1131.46,572.113,629.219,747.027,481.503,437.387,725.596,389.459,327.938,402.209,561.699,522.37,593.789,470.947,1252.93,597.248,464.206
MER4E1,1315.59,1311.72,789.282,1367.69,1455.98,1365.97,995.848,1380.0,944.769,341.507,970.051,1761.13,864.716,1142.47,1661.37,2283.71,993.159,1441.22,1235.47,1477.04,987.31,826.338,788.646,1521.66,2098.95,1369.62,1265.33,1418.87,1348.07,977.234,1204.55,718.498,1117.05,1003.97,1006.89,1034.34,1681.76,984.265,1190.43,1579.43,2255.54,1020.12,2863.79,1457.63,1359.7,1033.73,982.651,755.054,1445.7,2264.52,1134.69,1490.29,1382.93,1176.32,818.249,1630.84,774.99,746.499,1384.85,1230.62,1115.03,1204.48,916.283,2529.53,1327.96,1263.73
MER50,542.819,521.635,366.821,537.974,515.903,524.915,424.863,508.936,450.932,126.985,433.977,729.617,440.975,405.872,723.562,1063.81,365.91,691.538,501.911,781.575,420.983,364.0,416.964,595.846,659.883,534.931,490.844,538.859,577.839,453.919,461.946,385.964,388.961,456.922,552.948,399.946,599.757,469.921,499.963,906.493,673.967,497.0,1182.75,464.984,620.671,432.741,413.896,377.66,513.901,1103.09,472.976,631.895,414.286,382.805,484.767,765.707,353.0,292.0,419.947,533.802,492.917,547.645,429.983,883.666,653.777,450.982
MER50B,235.0,205.0,168.0,201.0,220.0,196.0,137.0,223.0,246.0,47.0,157.0,404.0,167.0,164.0,378.0,641.0,138.0,289.0,229.0,301.0,143.0,140.0,215.0,215.0,182.0,196.0,171.0,226.0,255.0,176.0,187.0,183.0,218.0,202.0,280.0,165.0,355.0,183.0,194.0,386.0,286.0,220.0,992.0,171.0,194.0,175.0,170.0,166.0,231.0,439.0,215.0,245.0,173.0,192.0,190.0,228.0,132.0,103.0,182.0,224.0,200.0,257.0,176.0,561.0,294.0,168.0
MER51A,1063.74,966.192,761.47,882.085,910.805,796.228,760.268,1002.77,890.939,222.935,759.114,1193.41,672.075,871.861,1179.35,1402.83,784.222,1001.46,872.242,1218.04,807.48,781.521,649.939,1074.34,1110.57,963.585,937.872,992.734,1086.17,826.279,867.326,758.0,826.102,756.844,991.007,835.267,835.737,836.156,989.838,1522.47,1348.93,940.863,1492.13,880.136,898.485,831.778,816.4,673.64,875.656,1756.25,905.849,1032.44,977.079,905.31,797.582,1071.25,653.663,604.872,841.294,951.974,820.365,969.688,756.298,1404.63,1006.08,924.359
MER51B,468.257,447.808,329.53,483.915,418.195,377.772,297.732,401.225,404.061,120.065,327.886,500.594,322.925,452.139,579.652,773.166,312.778,583.538,387.758,529.958,295.52,296.479,432.061,446.661,429.43,426.415,429.128,431.266,475.825,398.721,356.674,329.0,395.898,305.156,359.993,373.733,430.263,354.844,353.162,523.533,537.066,376.137,980.873,428.864,417.515,362.222,363.6,311.36,434.344,897.754,516.151,560.559,452.921,404.69,340.418,443.754,302.337,245.128,372.706,439.026,384.635,375.312,362.702,689.375,466.916,420.641
MER51D,49.0,64.0,31.0,60.0,51.0,46.0,43.0,62.0,36.0,16.0,34.0,90.0,31.0,60.0,46.0,111.0,44.0,57.0,30.0,159.0,51.0,16.0,31.0,48.0,61.0,52.0,36.0,50.0,78.0,50.0,47.0,43.0,37.0,57.0,65.0,47.0,73.0,87.0,42.0,148.0,118.0,90.0,160.0,52.0,60.0,64.0,27.0,29.0,40.0,166.0,81.0,64.0,52.0,58.0,52.0,66.0,47.0,22.0,80.0,44.0,65.0,103.0,38.0,110.0,62.0,42.0
MER52C,540.0,568.0,369.0,446.601,378.594,322.0,331.0,409.0,398.0,137.0,277.0,684.0,359.0,264.0,824.0,761.0,322.0,510.0,439.0,736.0,301.0,255.0,407.0,468.0,432.0,560.0,590.0,442.0,643.0,387.0,352.0,368.0,389.631,338.0,552.0,340.0,492.0,373.0,434.0,1057.0,607.0,412.0,661.0,384.0,453.0,412.0,354.0,428.619,352.0,738.0,487.0,644.0,621.0,504.0,407.0,473.63,270.0,267.0,435.643,454.0,533.0,418.0,352.0,592.0,702.0,329.0
MER57A1,561.0,661.0,391.0,604.0,554.0,704.0,371.0,587.0,572.0,92.0,380.0,823.0,417.0,473.0,831.0,1049.0,518.0,815.0,553.0,775.0,405.0,415.0,435.0,631.0,636.0,520.0,417.0,568.0,605.0,540.0,569.0,450.0,523.0,465.0,495.0,384.0,687.0,464.0,628.0,855.0,697.0,463.0,1586.0,616.0,587.0,444.0,382.0,413.0,669.0,1071.0,618.0,740.0,599.0,495.0,438.0,766.0,340.0,252.0,426.0,586.0,478.0,556.0,440.0,1287.0,542.0,507.0
MER57B2,137.523,159.623,102.692,124.31,129.351,155.14,111.476,148.337,120.396,26.7875,119.483,227.021,71.3758,130.924,180.263,306.468,97.5735,143.687,115.36,138.59,98.9708,139.97,130.159,169.991,176.684,147.187,142.966,164.609,157.687,129.122,174.897,116.783,125.836,112.785,116.087,123.935,196.96,120.385,132.473,208.589,190.822,147.194,588.924,113.687,161.052,113.965,115.301,100.264,158.987,231.123,97.7305,150.802,111.906,129.701,95.3772,186.688,103.454,95.528,106.328,139.04,148.68,123.725,106.585,426.885,161.923,154.001
MER57C2,50.4102,54.7001,59.847,43.0038,49.8953,63.0675,32.869,31.3715,53.3227,5.0,34.2806,101.475,41.5266,43.3319,78.9375,155.337,47.1759,54.016,67.5907,48.2465,27.0386,21.1949,42.5984,85.4139,68.6631,49.6944,38.3349,52.5482,50.0547,36.9708,39.6673,47.6258,40.6528,48.9507,75.4201,37.0084,126.333,42.4773,36.1225,51.3335,55.5685,49.4992,205.669,66.0119,39.1872,37.2162,43.6656,43.9424,80.0503,136.949,60.9572,75.168,25.9045,51.8955,37.038,79.8336,36.0844,27.6727,42.8537,53.3248,50.9958,32.7297,38.1081,187.245,75.6091,33.5927
MER57F,24.0,26.0,12.0,33.0,23.0,32.0,20.0,14.0,25.0,12.0,10.0,52.0,21.0,19.0,30.0,91.0,43.0,39.0,24.0,23.0,7.0,13.0,20.0,12.0,27.0,17.0,5.0,46.0,28.0,16.0,19.0,19.0,15.0,18.0,12.0,25.0,71.0,25.0,18.0,39.0,27.0,27.0,100.0,21.0,33.0,17.0,17.0,11.0,28.0,53.0,18.0,17.0,9.0,29.0,12.0,19.0,10.0,1.0,24.0,14.0,24.0,33.0,15.0,121.0,22.0,13.0
MER61B,108.088,86.8221,75.3901,105.07,105.274,68.0624,69.1542,85.0055,86.3164,25.3168,64.1838,110.324,72.4675,81.6312,169.406,201.379,66.9052,101.406,98.9236,106.335,58.8804,66.9166,76.121,95.4525,75.8791,84.3574,82.4151,87.9434,105.549,82.9929,88.2554,88.5642,65.8779,56.7716,71.0619,66.3573,105.64,50.0258,90.453,135.101,124.652,100.447,206.731,89.8609,105.268,47.3632,44.9764,76.2244,75.1888,150.997,98.2195,96.2758,80.6525,86.077,60.3721,140.155,39.7858,78.417,60.0779,91.8637,85.154,84.8971,61.299,134.861,94.2085,65.0226
MER65B,2.69775,0.0,0.0,0.0,0.0,4.12181,0.0,0.0,0.0,0.0,0.0,4.38996,0.0,0.0,1.20776,15.8397,0.0,0.0,0.0,0.0,0.0,0.0,0.0,0.0,1.59652,1.41007,1.35685,1.42435,0.0,0.0,1.39112,0.0,0.0,0.0,0.0,0.0,11.0734,0.0,0.0,0.0,0.0,0.0,28.8157,0.0,0.0,0.0,0.0,0.0,2.8162,0.0,1.40788,0.0,0.0,0.0,0.0,0.0,0.0,0.0,0.0,0.0,0.0,0.0,0.0,18.6636,2.97146,0.0
MER66B,21.4562,20.3243,5.35496,21.3707,21.3378,22.3802,3.89007,17.0333,13.0169,3.73722,12.5581,44.8197,9.76255,24.177,24.4685,55.1455,14.9469,15.7177,20.4774,51.0878,6.85892,18.065,17.5147,19.1218,5.00469,11.1199,4.89745,7.82706,26.8264,12.0987,14.312,12.1882,23.7879,17.1729,31.4925,4.00713,21.719,31.3959,3.12972,47.0699,2.63428,7.29313,47.9552,21.4078,40.2456,19.6448,8.4023,15.1201,22.7702,61.982,17.5621,34.6583,13.7076,5.88316,9.06612,30.0362,7.076,8.6436,12.3548,32.5232,21.6577,24.7892,13.7046,19.7441,30.1352,12.9001
MER67A,35.0,31.0,13.0,37.0,24.0,29.0,21.0,27.0,33.0,9.0,12.0,42.0,21.0,30.0,67.0,53.0,21.0,22.0,25.0,40.0,32.0,16.0,16.0,31.0,33.0,49.0,29.0,32.0,41.0,28.0,23.0,19.0,25.0,18.0,29.0,19.0,39.0,30.0,22.0,65.0,24.0,24.0,78.0,36.0,35.0,29.0,13.0,24.0,21.0,66.0,34.0,35.0,13.0,27.0,21.0,55.0,22.0,12.0,15.0,34.0,31.0,24.0,21.0,77.0,47.0,26.0
MER68C,0.0,0.0,0.0,0.0,0.0,0.0,0.0,0.0,0.0,0.0,0.0,1.0,0.0,0.0,0.0,1.0,0.0,0.0,0.0,0.0,0.0,0.0,0.0,0.0,0.0,0.0,0.0,3.0,0.0,0.0,1.0,0.0,0.0,0.0,0.0,0.0,1.0,0.0,0.0,2.0,1.0,0.0,4.0,0.0,4.0,0.0,0.0,0.0,0.0,0.0,3.0,0.0,0.0,0.0,0.0,0.0,0.0,0.0,0.0,1.0,0.0,0.0,0.0,0.0,0.0,1.0
MER70B,0.0,0.0,0.0,0.0,0.0,0.0,0.0,0.0,0.0,0.0,0.0,0.0,0.0,0.0,0.0,15.7162,0.0,0.0,0.0,0.0,0.0,0.0,0.0,0.0,0.0,0.0,0.0,0.0,0.0,0.0,0.0,0.0,0.0,0.0,0.0,0.0,2.46039,0.0,0.0,0.0,0.0,0.0,25.4037,0.0,0.0,0.0,0.0,0.0,0.0,0.0,2.47921,0.0,0.0,0.0,0.0,0.0,0.0,0.0,0.0,0.0,0.0,0.0,0.0,2.13821,0.0,0.0
MER72,252.838,259.192,190.24,222.564,186.728,197.742,183.343,174.302,167.034,32.2942,167.915,295.979,173.039,164.063,302.065,507.714,157.768,284.578,257.098,358.265,178.401,175.917,173.685,255.726,245.354,238.927,207.001,179.181,299.673,185.351,169.822,173.0,249.807,199.161,242.337,167.497,298.971,236.422,199.347,342.029,231.44,188.921,537.601,217.182,246.781,194.465,164.538,133.627,279.61,381.149,268.863,258.904,196.876,213.167,163.67,239.314,129.076,106.718,194.687,222.698,189.341,235.792,196.245,370.616,207.156,165.913
MER74C,5.07383,7.0,2.0,16.0,3.0,9.0,3.13961,4.0,5.0,1.0,1.0,23.0,16.9543,11.0,21.233,23.1465,2.0,19.0,4.0,11.0,3.0,5.0,3.0,8.0,8.0,4.10109,3.0,14.2771,12.0,8.0,10.0,15.9687,12.0,4.0,9.0,8.0,11.0,10.0,9.0,17.2286,6.0,5.0,42.0,5.12093,5.0,4.15374,2.0,4.16159,4.0,24.0,10.0,15.0,20.0,5.0,6.0,5.0,2.0,4.0,4.0,9.0,13.0,5.0,5.11809,27.0,9.11272,7.0
MER76,12.0,4.0,7.0,5.0,4.0,3.0,5.0,1.0,1.0,0.0,2.0,17.0,0.0,6.0,10.0,34.0,8.0,4.0,3.0,12.0,1.0,7.0,4.0,0.0,6.0,3.0,2.0,2.0,3.0,6.0,1.0,3.0,2.0,8.0,7.0,4.0,9.0,5.0,1.0,22.0,4.0,4.0,33.0,3.0,3.0,6.0,5.0,6.0,3.0,27.0,3.0,7.0,1.0,4.0,8.0,8.0,0.0,1.0,2.0,0.0,0.0,5.0,6.0,15.0,8.0,0.0
MER83AI,47.0,47.0,55.3057,39.0,40.0,46.0,45.0,62.2322,81.0,17.0,35.0,89.2492,46.0,55.0,73.0,127.0,41.0,52.0,59.0,65.0,32.0,31.0,27.0,57.0,53.0,51.0,30.0,49.0,53.0,56.0,64.0,21.0,35.0,33.0,40.0,35.0,60.0,28.0,38.0,48.0,44.0,33.0,111.0,50.0,57.0,54.0,50.0,46.0,40.0,121.0,87.0,64.0,36.0,70.0,71.0,61.0,48.0,34.0,37.0,51.0,30.0,56.0,30.0,95.0,41.0,58.0
MER83B,153.498,210.978,114.193,140.426,142.801,160.249,95.5959,186.075,138.408,29.8378,116.779,178.065,112.256,126.871,211.363,278.55,114.427,147.584,151.666,183.765,193.323,105.78,95.5717,138.547,201.861,111.161,125.629,209.425,130.107,137.982,102.86,103.317,131.932,121.359,118.636,136.832,106.262,123.313,152.34,267.456,158.679,145.551,274.048,172.032,178.551,105.035,104.801,90.9193,140.961,220.409,191.051,156.623,182.443,144.082,101.723,237.277,75.379,96.0447,121.147,174.494,110.598,187.525,78.6579,198.977,168.811,149.017
MER89,30.0,30.0,15.0,26.0,22.0,34.0,39.0,35.0,34.0,3.0,17.0,83.0,24.0,31.0,61.0,122.0,31.0,39.0,24.0,53.0,22.0,15.0,29.0,39.0,53.0,29.0,29.0,39.0,31.0,28.0,38.0,18.0,9.0,36.0,26.0,12.0,63.0,24.0,27.0,46.0,35.0,21.0,127.0,23.0,29.0,17.0,21.0,30.0,40.0,59.0,31.0,56.0,23.0,19.0,28.0,36.0,25.0,9.0,25.0,49.0,35.0,28.0,24.0,95.0,42.0,36.0
MER92A,0.0,0.0,0.0,0.0,0.0,1.0,0.0,0.0,0.0,0.0,0.0,0.0,0.0,0.0,0.0,3.0,0.0,0.0,0.0,0.0,0.0,0.0,0.0,1.0,0.0,0.0,0.0,0.0,0.0,0.0,1.0,0.0,0.0,0.0,0.0,0.0,1.0,0.0,0.0,0.0,0.0,0.0,2.0,0.0,0.0,0.0,0.0,0.0,1.0,0.0,0.0,0.0,0.0,0.0,0.0,0.0,0.0,0.0,0.0,0.0,0.0,0.0,0.0,3.0,0.0,0.0
MER92B,12.0,10.0,15.0,12.0,12.0,5.0,11.0,12.0,13.0,2.0,10.0,25.0,7.0,5.0,12.0,35.0,7.0,15.0,12.0,23.0,9.0,11.0,8.0,8.0,14.0,11.0,14.0,7.0,20.0,12.0,19.0,9.0,5.0,11.0,8.0,8.0,12.0,21.0,15.0,25.0,4.0,15.0,57.0,9.0,3.0,11.0,14.0,7.0,20.0,28.0,7.0,13.0,12.0,8.0,11.0,9.0,4.0,3.0,3.0,15.0,6.0,14.0,4.0,37.0,23.0,8.0
MER92C,10.0,4.0,2.0,14.0,15.0,11.0,7.0,18.0,4.0,0.0,12.0,4.0,6.0,22.0,13.0,14.0,8.0,12.0,8.0,3.0,9.0,9.0,3.0,7.0,33.0,7.0,25.0,10.0,6.0,8.0,11.0,2.0,5.0,6.0,3.0,11.0,8.0,5.0,10.0,1.0,18.0,5.0,13.0,7.0,11.0,4.0,8.0,8.0,14.0,7.0,7.0,8.0,9.0,6.0,10.0,15.0,16.0,4.0,16.0,9.0,10.0,2.0,8.0,9.0,12.0,13.0
MIR3,45.0,17.0,11.0,20.0,21.0,6.0,17.0,34.0,78.0,9.0,50.0,23.0,36.0,32.0,10.0,38.0,18.0,21.0,20.0,32.0,101.0,99.0,221.0,9.0,5.0,90.0,10.0,21.0,34.0,9.0,17.0,19.0,72.0,11.0,20.0,34.0,52.0,32.0,20.0,26.0,15.0,54.0,57.0,28.0,26.0,43.0,112.0,63.0,39.0,40.0,21.0,16.0,5.0,26.0,18.0,96.0,53.0,82.0,8.0,21.0,132.0,18.0,66.0,71.0,43.0,142.0
MLT1C1,470.49,514.433,317.4,501.133,439.655,478.002,297.16,468.575,384.102,98.6821,330.344,626.852,341.015,527.637,646.022,854.57,376.822,551.21,518.588,542.792,350.082,302.269,390.907,575.659,659.03,507.392,423.559,476.191,488.098,413.288,437.27,363.033,402.323,365.252,455.708,422.916,471.029,334.284,442.365,670.387,598.734,526.598,1061.94,447.28,497.516,398.24,397.764,334.72,544.842,833.789,418.926,531.871,461.352,439.616,380.682,634.805,295.277,245.95,375.96,574.977,461.4,507.9,361.082,827.531,457.999,462.354
MLT1E,45.4126,56.4017,8.58826,23.0272,14.7706,29.1068,33.5792,18.9519,14.4146,0.0,13.8077,37.0687,20.482,8.05562,19.0308,62.6265,12.3098,29.8104,54.574,47.2499,6.38811,36.7125,13.6103,20.5424,24.4708,32.6324,24.3843,23.2,12.9067,22.8496,14.477,15.9232,48.0716,32.5719,34.4255,14.0935,31.6695,41.5003,37.6618,43.8786,27.425,15.5122,47.4189,34.3695,12.082,14.1272,15.7491,15.5938,30.3089,67.4106,26.6756,41.6408,39.632,33.0545,18.1785,32.0753,7.43911,10.0609,19.1102,26.9137,36.4967,18.566,26.1581,64.7237,20.5879,13.9831
MLT1F1,168.042,171.124,78.9209,165.71,200.177,116.974,162.951,134.125,138.77,18.1091,77.6486,181.189,164.175,137.06,233.796,206.167,89.9497,266.901,160.888,262.335,95.0767,72.289,130.434,190.737,192.995,175.056,143.788,208.804,182.272,158.879,127.482,104.439,115.49,96.6802,108.808,84.7855,152.215,98.2222,180.335,330.413,262.254,107.047,174.837,190.631,163.22,129.622,118.469,115.955,124.508,271.261,173.024,263.119,229.374,140.894,100.53,318.032,121.887,91.7777,169.584,214.996,143.636,151.628,112.889,180.604,158.32,141.81
MLT1F2,36.0,29.0,30.0,31.0,14.0,27.0,17.0,18.0,27.0,3.0,12.0,53.0,17.0,25.0,28.0,63.5441,24.0,17.0,25.0,42.0,22.0,29.0,29.0,26.0,16.0,23.0,5.0,22.0,33.7543,14.0,29.0,22.0,15.0,18.0,29.0,18.0,42.0,34.0,36.0,41.0,26.0,25.0,75.3034,19.0,31.0,28.0,17.0,14.5231,28.0,57.0,12.0,25.0,35.0,26.0,21.0,31.0,13.0,10.0,33.0,30.0,31.0,39.0,13.0,55.506,33.0,22.0
MLT1G1,4.62985,0.0,2.13137,3.08856,4.33293,7.48187,9.30476,3.2696,4.29527,0.0,3.16205,30.3891,0.0,4.28231,10.7673,43.2285,1.04173,5.10399,2.09586,2.03547,3.0,0.0,1.05367,4.33324,5.56934,6.88188,5.49465,8.61203,5.19803,0.0,4.25467,2.11317,3.09701,2.36356,1.02021,1.07363,12.5169,2.15718,6.11609,5.21502,6.32989,6.15312,53.7603,7.78842,2.06983,1.034,4.27563,3.59676,4.25716,9.38281,5.17675,5.08125,3.31203,5.27145,1.03067,3.22129,0.0,2.19424,1.04138,3.1788,2.14898,2.06527,3.11975,25.1297,11.7726,1.02187
MLT1H_I,9.0,11.0,4.0,16.0,5.0,8.0,7.0,7.0,10.0,2.0,9.0,15.0,7.0,13.0,8.0,30.0,10.0,7.0,6.0,17.0,6.0,5.0,6.0,14.0,5.0,10.0,4.0,9.0,17.0,7.0,8.0,6.0,2.0,4.0,8.0,7.0,12.0,13.0,2.0,16.0,7.0,6.0,22.0,8.0,17.0,8.0,6.0,8.0,10.0,33.0,8.0,12.0,6.0,10.0,9.0,8.0,9.0,3.0,11.0,13.0,10.0,8.0,2.0,22.0,13.0,7.0
MLT1I,7.32064,5.53685,4.82314,8.0,7.70849,7.0,7.0,1.28257,5.58513,1.0,6.0,10.2176,3.0,6.43632,7.67013,9.0,3.36687,9.84001,13.0,15.0,1.0,5.0,6.0,14.0,3.46662,8.69696,2.0,11.5354,12.4472,8.0,9.0,8.0,6.0,19.0,11.4063,2.0,9.0,4.0,9.72193,16.0,11.0,10.0,11.3163,11.0,4.0,4.28624,5.65543,5.0,9.0,26.1801,5.0,10.0,5.0,1.11448,9.43916,13.8334,3.0,0.0,3.0,4.33903,10.0,9.0,4.43601,12.5134,7.93691,3.43689
MLT1J-int,1.0,3.0,4.0,3.0,1.0,1.0,0.0,5.0,0.0,0.0,1.0,2.0,1.0,1.0,7.0,5.0,1.0,1.0,1.0,1.0,5.0,0.0,0.0,2.0,2.0,1.0,1.0,2.0,2.0,1.0,2.0,3.0,2.0,0.0,2.0,2.0,0.0,0.0,3.0,4.0,0.0,1.0,10.0,3.0,0.0,0.0,2.0,0.0,0.0,1.0,5.0,0.0,1.0,1.0,1.0,3.0,0.0,1.0,0.0,8.0,1.0,4.0,0.0,8.0,2.0,0.0
MLT1J1,8.0,10.0,6.0,15.0,10.0,6.0,6.0,7.0,12.0,1.0,7.0,9.45702,4.57474,11.0,3.0,8.61063,7.0,12.0,17.0,21.0,8.0,2.0,6.0,18.0,9.0,14.0,4.0,8.0,18.0,18.7848,10.717,16.0,20.6924,9.0,20.0,20.0,10.0,7.0,15.0,10.0,10.0,15.0,15.7257,7.0,11.0,4.0,17.0,10.0,9.0,10.0,11.0,12.0,19.0,20.0,4.0,13.0,10.0,2.0,11.0,8.0,9.0,6.0,16.0,18.0,13.4215,20.0
MLT1K,19.0,25.0,15.0,14.0,15.0,13.0,11.0,17.0,37.0,1.0,17.0,31.0,8.0,15.0,27.0,17.0,17.0,22.0,11.0,26.0,15.0,25.0,22.0,8.0,18.0,21.0,28.0,17.0,29.0,12.0,15.0,16.0,19.0,6.0,12.0,16.0,16.0,16.0,14.0,27.0,25.0,14.0,20.0,12.0,13.0,19.0,33.0,24.0,23.0,30.0,21.0,20.0,30.0,25.0,12.0,12.0,19.0,4.0,23.0,28.0,23.0,12.0,9.0,19.0,10.0,23.0
MLT2B2,232.47,271.329,131.496,237.514,270.223,217.819,247.117,224.89,189.672,59.0021,173.307,367.406,143.812,156.66,382.334,528.258,164.298,277.82,342.683,302.6,134.408,152.703,173.697,329.459,256.01,233.805,199.619,241.23,232.354,176.451,207.809,183.162,225.221,255.564,201.998,202.569,291.68,198.612,216.325,305.714,301.856,189.945,468.496,239.737,268.972,158.454,172.519,167.231,215.386,355.46,146.919,252.292,205.346,209.767,156.533,259.081,137.541,169.294,182.776,279.9,212.844,223.08,166.595,404.666,259.487,180.87
MLT2D,39.0553,43.7271,33.7567,41.1441,33.4194,44.5245,32.4991,46.6195,56.4409,11.285,27.7912,54.4247,25.7452,53.3322,58.921,78.5426,23.6238,43.7624,26.0253,56.0137,39.6654,36.5814,33.8395,24.6575,44.7458,59.6469,39.6828,45.4555,46.8172,39.3342,24.4407,32.9021,47.8299,37.746,30.556,28.558,34.0313,40.2484,32.1648,76.6156,48.08,31.1487,93.7135,42.7122,53.9117,46.4518,27.3869,21.6493,36.6161,113.773,33.5762,43.4266,43.7201,55.143,41.876,43.5634,30.0453,17.4824,46.8943,55.0602,29.1397,54.5666,23.9234,93.6355,62.7205,63.0391
MLT2E,2.0,1.0,3.0,4.0,1.0,6.0,17.0,3.0,2.0,0.0,0.0,3.0,4.0,0.0,5.0,8.0,4.0,1.0,7.0,11.0,3.0,2.0,3.0,8.0,3.0,4.0,11.0,7.0,0.0,1.0,4.0,0.0,6.0,1.0,4.0,1.0,2.0,6.0,4.0,0.0,7.0,4.0,3.0,6.0,2.0,2.0,4.0,3.0,1.0,5.0,2.0,3.0,12.0,10.0,2.0,2.0,4.0,4.0,3.0,3.0,5.0,4.0,0.0,11.0,3.0,2.0
MLT2F,11.0,26.0,6.0,5.0,11.0,25.0,2.0,11.0,13.0,10.0,4.0,12.0,11.0,10.0,13.0,11.0,10.0,15.0,12.0,14.0,16.0,2.0,10.0,4.0,15.0,15.0,11.0,23.0,13.0,9.0,5.0,4.0,10.0,4.0,17.0,2.0,10.0,32.0,4.0,15.0,18.0,6.0,10.0,17.0,4.0,10.0,1.0,2.0,8.0,46.0,12.0,9.0,7.0,10.0,21.0,16.0,5.0,10.0,24.0,11.0,11.0,12.0,7.0,21.0,14.0,11.0
MST_I,8720.0,8374.0,6213.0,8201.0,8126.0,8016.0,7243.0,8105.0,7331.0,2770.0,6226.0,11827.0,6025.0,7023.0,11590.0,15286.0,5808.0,9982.0,9423.0,9474.0,5804.0,5520.0,6547.0,9652.0,10042.0,8388.0,7630.13,7437.0,8901.0,7868.0,8376.0,5956.0,6341.0,7448.0,7939.0,6029.0,8951.0,6496.0,8363.0,11011.0,12328.0,7857.0,17950.3,8524.0,8349.0,6096.12,6504.0,5992.0,7596.0,12794.0,8260.0,9597.0,7875.13,7184.0,5864.0,10108.0,5642.0,4420.0,6587.0,9103.0,7316.0,7751.0,5638.0,13960.0,9229.0,7309.0
PABL_B,175.885,183.37,125.13,171.355,148.904,181.01,108.375,141.263,136.906,52.2662,117.558,305.869,95.7559,137.274,300.974,489.41,129.289,173.975,136.37,220.005,99.753,88.4699,105.611,173.848,192.426,174.845,133.704,181.977,217.091,127.593,136.487,123.179,143.203,140.056,187.964,112.636,308.137,150.263,124.138,249.099,198.857,111.902,828.957,160.214,163.966,154.151,118.156,100.328,156.919,300.727,223.826,208.153,165.041,205.562,135.62,182.977,58.6103,60.0059,96.9725,154.468,169.606,154.517,110.697,485.961,252.083,129.55
PABL_BI,9.0,2.0,11.0,4.0,4.0,3.0,11.0,6.0,2.0,0.0,1.0,41.0,1.0,0.0,23.0,92.0,4.0,26.0,3.0,1.0,28.0,0.0,1.0,9.0,2.0,16.0,13.0,75.0,7.0,3.0,2.0,3.0,3.0,6.0,2.0,2.0,25.0,2.0,12.0,15.0,15.0,0.0,89.0,2.0,2.0,3.0,2.0,4.0,10.0,2.0,7.0,6.0,72.0,1.0,5.0,6.0,2.0,2.0,0.0,0.0,14.0,7.0,1.0,44.0,18.0,4.0
RMER10B,0.0,0.0,0.0,0.0,0.0,0.0,0.0,0.0,0.0,0.0,0.0,0.0,0.0,0.0,0.0,0.0,0.0,0.0,0.0,0.0,0.0,0.0,0.0,0.0,0.0,0.0,0.0,0.0,0.0,1.0,0.0,0.0,0.0,0.0,0.0,0.0,0.0,0.0,0.0,0.0,0.0,0.0,0.0,0.0,0.0,0.0,1.0,1.0,0.0,0.0,0.0,0.0,0.0,0.0,0.0,0.0,0.0,0.0,0.0,0.0,0.0,0.0,0.0,0.0,0.0,0.0
THER2,16.7036,48.1987,19.9974,17.6693,16.9283,35.043,22.099,41.5088,24.4494,2.43387,11.7062,42.843,27.7003,23.0235,24.0397,44.1616,36.1012,52.8761,26.0082,31.6317,15.0299,13.1359,10.7154,10.6921,34.0081,32.116,37.0765,35.7946,20.7896,11.8209,22.2606,27.5638,18.0594,16.3088,25.8063,26.3106,28.0081,19.428,23.2455,50.5322,38.9428,25.9205,62.75,34.4789,15.8773,10.5671,11.7056,16.6035,15.2754,62.06,27.6449,19.5637,44.6123,22.8011,20.6581,28.8044,12.18,16.4869,20.2963,20.0085,33.4859,42.5336,17.2153,47.4906,8.6919,11.4915
UCON3,0.0,0.0,0.0,0.0,0.0,0.0,0.0,0.0,0.0,0.0,0.0,0.0,0.0,0.0,0.0,0.0,0.0,0.0,0.0,0.0,0.0,3.0,0.0,0.0,0.0,0.0,0.0,0.0,0.0,0.0,0.0,0.0,0.0,0.0,0.0,0.0,0.0,0.0,0.0,0.0,0.0,0.0,0.0,0.0,0.0,0.0,0.0,0.0,0.0,0.0,0.0,0.0,0.0,0.0,0.0,0.0,0.0,0.0,0.0,0.0,0.0,0.0,0.0,0.0,0.0,0.0
X20_LINE,0.0,0.0,0.0,0.0,0.0,0.0,0.0,0.0,1.0,0.0,0.0,0.0,0.0,0.0,0.0,0.0,1.0,1.0,0.0,0.0,2.0,0.0,1.0,0.0,0.0,0.0,0.0,0.0,0.0,0.0,0.0,1.0,0.0,0.0,0.0,0.0,1.0,0.0,0.0,0.0,0.0,0.0,0.0,0.0,2.0,2.0,0.0,0.0,0.0,0.0,0.0,0.0,0.0,0.0,0.0,0.0,0.0,0.0,0.0,0.0,0.0,0.0,0.0,0.0,0.0,0.0
X21_LINE,9.0,31.0,3.0,8.0,17.0,26.0,4.0,0.0,17.0,2.0,2.0,5.0,6.0,12.0,15.0,9.0,6.0,18.0,1.0,6.0,8.0,5.0,4.0,2.0,3.0,5.0,0.0,1.0,9.0,9.0,5.0,2.0,6.0,2.0,3.0,2.0,0.0,2.0,15.0,6.0,4.0,5.0,5.0,8.0,19.0,3.0,9.0,4.0,7.0,4.0,8.0,30.0,2.0,7.0,4.0,39.0,3.0,5.0,3.0,28.0,9.0,16.0,10.0,28.0,5.0,1.0
X2_LINE,0.0,0.0,0.0,0.0,0.0,0.0,0.0,0.0,0.0,0.0,0.0,0.0,0.0,0.0,0.0,4.0,0.0,0.0,0.0,0.0,0.0,0.0,0.0,0.0,0.0,0.0,0.0,0.0,0.0,0.0,0.0,0.0,0.0,1.0,0.0,0.0,0.0,0.0,0.0,0.0,0.0,0.0,2.0,0.0,0.0,0.0,0.0,0.0,0.0,0.0,0.0,0.0,0.0,0.0,0.0,0.0,0.0,0.0,0.0,0.0,0.0,0.0,0.0,0.0,0.0,0.0
X5A_LINE,5.0,21.0,5.0,12.0,17.0,8.0,0.0,16.0,2.0,1.0,5.0,14.0,3.0,15.0,11.0,7.0,4.0,16.0,5.0,9.0,9.0,8.0,6.0,0.0,22.0,6.0,3.0,4.0,8.0,12.0,5.0,5.0,14.0,1.0,7.0,7.0,6.0,3.0,11.0,11.0,23.0,12.0,3.0,10.0,13.0,4.0,11.0,1.0,13.0,14.0,11.0,16.0,7.0,8.0,14.0,24.0,5.0,10.0,12.0,12.0,7.0,5.0,8.0,4.0,7.0,4.0
X5B_LINE,8.0,7.0,7.0,5.0,4.0,0.0,11.0,10.0,8.0,0.0,1.0,0.0,4.0,7.0,1.0,6.0,8.0,3.0,16.0,13.0,2.0,4.0,12.0,12.0,3.0,10.0,5.0,6.0,8.0,6.0,8.0,11.0,10.0,5.0,22.0,13.0,3.0,15.0,3.0,12.0,4.0,3.0,6.0,3.0,7.0,8.0,5.0,10.0,5.0,19.0,5.0,3.0,4.0,14.0,7.0,5.0,8.0,1.0,3.0,3.0,10.0,5.0,15.0,6.0,18.0,6.0
