GENE_NAME,V888,V108,V2089,V1279,V1090,V777,N85,V839,V1565,V637,V1505,V1834,V67,V1441,V1920,V1857,V630,V456,N84,N60,V1394,V1048,V18,N83,V538,V1742,V1884,V1297,V125,V1921,V1776,V1860,V940,N82,V148,V1456,V2092,V714,V1337,V553,V406,V1788,V2133,V1874,V221,N58,V1591,V2110,V574,V716,N70,V1321,V1800,V806,V513,V1592,V1528,V1823,V344,V1708,V359,V712,V883,V655,V1699,V624
NME1-NME2,10198,4404,7958,7987,7803,8595,10221,4400,20831,1243,10361,2520,11912,6455,382,389,710,1622,9968,4269,6485,7674,15020,8094,1625,8185,4574,358,8082,7724,5941,4275,7711,2177,4066,12645,5781,9565,6526,1467,5812,12659,554,7915,3566,7223,8566,7888,7031,5082,5719,3545,8750,9773,4081,5378,8974,6604,5782,6458,12009,2323,5183,5011,4655,12098
CBL,9560,13632,3786,7831,12246,8889,6631,11672,9674,4066,7654,6131,9360,11574,6849,3420,11058,7546,11445,8266,15374,5876,5443,11025,13186,9914,27640,2885,8034,10339,9415,7125,4600,6571,7694,3277,4956,11910,15153,15123,16696,11259,1098,10396,6138,5631,4980,5481,9599,6179,8348,8563,13829,1472,7177,9426,8456,5732,14692,8522,7241,5921,5344,3960,10879,17541
WDR90,7382,2765,3141,4915,3737,1959,3262,4124,4316,1632,2949,2339,3455,2120,4401,666,4563,896,4947,4240,2117,4645,7773,4843,3368,4844,3641,2396,8216,2473,3130,3941,5045,2954,5914,3332,1885,3936,3407,3288,4375,3687,1018,2909,2657,7310,5862,4085,4923,3177,3388,2806,4452,5103,3488,2866,2757,2776,3638,3680,6528,2119,4596,2039,9419,4429
HLA-DRB1,20836,20308,7257,34069,34289,21520,18493,19162,4939,2013,17775,14925,5708,15629,2994,5903,60326,6729,24919,18838,17828,7807,4736,23181,12088,3442,31408,19778,19252,17877,15703,3487,1256,20353,4639,11546,7026,22694,29020,3829,11799,8021,595,34547,7275,12573,16420,9223,13573,23607,34982,29897,55616,2186,23152,22484,17728,11179,32535,2555,17201,11631,1532,6124,3715,49578
STAT1,13216,9604,12771,15816,22852,8777,10639,8426,33706,7648,13372,7254,11581,8909,22750,4343,38999,12396,11618,8661,14904,10801,15520,12190,4798,12296,10764,8435,9304,11732,9540,9324,9642,52172,17967,25781,10256,36982,19268,5230,9193,15982,2065,12059,17064,8406,28708,9445,15032,11459,12140,10066,8769,39826,8347,14925,10350,11298,9114,8654,22035,8153,10519,12994,11312,14817
RASSF2,3479,3309,12307,10376,9603,9108,10048,10728,8821,756,3400,2522,9839,15617,8701,2331,10178,3228,15770,2814,15648,8522,6180,4310,3847,9852,13413,7225,2836,8577,7530,6943,4474,16121,6277,9948,5573,15500,11702,4153,3188,8327,1304,3089,2120,7681,3165,6966,8814,5127,10801,8633,6270,11955,9056,1569,9719,3658,16576,10490,3144,8905,5093,2143,10259,20324
PIEZO2,2510,2475,1047,1403,6892,523,503,1707,19228,189,5630,212,6981,3438,1812,1470,3570,322,1428,1034,246,8100,7164,278,647,2018,448,1091,776,2081,475,870,2444,445,1205,4336,883,1005,2619,74,4006,4923,896,2658,3902,1823,4107,1339,5348,2498,1109,412,223,2634,2606,6533,1802,2619,2105,1273,3056,3711,1304,6621,637,1598
MT-ND1,32416,65755,60726,29317,46630,24248,58311,50059,44623,71911,37130,12578,42818,31544,26054,63044,29264,57193,58188,83436,22238,55722,55712,52276,62943,68163,17888,76789,59972,55792,69122,37774,55544,49404,27052,34925,25242,82003,47434,45631,132317,53712,23328,32909,28931,14602,43576,34593,39944,32241,49577,39738,16124,110188,37039,47727,59861,41777,61342,24299,38254,67004,34584,37181,49558,34694
C1QTNF4,4864,3625,5881,4351,2664,1509,6357,11540,1925,3620,6455,4575,10782,9350,6769,737,3663,826,10565,7878,5001,1470,12620,6097,10614,8769,20965,2847,6681,5128,5684,5930,1581,3950,1177,9147,3427,8238,3445,3388,952,1120,315,6357,3791,7701,1102,4648,1037,4274,5756,6571,5656,3368,5618,7301,7293,2166,10742,2793,2047,2002,2565,1384,5264,11411
NUP210,50381,27781,35548,48916,30450,14563,26810,34034,76355,8902,53667,16385,41319,35493,21146,4498,34310,8496,46390,38872,40644,51269,57187,30717,33373,51377,58374,11657,49014,29589,29486,28167,33609,22528,22760,44200,20408,37792,34320,48332,51463,71832,5723,25726,24706,42672,50180,42056,35061,41412,26561,15408,39256,48747,40065,26168,44574,28987,53484,27295,45105,18982,36120,10945,43864,62635
Sep.06,28656,28268,17433,29459,20429,22713,27046,23260,27561,7147,24681,11747,29741,29009,17036,4876,19486,25897,31646,17123,33190,16672,25550,24750,19354,20321,18269,11832,21018,18494,18286,19021,13126,19287,12395,17381,10994,16396,23289,13458,19025,16531,2836,29992,20528,17451,16050,12778,18409,31751,27207,23473,48505,19905,17592,51282,21036,11130,19690,16923,18891,14963,14605,12231,17599,31388
SPON1,257,12852,552,166,1435,1126,648,5973,66,179,427,4704,63,112,176,594,128,155,2098,190,2819,100,216,1093,7960,35,7149,644,301,377,662,420,205,236,1773,117,234,1261,3310,30,65,28,90,971,939,191,60,258,176,648,722,1800,9951,181,252,4,111,90,41002,40,56,10,65,194,206,248
TSPAN32,6605,5349,1120,5993,7630,5349,2304,5880,2141,4655,2941,7316,7007,4070,14190,775,5567,8612,2580,5529,6478,3555,8411,5698,5804,5340,6145,3263,8062,4045,2516,6255,6375,2410,2222,3519,1775,1525,3075,3060,9206,8163,767,6244,5490,6741,4739,3688,10943,3435,6505,10387,11351,4703,3132,4201,2930,1845,3884,7680,8912,2991,5987,1438,5685,4461
AC068831.18,5361,1548,1302,3328,3195,1801,2279,3334,6174,445,3706,1077,2706,1173,1102,741,4273,503,3545,2930,1525,6191,3459,2947,2263,5280,4211,1433,2224,2422,3206,3342,4288,2119,3448,2774,2327,1592,4063,1468,2494,5060,453,1979,1586,3633,10680,1926,3642,1423,1450,1175,2076,4109,3156,3114,2706,3479,2270,3109,2247,1358,2605,1580,4094,7106
VPS13C,30819,33802,25009,41608,49620,39250,39148,44733,37277,9490,37738,26553,49989,46693,34767,11760,53962,33523,46178,31908,52863,32250,43552,58301,39651,31392,40076,28182,36185,41372,43780,35951,27617,40645,33150,32013,16031,33888,45338,40727,48435,38900,3636,52116,36403,29978,27701,28436,37089,43754,42556,39229,39783,34081,33148,48210,30483,25246,44310,48351,30543,32994,29975,18294,36920,45201
MLC1,19359,9738,11745,22136,19675,9735,7431,16109,23995,4715,24523,5643,18731,25346,10848,2005,16579,16024,16165,16377,28589,24415,38514,12528,6725,20859,30563,5342,21186,11482,14031,12855,16486,10570,9327,18543,10163,12647,9841,4950,30142,41626,2974,19339,12987,25230,25050,13326,24410,28399,16045,23701,20017,21775,22745,17619,28383,11740,25943,14817,21052,4631,19260,15112,14939,32354
LTF,1937,349,4679,662,2192,135,44,700,1439,56,1956,754,4514,76,1694,554,1637,37,221,5110,2072,1870,2320,61,580,32892,296,73,679,1549,4825,1220,790,25,2003,577,2013,94,773,17663,973,1545,984,545,88,11059,1030,1029,246,389,4387,822,187,2392,450,1202,1709,719,153,157,42076,38,2237,52,733,263
SORL1,23882,61851,36648,46618,51168,53714,45040,89427,33939,27783,38775,54565,45526,101446,24440,12731,51683,71081,56317,44051,75570,18877,22308,68013,88611,30359,109357,37630,27937,46485,40395,33195,10668,42373,38325,45491,15517,59833,49855,50412,41844,31444,4878,80106,41750,39489,11461,30704,17260,42026,61491,86360,80743,15332,33512,71969,43461,12793,72960,57413,15989,60865,15713,16632,25464,79271
AVL9,7597,7992,3728,8017,8493,8912,5331,9463,11557,1369,6253,5735,7521,5148,4098,2172,8150,4812,7719,5070,9247,5771,8839,5464,9003,8263,9335,6908,7455,7704,5012,5878,6755,6335,3408,9460,4257,8650,7981,5257,11295,11121,1105,10650,3811,6563,7677,4404,9072,6774,7149,9249,9431,9251,7469,8607,8205,5218,12266,5189,7492,5903,5146,3208,6697,12774
DENND5A,7171,10025,7553,7362,11768,12533,12149,10449,9990,4113,6209,6335,8160,11147,9637,2715,8945,10614,12744,7935,11059,3844,6632,10591,9594,6706,13021,7661,6665,7392,7960,6214,3584,11706,6505,6108,3507,14716,10074,9125,8457,7544,1167,13958,7287,7035,2788,5504,4708,13147,9578,9953,18118,7311,5975,13404,6347,4454,9463,9551,4646,8528,4229,4980,7089,9557
POLQ,7732,3843,4987,7654,5307,1847,4094,7412,9427,1051,9852,1929,6007,2821,2294,1221,7822,484,6867,6446,6269,9127,8133,7548,4883,7796,7431,3214,7237,6622,6052,5865,7264,5153,7572,10499,3160,6940,7605,3797,8648,11610,950,4046,3351,7268,12631,6796,12300,7588,4427,1238,2563,7294,8800,4057,7413,4119,6600,4809,7566,1725,5735,2428,8816,10799
TRIM22,8263,10261,9161,10783,12313,12079,7056,10582,7429,4632,7563,8725,11117,9564,8714,3143,15253,11952,10205,5723,16483,4697,5615,14706,7954,6594,17300,4948,6164,7286,6602,7142,4058,20420,13314,11770,4592,13959,13161,11376,10642,4998,1183,14760,11056,5930,6317,5155,5136,14097,10513,12753,17026,13803,7381,9647,6163,5079,7346,8154,7826,7819,4727,2984,9525,18965
SPNS2,5885,8470,4737,5728,10885,8525,4499,6129,3466,2377,3170,4811,11293,8254,8501,902,3711,6968,4211,5580,12907,2701,5747,4901,8504,6357,7644,3271,5314,3356,3061,3698,1993,3340,4068,3897,2142,7887,4945,6824,14211,6908,812,8813,7012,5189,2419,3893,2474,9645,5005,15822,13841,6335,4407,5147,3618,1594,6345,3872,3668,3914,2957,1688,3675,6984
PARP14,15779,20355,16590,24959,24757,16109,14777,15437,25685,5842,12358,11492,18893,13153,23552,5491,31082,16646,13996,11269,26774,9594,18731,24535,11617,14026,13118,9567,14205,16115,14099,15247,14638,36073,40083,22069,7479,33711,20400,11649,15182,14680,2369,15135,18048,14300,17146,9539,18538,16089,16806,15290,19195,30002,11397,23578,10530,12893,13185,18753,23404,17830,13893,8814,16009,15974
CD69,5474,4425,5266,2650,18592,12895,8864,10368,9496,2433,15169,8234,1952,11107,9194,2410,13625,989,14158,1802,25136,6189,5955,18526,14429,3849,9549,3316,1954,4179,6768,4056,4126,12129,1986,6304,3253,1982,7060,1218,66172,8028,852,26423,17728,2258,3331,9680,50474,2985,1872,1676,16542,3259,1768,15002,20810,2224,18499,3725,4118,1295,2537,1316,3847,5309
CEP152,6543,3600,5188,6491,6801,2810,3508,5578,9378,1100,8381,2464,5447,4315,3748,1443,6188,2579,5978,3927,7255,8635,9152,6231,3965,6610,5914,3172,5893,5307,5179,4925,6342,4805,6381,5745,2973,4163,6264,4078,6581,5829,790,6800,4036,5677,9116,5355,8260,6946,3997,1817,3591,4776,5753,5156,6715,3098,5262,6154,5301,4556,4800,4030,5261,7550
FANCA,9614,5312,6128,7388,5527,4350,4973,5456,8806,1653,6232,2526,6053,4480,4688,1427,6711,1727,6806,6207,5477,7756,7504,5680,3749,7704,5642,2702,8987,4492,4636,4996,6738,4576,6580,7470,3077,7527,5592,3933,7035,8326,1183,6921,4540,8358,9428,6053,7181,5127,5169,3420,5620,7510,6271,5089,4951,3900,4666,5345,8681,3032,7177,4035,9782,8459
MN1,3521,8697,5282,4828,5866,5208,3262,11326,4280,2007,2907,4240,8248,3357,8088,938,3380,9536,3818,4843,16699,1306,3724,4123,12047,3492,14973,8260,2949,3657,3138,2941,1472,2404,3492,2641,1959,4230,8745,7099,6309,2322,590,3667,2617,2839,927,1639,1909,6341,6917,8302,34909,2755,2928,6666,2572,1260,6686,3238,1896,3277,2111,3781,5605,6818
PCF11,17075,14316,15935,16918,19802,17866,14622,15973,17377,5302,17142,10189,15439,18495,13919,4891,18742,13709,17372,11466,21796,13283,24328,20260,16399,16007,18811,11807,14218,17664,15295,14267,13969,15104,13121,12678,7978,16429,16901,11660,19552,20455,2686,25058,13266,15136,15792,10756,17865,11976,18648,12066,17311,8691,13811,21238,17007,11508,29051,17941,14968,13412,14272,9631,15326,22609
KDM5D,3,0,31,6699,0,9992,0,0,7957,2265,0,5089,10194,0,8568,27,9547,0,0,7508,14075,0,9236,11136,0,9729,0,5937,8049,0,0,0,0,0,16229,0,4279,8077,9485,17730,11954,9860,1541,245,0,8079,62,6797,4,12542,0,8898,0,7760,0,0,0,82,0,9707,8655,8871,8656,0,14367,0
OBSL1,8136,7797,3458,7028,13204,9352,4922,7401,7140,4600,7006,6249,10869,10914,16621,1287,7352,6660,5179,6820,5607,5298,10077,7486,8931,5307,7928,5844,7485,4443,4306,4768,4772,4388,5270,5303,2642,4005,4828,413,5896,3089,1281,7544,6985,8982,4028,5233,7819,11602,7732,10489,11789,3576,5887,13916,6576,3560,8272,8061,7576,5580,7590,4514,6658,7982
RNASE2,7900,829,4831,4942,3216,60,2996,3745,12741,542,10095,748,1627,8596,248,1002,16495,42,5332,3344,3205,10849,7571,2281,5567,5689,9387,2391,6029,8782,7802,5027,3699,2539,1696,7870,4040,6889,3428,857,2877,9590,591,7460,2269,7192,5565,14025,2073,3441,3256,374,479,6930,2254,550,14620,5706,6930,5054,5612,879,3380,2688,5183,14025
AHCYL1,9180,5556,5789,6751,4857,6334,7108,7604,7392,1497,11824,3069,8248,9329,4108,1795,10564,5032,6481,4765,4198,5845,14077,4991,4070,10251,6734,4947,6189,4696,5406,6458,7549,4792,3774,5929,5387,5503,5391,2118,7948,6522,1439,5408,3155,5012,5670,7882,9893,6879,5727,3917,7209,7599,5516,5806,6166,7060,5467,6090,10592,3805,5247,5149,7841,6558
TSPYL1,13901,7079,14238,10409,18210,17792,17625,15009,15379,5732,16721,7054,14548,19253,9023,4242,15564,7438,17837,9095,17113,12193,18545,16030,14431,14549,13549,10645,9553,12261,11700,11136,11622,14484,7377,11291,8099,9747,13103,6843,17427,12131,2290,22220,11849,10988,10390,13202,16108,17458,20981,13630,19608,11812,10433,17200,16707,12472,14215,14009,14027,8405,10983,7844,12850,17281
AHNAK,39781,3785,3488,86159,32836,36129,3836,5187,4116,6518,58871,2465,7910,2792,67934,25142,3708,56469,108209,55085,81679,46199,1852,131549,171076,80501,9634,97094,41254,65484,55778,33373,29315,108841,31123,100718,29560,42800,125928,180575,2688,36185,6553,97435,3519,3417,21756,45329,1359,6199,75347,3199,8078,3761,33797,28238,47208,30105,164576,27703,36136,18924,29790,7413,42868,7258
LAMB2,5967,3370,2920,2229,283,564,3917,3261,5689,877,1704,461,8906,5247,165,1269,4667,36,2553,4078,1056,1450,4166,4195,1550,4058,611,1321,5133,3538,2124,3473,2096,3112,3875,688,2062,5793,1852,3984,455,8261,692,7383,8071,3748,1980,5009,1774,889,5454,792,53,9146,1895,3761,199,1791,2516,7561,3180,5653,820,3139,4791,3044
TMEM107,5476,2723,2338,5543,2259,3537,4250,8652,1703,2939,4040,6003,2485,9621,937,760,4222,2057,3339,1141,11825,1948,3260,2899,3262,3944,1095,528,1435,3271,3785,2364,3037,2558,1807,2237,3117,2939,2247,438,12219,1987,1670,7252,4184,2060,1809,2496,2964,3369,4163,3394,1728,4368,2393,3790,7122,1208,3975,4226,4204,1791,4558,841,4167,6044
HPS1,8229,3950,4587,5735,5274,3480,4752,4378,10609,2325,6724,2537,6952,5675,4145,1743,5601,3689,5940,5271,6248,6719,6057,5236,4161,9011,5717,2923,7138,4012,4475,5034,6861,4001,3595,5604,3904,3762,4830,4478,4530,7204,1191,4705,3969,5918,8874,6103,5191,7805,5675,4817,6693,7062,5399,5710,5829,6670,6051,5378,7757,3294,5968,3453,7773,8057
HLA-DMA,7084,6273,4333,6705,8407,6441,5422,4843,3625,711,4314,3885,5214,5037,2956,1810,9142,3952,6809,4822,5867,1989,1873,7338,4871,3560,2948,5271,4710,2948,3967,2891,1367,5603,3138,5022,2654,3852,8124,1924,4514,4252,352,9173,1608,3657,3739,1700,4718,7534,6753,6450,9191,2714,4069,8297,5433,2961,6633,1904,4769,3620,2063,2033,2847,13764
PLD4,5901,9096,9050,8597,3887,2401,3558,5721,2663,991,6040,4719,9633,2983,3857,550,4334,2273,6791,5276,9160,2952,8533,3421,3313,8103,13226,2183,5916,5097,4799,4226,1917,3657,1745,8065,4456,7030,12707,14933,6418,3549,602,7510,1943,5445,1578,4063,1004,4399,6883,3645,6721,2619,3893,4888,3863,2087,5375,4860,1988,2168,2322,1493,8589,18502
ANGPT1,5617,11809,1745,8013,9050,14414,3547,10760,6619,1659,5675,8375,7530,4986,11011,2055,10081,30839,3686,7267,30016,2817,4717,6668,7904,4673,6486,7340,4332,6125,3792,4930,6827,4394,2580,5145,3101,2808,6211,3743,12010,15222,1075,12706,4293,6763,5672,3801,17145,11157,10612,15737,22516,4315,5308,26788,5963,2286,10095,6731,5509,5300,6244,6793,4066,5517
KIAA1147,15468,16119,6332,14318,19979,23319,11005,17555,8487,5113,15627,16103,11235,18152,8745,6657,25887,20376,15829,14565,21921,6080,7682,19855,19801,9359,7231,9338,12791,16140,15301,8936,6502,13911,5433,12957,5424,13727,11653,3772,19171,16186,1102,23785,6723,13370,8155,6583,9970,28813,21971,22997,14373,12298,9682,26396,12944,10914,16930,6861,15602,14158,6566,3252,8440,22029
CD163,29748,178,402,4582,2923,322,411,704,4470,396,8031,3804,1874,2624,688,11968,70722,197,783,2106,1895,8622,211,617,1258,24764,2468,836,2083,14594,506,25012,20986,65,3151,9599,28932,750,7055,6713,507,7665,239,935,749,257,7847,6483,22370,582,11540,9611,302,26917,2765,353,3458,68251,878,90,41983,17,17287,683,14173,9364
NECTIN1,8539,796,5140,4178,2310,1463,3097,1949,19696,2319,13120,893,6491,5812,965,952,5574,812,4930,6809,4463,12333,22619,2950,1488,13360,5829,8747,9143,4263,4677,3996,10030,2917,2188,8065,5240,4776,3124,1075,4756,14959,1260,3926,2931,9648,15137,9208,4939,3383,4366,1957,1407,4804,7425,3276,8599,9899,3175,3654,16395,1821,10203,4633,7321,9947
MAN1A1,22526,42298,24903,16681,24790,32691,20250,41031,31444,10031,31408,46013,26250,30120,11786,7518,21067,26056,37775,16675,39122,21603,28099,30893,59897,32110,42932,11117,21130,20730,21251,21769,23872,20630,20258,20514,11103,38912,49571,13223,28116,49854,2707,43983,22788,18218,27151,21055,17975,38139,28610,36806,78939,16859,25673,69526,27888,19942,28519,27265,19298,23315,20357,11510,34815,47456
CENPJ,5400,3198,2610,4708,4217,2535,2241,4531,8141,841,6040,2147,5420,5205,2170,976,5436,1998,4517,3135,4814,6301,5313,4277,5114,5108,3939,2990,4856,4097,3731,3899,5398,3533,3382,5196,2039,4523,3448,1379,6340,7654,785,5704,3892,5267,5821,4379,5544,4875,2833,2188,2572,5187,3838,4196,5976,3386,7052,4355,4884,2971,4501,4175,5000,7515
HLA-E,57606,54203,24226,33982,88778,60163,52481,30740,35654,12805,43956,40096,35024,62309,24466,15007,93754,62990,53098,54782,64111,8210,22637,61401,36711,27209,20223,63540,44234,38203,31498,18779,15058,79600,17688,37904,21005,37179,54793,14367,39747,58930,4795,60823,18930,44346,40582,13707,92941,73047,85175,119891,54454,25653,35668,94206,41317,27791,64754,12242,73257,25659,17365,41498,23598,41178
RTN3,6839,7631,4894,10710,10401,5730,8108,11657,9247,2684,10162,5350,9609,17064,5716,3612,7583,7056,14061,12233,8028,8958,5134,5855,6130,7458,7816,4668,6209,4487,12248,5726,14413,9962,4131,6087,7832,6259,5031,4830,9978,12809,2083,18491,8157,6826,15399,9423,10056,8819,7842,4454,12321,9190,12465,8069,10628,6713,11851,5800,11404,8064,8747,4506,5183,10716
TBRG4,5789,2710,5029,3457,4083,4218,3119,4999,11247,1754,4322,1854,6288,5220,4352,769,4823,1892,4903,3853,5282,5654,8756,4145,3023,5772,3088,2279,4985,2962,3729,3710,3776,2945,3547,4876,2669,4843,3094,3981,4978,8539,1145,6401,3873,4786,4852,3463,3318,2461,4947,3158,4789,4592,4170,5406,4777,3687,4190,3744,5514,2945,4049,1865,4930,4915
VWDE,3237,90,354,4659,3690,3074,1980,4047,3554,901,5852,177,1653,1986,4987,837,1604,3164,1874,2037,2277,3855,8535,5357,3539,1589,783,3225,3098,2519,2227,2940,3353,3275,1600,1245,1143,2829,537,52,4428,3639,495,3917,4720,3567,4695,3900,2970,2468,3609,2291,477,2581,4702,5222,4513,2305,1724,4319,3683,4617,3746,71,2395,3390
HLA-DQB1,1772,2460,167,871,2226,13911,5599,13588,37,1177,1562,10291,8,4266,40,807,18609,907,1071,2399,2992,2661,3499,14271,1324,29,39680,2766,5467,447,7143,4203,2530,10090,44,3644,5192,6767,4439,25,6726,588,1679,6871,8409,3126,1983,5348,3187,4828,16161,12151,30361,8,10350,11797,1940,3137,547,5185,9252,8831,0,1046,4,3516
KAT2A,7282,5706,3424,5515,10252,5396,4098,5434,12187,1775,4218,3219,8741,5315,8219,1036,8690,6321,5482,5316,6528,6332,10218,7305,6321,5617,5183,3823,9005,4006,4555,5061,4882,4122,7408,5326,2379,6451,3356,5571,8432,6238,1069,7719,6152,6988,4456,4522,5764,6344,4310,7257,7285,6923,3710,7063,4247,2568,7402,7731,5967,5753,6537,2958,8649,7241
S100A9,4182,1334,5829,879,3469,264,729,803,4112,80,2672,1601,4330,1509,4047,2186,3164,80,2600,7168,4699,3096,4590,1260,700,36509,1900,1427,2045,2355,5608,1502,1054,422,4686,2083,4244,196,1698,30081,2146,3034,776,1834,309,15434,1441,7500,1939,1043,9170,1430,976,2074,676,1154,3637,1301,1165,810,41188,240,1778,1298,841,4812
PARP9,4612,3913,5840,6453,5925,4582,3298,3711,8515,1895,4695,2377,5508,5498,5909,1907,10185,4275,4425,3004,12496,4083,7035,5666,3261,4851,5110,3384,3478,4108,3127,3253,4211,19066,11962,13500,2772,9865,5404,2961,4132,6356,833,5182,7841,3374,9993,3176,6539,5034,4753,5212,4419,13050,3710,5130,4573,3669,6245,4342,8307,3852,4113,2773,4168,7200
PNRC1,21337,26048,29278,21010,35607,29835,42356,32246,22992,10319,23650,14078,22948,54316,29089,8197,23907,21882,38512,29613,40551,14205,16980,35601,31735,24796,25026,18232,19232,26815,26887,20931,17382,32476,14379,10507,14483,22411,25512,22166,27633,16130,4380,37147,15359,22286,10218,19815,11608,45432,50190,37660,37977,18042,22969,49818,32787,18867,25165,32333,14624,32899,17155,11553,24100,28521
DUS1L,6783,3036,5584,4089,3533,2770,4396,3377,11517,1473,4673,2592,5822,3403,4373,871,4624,1907,5373,4115,3953,5795,8680,5295,2973,6054,4133,2346,6373,3132,3715,4682,5048,3859,5220,4788,3074,3854,3376,3547,3770,5365,1052,4757,3074,5569,5030,4839,4497,3846,4109,3455,5139,5432,4124,3797,4298,4512,4212,4011,7294,2472,5463,3095,7365,5343
KCNH2,12369,206,1878,3773,2571,131,1177,2907,18330,805,15723,418,8588,1245,893,695,2289,85,3495,4500,6699,25195,43277,1074,733,20280,2175,1666,8752,2249,4538,3689,14243,2271,1785,7566,6637,1155,2900,967,3376,8375,1927,593,1118,11825,14150,21683,5065,4837,3956,822,150,6870,9568,3193,11008,13269,146,1934,20232,545,17190,4969,8504,15776
PPIP5K2,14325,12372,9965,14620,15947,11295,10807,19583,21566,2464,9111,7795,14581,17242,11886,3819,14160,11111,12691,12095,19316,10399,29412,17346,17396,13130,13589,6544,10431,16461,16910,12255,15873,12587,8681,12853,6663,13576,17676,8275,12835,13355,1534,22729,11399,13648,10109,10894,9288,12632,12048,12584,14251,16354,8004,19324,8751,11632,8166,14884,7276,11090,10159,7106,12461,12842
ANLN,5104,2452,5728,5223,4728,1551,2267,5322,7494,866,9493,1308,3523,3775,1679,1244,6649,310,4393,4488,5335,8228,6833,4260,3607,6497,4971,3516,5207,6038,5055,4558,5894,2636,5143,7771,3100,4610,5701,2413,4734,8470,655,3287,2523,5745,10121,5363,13151,2563,4117,941,2438,5229,5926,3190,7041,3413,4285,4353,4721,1682,4081,2079,6035,7822
IER2,4677,18779,13841,11506,3095,8205,6355,8159,5126,12899,7731,8939,5210,6369,2810,2970,4914,3883,3783,25421,5931,2756,7702,6791,4071,13914,15711,6314,11301,2822,2254,3542,2246,1972,16767,4157,9900,6609,7157,21365,14454,5655,5982,5507,17727,5447,6168,13216,8572,13800,15692,6752,10150,2226,5645,4917,7231,2565,15169,12613,4350,7718,4129,13673,5672,6246
SLC7A1,15441,8343,17226,11890,11114,9517,11343,12156,33117,3525,16769,4637,11620,14057,7917,2899,13569,6257,17851,15751,14232,16049,20929,14027,8181,18861,12587,9987,16613,12948,12509,10984,17022,10386,9676,15991,8555,12435,9595,5883,14326,22800,2290,13400,9266,13565,27329,13088,18922,19990,12747,9864,11336,19710,12684,13322,14254,12597,14826,10870,16006,7255,12466,15447,16163,16864
QSOX2,4989,3530,2638,3655,4304,3144,3442,3586,6553,1492,4630,2569,4349,3967,4194,848,4224,2151,4677,2978,3364,5087,6540,5073,3507,5530,4931,2770,5406,2686,3157,3301,5731,4096,3082,3619,1774,3062,2854,2288,4389,5555,671,3678,3916,4865,10524,3807,3112,3566,2862,3734,3767,4293,3575,6006,3790,3543,3992,4651,5320,2483,3980,3192,5601,5051
TCN1,102,9,110,0,34,9,4,14,88,0,56,7,35,6,29,61,47,0,7,106,78,33,48,0,4,289,159,13,12,29,133,21,55,10,46,96,332,5,17,544,1284,23661,34,26,0,99,11,55,0,9,55,4,18,106,11,4,69,179,7,6,496,0,73,32,113,0
RNF125,4984,6661,4619,4879,7053,6297,8723,7791,3574,2364,4906,8110,4719,5634,5213,1179,5747,6863,9268,3340,8601,478,3957,10927,1059,640,7597,5314,4426,4567,5284,3674,2522,8672,3088,835,2294,4667,8090,5041,8786,888,750,10122,6297,581,513,3630,2264,7534,4833,6762,14783,4801,3249,5348,4620,3668,8569,2976,2867,955,3033,823,3710,6373
LDB1,22297,7015,9138,10567,10457,9352,7549,10008,28315,2421,19861,4497,19321,10215,9394,2204,9804,6672,10913,12775,15424,27219,38191,9552,7116,22501,8918,7350,18284,8061,9720,11091,19079,8418,9577,13571,9764,8372,9489,5166,13184,14851,2338,15195,6665,21368,21248,16577,15627,16133,12960,11411,13803,13022,13981,13444,16657,14927,11552,11597,27286,6879,20904,17538,14748,20674
KMT2A,28252,32295,33318,24036,35829,36818,26583,31658,34146,9303,32126,16235,25781,37822,25275,9421,30250,28277,29765,29112,30442,25083,28631,36640,37355,25115,36241,16974,27688,28774,24007,24403,26991,25959,33038,23576,13669,32823,30930,24764,32104,35276,3633,30673,22621,24641,26700,22140,31974,16797,36265,26873,30704,13916,28680,36088,28623,19330,48762,32931,24140,32780,23526,27461,32834,32334
VPS41,7778,7909,6565,7798,9241,9394,6044,8785,9545,2440,10198,5890,8580,11372,7136,2408,9563,8770,9053,6819,15445,6896,9533,10244,8458,8418,9420,7057,7139,8461,7816,6264,6045,8009,5387,9050,4065,8671,8974,6296,10475,11164,1064,10976,6575,6606,7555,5888,12075,6548,8459,7930,10937,8393,8157,11314,9073,5919,12030,7639,7568,5997,6538,3320,6442,13294
HS6ST1,7066,4410,7503,6124,7922,6328,3748,5838,18368,2242,6268,2676,8074,7577,8098,1237,5760,2450,6056,6387,9115,7262,9827,5893,6523,6329,5613,4516,5467,5193,4251,5382,3881,3896,4209,4921,4069,4064,4865,3207,5041,11952,893,7032,5631,7327,4997,5556,4183,5561,6346,6594,9308,5777,6060,10993,6034,4428,9264,6691,6938,4537,4622,4502,5716,5800
ESPL1,5619,1602,4754,3563,2434,1400,1872,3311,5718,636,5154,969,2290,1294,1182,811,3855,259,3598,3125,1680,5344,5308,3470,1651,5278,2957,1558,4087,2839,2368,3856,4513,2328,5866,3438,2319,3914,3951,2413,2612,4271,781,2868,1214,4272,9786,3523,7639,3158,2499,1000,2413,4791,3460,1938,3145,2879,2745,1738,4591,740,3280,2229,7123,5355
ARL6IP5,5051,7280,5968,4656,9210,7583,3976,9138,7387,1754,10251,8002,7282,9322,4424,2301,11492,5743,6569,5510,15576,6310,9478,6509,7248,6525,7458,3428,4353,7156,6535,6388,3747,5905,3949,5821,4093,7179,8719,4916,8669,10451,1091,13939,4203,4794,7023,4103,13964,9016,6905,5401,17373,6067,8181,9024,8530,5932,10122,6215,5221,4192,4494,2788,5454,11782
UPF1,13407,7357,14890,9185,8495,7135,5612,7631,21884,3094,9583,4175,11037,7878,7598,1940,10192,5063,8882,12079,9006,13422,15402,7935,7249,15564,8771,6642,13644,6484,5684,8399,10721,6642,11883,9568,6378,10023,6906,12331,11994,15112,2178,8389,5165,13811,14777,10894,10816,13043,12018,8646,10471,12056,11724,9271,10428,9444,12012,9047,15707,5834,11293,8638,16189,12684
HIST1H2AC,1011,626,1619,18343,1088,1083,1313,3001,1005,3256,2276,685,1183,1208,500,292,1398,590,1385,522,1644,729,968,1457,2934,870,2364,294,620,860,26825,900,666,3903,2021,28676,680,459,1203,611,1821,1982,195,730,14718,451,1511,655,9281,1639,835,579,3235,668,4222,817,2301,448,1536,556,919,509,602,360,1385,2255
COA1,5701,4617,4055,5990,4912,5195,2974,4814,7979,1282,6059,3270,4005,4981,4660,1663,4921,3908,4939,4527,5948,6152,8076,5874,5449,6123,4878,3730,5354,5038,4986,4591,5451,3565,4474,5695,2461,5043,4831,4046,6542,5944,882,6643,4633,4429,5946,5142,4914,3232,4470,3837,4087,5456,4631,6566,5034,3520,3828,5625,5428,3977,4728,2611,4678,7436
ADAM28,3222,13733,917,7589,17512,9766,4307,6533,3998,1352,4098,5386,5717,6751,17179,1261,7159,10452,3576,4983,14039,2931,5283,7902,4385,4114,6215,8924,3807,4867,5143,3336,3114,4850,4394,3115,1063,6247,9060,5394,12103,3488,561,12929,6308,3697,2518,3559,2523,7790,8885,9135,9640,3663,4924,9856,4491,2000,9365,7336,3411,8142,5022,8219,3285,7662
ZNF121,13487,10157,9543,14409,14049,14593,12131,14669,23191,3884,15693,6789,13205,14947,9905,2546,15020,8260,15252,9213,13554,16529,21123,18259,12789,12609,12461,10963,14562,11961,11554,10902,14314,13715,9956,15195,6026,12566,12346,4853,17487,21225,1658,16478,12989,12297,16007,10081,14872,16674,13050,11526,14282,15327,11440,16363,10689,9798,15844,11599,12607,8774,12126,8578,11768,18469
KIF2C,5924,1511,5432,3797,3255,1129,1375,3164,8559,584,7213,942,4127,2184,1328,844,4599,250,3447,3107,3467,5539,7738,2778,1573,6960,3128,1436,4221,3338,3063,3495,5202,2431,4272,4841,3149,3646,4275,1654,3007,6907,711,3013,1755,4380,9018,4023,9087,3599,2943,955,2373,4561,4073,2395,4704,3750,3219,2320,5836,972,4062,2642,6278,6276
TAGAP,5347,3876,2472,2417,8646,7507,1763,7789,9943,2618,3810,4411,5805,14019,3439,877,6189,2861,7617,1705,9603,2202,4745,4066,2899,5558,9648,3132,4715,2724,6129,4366,1129,2828,1062,6495,1282,4915,4513,2592,7819,3396,903,4299,6973,2332,3324,1741,2297,3985,7669,3274,5543,4809,2079,4687,6693,1722,6268,2529,4504,4421,1832,2286,3383,8611
ENOSF1,7262,6306,4383,7940,7977,7205,4528,9036,6834,2669,5590,5324,8418,6198,8730,1811,8415,6887,5483,8001,5095,8660,9154,9177,8111,8707,4683,6128,9336,6317,6303,6598,7036,5869,6263,5459,2996,5152,7183,3360,10724,9126,1338,7241,8435,8709,8470,7870,6805,10282,7177,8046,6509,8806,6535,9307,4612,4306,6406,9438,8667,6644,7621,5102,8153,8030
PTAR1,12297,12267,9074,11056,17957,14056,10526,12565,17209,2883,12415,8137,14247,12644,10645,3414,15011,13105,13656,6719,17012,11889,14356,17423,15192,13006,11756,9595,11410,11572,11017,11648,12665,13640,10778,13480,5506,11424,13191,5535,12698,18116,1556,19859,11637,9062,13637,10056,12997,14036,10986,12125,14463,14701,9285,22040,10907,8592,17347,14289,11042,8370,12517,4212,10663,20345
EPX,8236,69,1849,414,59,51,125,218,14025,101,9714,148,147,2370,28,614,7927,23,504,4710,566,9820,744,180,584,4754,7365,186,3031,2535,3486,3324,7192,341,1307,291,5254,822,1663,2179,2246,2054,924,436,242,4543,7023,6599,1008,1096,1678,338,81,11039,795,0,4128,9296,21,1461,13646,140,4653,2301,10190,8
DPYD,6678,9724,8784,7971,10814,11398,7637,7520,6033,1774,6007,10059,7161,9550,7577,2284,10468,11104,10327,6669,11213,3560,4643,12101,7110,8054,6385,4875,5660,9644,7770,6704,3187,8408,8177,8074,4095,6008,11360,8731,5806,4612,787,12477,5888,4940,3518,4980,5513,9698,10275,7294,14662,5976,4672,10689,4984,4840,7581,7504,6136,6980,3981,3697,5693,11736
TMED4,6936,3389,4837,3994,3879,4091,4872,4654,7309,1737,5904,1690,5146,5897,5990,1148,6399,3053,4721,3914,5308,5280,5977,5361,3890,5876,4076,3688,5893,4094,4130,4294,5411,4447,3611,4824,3127,4606,3938,2523,4915,6845,1037,6117,4475,4959,5378,4579,6182,3095,5705,4516,5749,5695,4113,5041,4731,4529,4548,4571,6092,2995,4649,1736,6013,7323
ABCC5,8725,3122,2323,6517,5711,3004,2920,3752,9767,1495,8900,2094,5303,4666,3355,2061,8820,2725,5050,5396,7195,10383,16562,6736,4489,8876,4122,4166,7308,5147,4436,7323,7724,4062,3883,4811,3276,3400,4414,2486,4015,7950,1088,4107,4239,8596,16830,9687,9950,7917,4284,4677,2713,7435,6091,6472,7782,6789,2503,5871,8533,2322,6642,4339,6435,8195
AZU1,18954,635,15349,7029,3940,50,4488,6304,6952,4385,6516,2119,5365,68777,279,3072,19347,50,17070,10508,11254,1166,12565,4215,10644,28254,4066,4830,36513,17254,22484,10666,4517,4005,4736,30791,5798,12282,7163,1101,32500,112751,2788,9608,32757,24889,3073,7626,2324,8588,8254,1111,477,60117,1448,8809,6723,10558,14809,57586,11429,7835,11304,2645,11719,582
TMF1,7848,7974,7965,7021,10372,8426,8396,8746,8416,1645,10219,5586,7787,10703,5489,2387,8510,7214,10369,5392,12340,7093,7262,10125,9678,7910,10932,4317,7004,8155,7729,5851,7256,8354,5127,7648,3988,6850,9150,6793,13478,10464,1189,12691,6231,6261,6482,5249,13171,10717,6774,6519,11848,6589,7286,10236,9558,5515,11065,7534,6580,5581,6188,2665,6751,11706
ZFC3H1,10832,9214,8660,10079,11042,9919,8827,8067,10468,2268,6785,6146,10676,9159,9145,2718,11666,10935,9049,5933,11314,7425,8627,13188,10026,9122,6666,6670,8902,8823,9389,7930,8708,9225,7242,9261,4238,8805,11084,7965,12367,9913,1582,12746,6956,6467,8317,7302,9717,10302,9298,9719,11837,9753,6231,11935,8154,6846,9581,9798,10424,6876,8571,6057,8183,13183
PNN,21797,15215,13321,23719,25030,14556,22688,14778,18415,4853,21309,11297,19414,15552,21534,3836,20038,12609,27062,9791,21381,20955,33321,34088,17622,16415,13891,11316,19024,18221,21256,17876,20150,24536,13161,16992,7849,14524,19882,6158,27641,20918,2951,26873,14223,13866,18011,18450,17394,14973,13249,11808,14118,14409,12628,19997,21287,12527,18890,19764,21658,9898,18327,8077,15237,25353
ARGLU1,16012,12608,8545,15956,18365,11992,13699,12683,24268,6321,12483,10982,15995,11933,27510,3266,17469,14800,19131,9055,12915,19464,16860,27119,15502,13643,12098,9214,17235,11389,13219,21975,16854,16699,24048,8722,5360,9149,12326,9914,15132,15393,2631,17048,15530,12453,11794,16983,10956,10549,9675,14615,17857,17023,9049,18264,13188,9330,15241,17994,14406,10516,14767,6496,20149,16469
H2AFX,17995,3746,26789,7272,5035,2801,5348,6659,22144,2213,15413,2450,11441,4859,2943,1484,8857,928,10875,11080,8461,14722,20968,9009,3534,18204,12167,3479,11804,7379,6380,11587,10550,5686,17732,10461,10325,6247,9174,6061,6345,14054,3036,5712,4162,13291,15202,12083,15785,5562,10792,3452,9024,5449,10821,4237,11596,9248,8862,4830,14973,3840,8405,6076,19572,15498
RPS4X,174527,121526,154842,96054,180913,131685,174318,98921,151704,15278,143763,48971,163107,296512,70134,30685,91919,125578,188561,77822,181206,92956,144216,103814,92579,145798,71701,31648,87445,148317,159404,112577,136065,89019,44189,492954,63640,74217,80158,37314,89616,174852,11259,213066,85938,92473,94233,78404,69583,151601,217122,100777,208280,96428,91032,213123,136261,132575,176523,113534,97215,85445,87094,79652,98251,204285
ZKSCAN8,8285,7103,7866,7661,8587,8852,7679,8471,9849,1942,8584,3172,8163,8840,7661,2227,7997,7155,8801,5032,8361,7131,9839,10125,7366,7098,5273,3140,7096,4581,7840,6931,7002,6970,5788,7277,4033,6825,8046,3124,10742,8916,966,9294,5533,6058,7699,6758,7587,10503,9262,8519,7663,8108,3939,9633,8888,5105,7429,6703,7054,5951,7310,5629,7774,10569
DAZAP1,14036,7357,14009,9953,9911,6620,9875,9271,18894,3522,10776,5226,10658,7857,8897,2041,12685,6792,15630,10036,12071,15421,15870,15052,8043,15169,10041,6348,16611,7990,7472,9145,12126,8964,9952,11456,6601,11253,9925,9262,14269,14721,1896,10261,9078,12954,12234,11262,10282,8869,9483,8837,13242,11607,8052,9464,10372,9768,10073,10102,18285,4951,11621,8195,15898,14121
SLC43A1,5328,2688,3975,3874,4814,3473,2263,4243,9777,2392,5500,1692,5534,4139,3736,738,4058,3086,3152,4197,4943,5861,7741,3089,3504,7322,7779,2810,5333,3433,3237,3148,5174,1679,2138,5902,2911,3621,2663,2375,6886,10087,884,4316,2606,4777,8390,4929,3759,5674,4275,3726,5627,5512,4339,4042,5784,3608,3973,4626,6096,3380,4234,2907,5846,7521
ZNF91,7002,8303,5240,10868,9813,16827,9851,5796,13225,2384,11979,5546,3397,7853,7975,3760,10529,8064,4783,8328,6392,3361,13500,5526,13219,2987,7545,12425,7329,11816,12028,8596,6587,9349,8846,2818,3847,11122,14354,7693,11468,10986,1101,25003,4133,9306,2492,4952,9100,5570,14697,4615,6837,7215,9908,11848,3844,4867,9686,13684,6992,9993,6745,6130,8443,4704
DAG1,721,1671,623,2979,2317,1673,2153,2882,7322,521,8166,517,5139,1984,1524,597,1612,544,3761,1891,2868,7785,8520,2801,1642,1533,1943,583,3991,2754,2117,3298,1572,1603,487,1524,1700,1312,2709,288,1642,4206,753,1061,1264,4858,8511,3849,4366,3858,1094,1463,388,4923,4052,1741,4954,3402,313,335,3718,805,6425,2003,522,6824
MPP6,4712,7994,3929,6759,11796,6167,3305,6291,6554,2103,3827,2322,2915,8884,6397,1106,4520,3600,3725,2634,8482,2234,10563,4439,3220,3067,3553,2842,5410,5674,3807,2338,2221,5032,1945,2346,1148,8864,4927,1047,3978,7995,497,6746,3981,4463,4653,2178,3658,3066,3885,2796,3433,3262,2868,11825,5545,1779,5135,8060,2772,7563,4352,2106,5022,5482
DDX39A,8092,3153,8889,5574,4526,3324,6037,4249,9723,1306,6232,2163,5656,4184,3539,1136,5122,1695,7807,4320,5016,8812,10446,6940,4079,7674,5959,3189,6853,4467,4082,5675,5015,5772,6035,5436,4027,6663,4680,4566,6201,7546,1538,7014,4268,6057,7383,7001,6934,4924,4284,3437,4549,5055,5019,4425,6066,5157,5581,5228,7535,2240,5253,2910,8935,8239
PTGER4,6865,1958,2650,2933,5255,7618,6303,11318,2547,655,7321,4791,4666,9163,1348,723,8186,6754,8051,2002,11321,3924,1341,9423,8651,3883,18806,2415,2948,4748,4212,2916,2493,7696,1179,4941,2554,2031,8210,2030,8599,2443,547,14924,7126,2047,2082,7127,4177,2761,3177,7776,11877,5145,1038,3243,8463,4509,6966,3144,3103,1323,2277,1476,3106,13743
TBCD,9049,3250,9195,5442,4848,5143,5551,6865,14178,1804,7999,3508,6458,4757,5752,2258,6742,4955,9128,8000,6731,6884,10802,9650,4409,8049,6343,3559,8210,5744,5486,5223,6514,5842,11012,6220,4254,4324,6175,7607,4846,8027,1137,5242,3519,9014,9484,7207,8152,10347,8594,5961,8538,6893,7728,5122,7537,5535,4944,5144,10950,3683,5531,6315,10383,7464
RAB44,6688,3362,3827,4723,6246,629,3711,6885,9235,3663,3566,1436,4966,12401,496,977,6981,45,4475,5080,3780,5010,7458,4478,8147,6742,9517,4956,9928,5147,5918,4633,3472,3246,2711,5473,1763,6264,4375,5191,12498,13081,883,7249,8779,8153,2705,6406,1711,2860,3230,610,959,10202,2924,14370,4970,2691,8727,12602,4822,8994,4234,5018,4748,4869
ZRANB2,15300,10436,11347,14911,19668,14776,13601,11251,14336,4219,14846,10217,15456,12902,13925,3430,15690,13899,16953,4886,15440,10498,17043,24579,11822,12877,9274,10320,12287,12602,17624,13108,13209,17826,9662,13755,5689,10014,15889,4297,17630,18382,1560,25970,12488,7259,13305,11830,12405,12051,8904,12856,14416,12434,7046,17643,12769,9036,11821,15509,14415,5444,12555,5409,13152,19192
SCRN1,9258,6309,6501,7655,10487,12803,7311,10195,17318,2883,12107,4807,11562,14136,7836,1977,10298,10576,8223,7161,15379,7996,11982,9301,7706,8939,13513,7142,7496,8466,8193,6717,7800,7429,6812,12464,5290,10282,10108,241,13230,12611,1508,14121,7727,7939,9697,6742,13411,1456,12494,11235,16747,6736,8046,9502,10421,5270,13209,11756,8354,9090,8509,3740,6550,13405
LUC7L3,11576,11346,6383,14846,19602,10882,11469,8184,16394,4497,9503,9008,15632,9946,16859,3260,13541,14752,12899,4204,11772,9516,14839,24778,13022,9402,8072,9573,11902,11331,13399,13815,11364,15946,8804,8911,3790,6893,13559,5761,12398,12635,1929,16221,15779,7974,10933,10313,10789,8705,7572,11182,9733,10760,7554,16320,8965,7403,9178,13624,10759,7080,9931,4971,10549,14341
HIST1H2BN,19976,3568,22513,10019,1118,5877,3926,9540,27741,1312,2146,2118,14199,2091,6234,2308,12896,2220,2701,1463,12036,14879,14273,1670,6479,20598,4763,3222,13301,10867,12417,13254,11051,1558,13071,11491,3033,5657,1179,3665,10734,2297,3192,7709,4192,11578,14510,14512,10685,597,9373,1498,9313,431,1030,8036,21401,13530,4546,8862,18452,3021,13050,4094,1591,1469
TFDP1,9381,5013,12770,10686,9387,5467,9625,9808,18824,3037,12080,3601,7155,5995,5194,2624,7089,2361,14521,9156,14136,12639,12413,11000,7561,19786,7463,6629,8030,8143,6567,8493,9874,8326,4828,10261,5445,13020,11497,5319,5396,18260,1861,9791,6370,12157,22426,12953,13968,12419,9193,4618,5364,8105,12709,7861,14367,7912,5322,5336,16314,4449,7106,6858,10721,12464
SRRT,11904,6323,12877,7446,7888,6874,9781,7482,17609,2476,11989,3257,9879,9131,5880,1754,9775,3930,13543,9273,10281,11944,12722,10851,7353,11600,9307,5586,11783,7125,7381,8493,9047,7677,9411,9639,5930,7634,6816,7935,7176,11232,2025,9889,6301,10626,12891,11165,10575,12107,8152,5725,9082,9081,9983,7089,10782,7281,10029,8385,12944,5489,9543,5261,13703,12349
SLC29A1,9269,2449,6846,5517,6026,3037,3613,4917,14164,1406,9223,1100,8989,6182,2576,1020,5940,537,6133,4522,5953,8890,16063,5361,3469,12517,5540,1472,7541,4020,4783,5096,8826,2668,3332,8963,4900,4849,4281,1230,6536,9994,1133,5061,4764,6922,12928,8659,6241,7020,4363,1774,4539,7624,5035,3516,7550,7815,5132,5020,11742,2410,7284,5390,6915,11417
PURB,8474,7916,8901,8419,10944,10149,9629,10575,9448,3100,9644,6037,7381,8300,6616,2802,9833,7459,10819,6397,9921,7089,13150,12750,12062,7862,8056,9753,8681,8420,9188,7282,7020,10442,7502,6433,3397,9645,8718,5112,9362,8053,1829,10999,6967,6132,8479,5956,14161,5111,7341,7732,9581,8569,8105,12264,7765,5872,12570,9188,7847,6957,7261,3017,8267,11755
SLC43A3,6558,2452,6098,3371,3777,3020,2661,5073,12914,1408,7567,1594,5118,3243,2795,966,4111,2249,3788,4830,5639,11269,11473,3851,3329,5877,6741,2939,5793,3369,5240,4772,5048,2742,3431,5497,3694,4471,4547,3182,4429,6857,1046,3097,3152,5029,9465,6727,11449,5982,4624,3440,9456,6262,5332,1360,6838,4475,4050,4211,4952,1913,5081,4162,4547,8838
COL24A1,2025,5318,2079,6975,7461,5503,4103,14261,2202,1436,3394,9831,4967,4764,9019,1536,4436,6960,5201,2963,16458,4734,4744,6946,17138,2950,8412,5117,2707,4508,2752,4452,1602,4395,3239,3289,848,3348,5900,3199,18319,9505,744,7972,4918,3549,1147,1467,8884,14325,6072,7921,14914,2095,4095,8891,4348,1164,8486,3898,1995,4502,4900,2242,3132,11504
LENG8,20587,10917,4475,13570,20886,11885,13093,8908,8918,8750,5335,9427,8069,6609,16913,4778,16461,28696,16011,4804,15638,5809,6368,19942,20744,7265,5276,13361,16956,13286,18128,10692,8820,21580,7597,8679,2876,7126,20809,5259,14030,8666,2535,20903,8715,6471,11471,8955,10704,5422,11623,14826,10983,8946,3724,26276,10375,5314,10428,8400,25944,7785,9406,3689,16240,14982
ZC3H12C,6475,5210,2304,5045,7088,12702,2554,4565,7191,1872,6063,3962,5511,7753,4197,1313,10274,9424,3088,3503,6803,4122,6482,3783,7633,6162,7863,3721,5143,5566,4506,4334,4556,2681,3943,4752,2177,3187,3795,3778,4681,6189,932,13617,5531,5745,5513,3186,11240,5540,9676,5694,9311,3211,5423,9797,4647,3359,2848,6358,4186,5107,4368,4565,2315,5843
NCLN,6034,3404,5973,3896,2347,2284,3276,2916,14959,2865,3559,1564,4450,3743,2272,982,4328,2620,5664,4201,3829,4404,7858,3765,3337,6474,4201,2251,6866,2723,3250,3865,3612,2739,3676,4484,2723,3438,3519,5779,5068,6332,1733,3130,5486,5352,3721,4718,3413,4983,3746,2477,5016,4833,3152,2907,3537,3804,4638,3252,5434,3254,4002,3720,6134,4341
DDX3X,28359,24626,23215,20078,28347,22924,34741,34669,16594,7062,29392,19312,16149,26933,15791,9558,22775,18487,32462,19889,26632,19537,22199,33579,24808,19807,23609,15970,15572,25507,22537,21178,26238,31232,15122,46685,9600,19461,19588,17384,24676,22537,3244,26085,21545,15917,20957,16312,29684,30984,30130,16893,28867,17117,25550,25276,23462,19200,36190,19619,16822,17871,13215,17004,21354,31465
LEPR,1615,560,277,985,9219,1185,740,455,14093,199,3483,1060,1825,4362,655,742,1975,893,1395,744,1369,15349,13765,878,471,5244,652,1154,2288,1546,1243,1070,4204,707,1896,2435,965,2950,1259,224,1896,2449,545,1844,4831,3990,8517,1172,1931,592,865,996,940,1580,3641,11050,7027,3276,1774,611,3222,2821,2849,1187,2013,6035
SLC25A29,10954,7557,5023,8599,16199,5373,3526,9296,6309,4309,7587,4362,15234,11051,11881,1686,9412,5686,6226,5915,9260,9828,21372,6937,15090,8397,7225,3481,9239,3824,4015,6311,4086,8401,2560,5087,1852,4042,4190,3530,14015,9095,1354,13955,11113,8310,4744,6995,7731,4373,6519,12550,6940,7909,5366,13546,4947,2794,10980,6899,8671,3744,6285,3709,10880,6896
SRSF5,17720,16641,13688,16426,24914,20766,23727,20016,12665,9639,16985,15646,19048,19063,18597,5463,18937,15293,26351,14269,27759,11603,26593,28584,15428,15448,13064,10365,13876,14853,17539,16305,14573,24398,12470,11616,8344,16109,21280,11388,21850,17537,2121,29531,13509,16496,9780,15814,14579,20358,18903,12910,22899,11909,11268,23983,16990,11794,23042,19992,15913,15369,14040,9260,20961,20257
LHFPL2,5064,5937,2473,2791,4090,5051,1213,4340,6813,978,5326,2505,6807,6485,4097,1788,7266,4069,2748,4855,9973,7790,6991,2357,3640,4436,5691,2555,4478,4690,3216,4262,3985,1808,1691,4565,2335,3352,4678,3813,2922,6670,470,6548,3950,4099,6792,3720,13659,3283,6584,3334,3451,2662,4361,16056,5287,4468,5674,3314,4519,2808,6111,2058,2669,6428
HLA-DMB,5403,6253,2218,5109,4690,2802,3181,3523,919,177,2157,3285,1782,1823,1096,1492,6936,1492,5398,2060,2692,1064,793,7505,4288,1394,2640,4170,3125,2663,2943,1710,353,3676,1163,2049,987,3007,8451,1515,2149,1468,153,4725,450,1562,1576,729,2736,3200,3877,4383,4478,855,2139,3061,2370,1399,1926,905,2138,2219,591,521,1361,9021
PROM1,8459,21444,4247,12916,22098,27495,12841,27073,9030,5496,11221,16877,12015,19073,13377,2784,13587,19298,11851,10881,21890,4674,8440,19352,28684,7421,20219,12211,7879,13274,11814,9198,3718,10529,4745,9796,4214,16644,13121,9598,15964,12614,1353,22134,10187,10377,3430,7794,4515,8692,15380,17406,25955,4759,10949,16385,12470,3930,22171,14531,3822,15156,6407,5320,7426,13728
RBM6,8578,5623,5596,6243,7170,6057,5655,8334,8460,2353,8715,4083,6781,6111,7501,1837,9005,5090,9527,5607,9081,11239,8798,8957,11663,6826,8575,3837,8477,6833,6416,7610,6182,6528,7643,6481,2852,5760,6912,6848,8325,9442,1201,6947,6683,7813,7639,7004,12058,9556,5472,6998,7157,6705,8306,7274,8910,4564,9131,8554,6865,5813,6353,3173,7658,10777
FLNB,24061,42701,29449,22733,39757,23472,27365,38573,39107,3690,19682,24067,37825,12900,20783,5325,27247,17791,34294,21711,24837,14186,24112,24653,49031,18769,14395,9636,21388,19156,20830,17784,11636,18533,24878,24942,11217,36770,47185,37700,24078,17522,2943,35045,14668,20612,10267,13306,12295,29381,26294,35069,76520,21905,13551,50411,16239,10519,13461,16563,15229,11923,10655,6347,24178,35033
CYLD,5614,6883,4283,4928,7304,9756,12169,7083,6864,2534,8222,6953,7375,8885,8396,2076,10408,7936,11591,6652,11347,3168,5704,11292,8875,6471,6476,5933,5996,7782,7602,5555,4293,11240,3984,5852,3522,8538,8366,7547,9967,7851,1145,11908,6088,5479,3753,4570,9410,13192,6833,8537,12114,5905,6039,7265,7261,4173,11237,7521,5366,5203,4207,4951,5743,10570
FLT3,11395,22870,8344,20950,12640,16470,14248,23367,24566,4662,9325,35454,17993,15835,16304,3985,14032,9092,25183,15339,34262,3721,9631,29682,29318,9889,29558,12537,9893,16058,20391,9853,4040,18370,7372,11577,6107,11343,33808,27950,12829,9352,1055,41689,16293,11678,2109,5907,2260,17051,19810,29178,43406,8132,11249,17610,8886,4654,35798,20083,5280,17709,6598,6479,9902,29387
APEX1,14474,5412,7715,7882,12882,8721,4942,8493,18931,1487,8599,5685,17506,12907,4575,893,6082,4054,12849,4870,5909,11620,18388,6230,7570,10806,3580,3033,7796,8698,12954,7892,4592,7033,6212,14523,8574,16058,12377,2640,7480,10438,1102,17620,5316,5739,4680,7682,7172,11208,13469,8806,14577,12038,9324,6259,8824,5615,14635,6215,9776,6065,5426,3346,6226,10553
PLEKHO1,5357,7829,7410,4905,5453,4697,5731,4758,5207,1937,4901,5528,7695,5050,6645,1759,6598,4294,7527,5384,7039,2537,2653,6355,4152,5846,10915,4314,4249,5095,4090,5050,2071,6530,5894,4910,3101,5997,6843,10469,3238,4028,829,5443,2956,3322,3076,3368,12874,7646,5990,6492,10263,4035,4810,5065,4838,2534,6960,3616,5158,3591,2005,2665,5320,6160
CDC42SE2,10264,3369,6100,7209,7761,4155,12895,4409,11758,2475,6638,5631,8007,9131,2440,1766,9915,7431,13181,4754,11683,2895,5304,11236,5691,8612,2539,5664,6811,8266,8230,8760,7554,8923,4065,7064,3200,8351,6413,5347,1995,2399,1396,11265,3292,5967,4394,4259,7995,3380,10420,7199,10736,4927,4145,8899,6541,7549,2459,3785,3825,3075,6676,3608,6873,6401
BZW2,9375,6183,9704,8528,11541,8627,9861,7541,11536,2403,11784,4227,9887,11471,6163,1682,10312,7415,11401,7118,13196,10288,11019,9435,6265,9696,8149,5462,8205,8192,9453,6756,8852,7870,5250,10817,5325,8122,8729,3608,8782,10825,1119,11425,6812,6946,9312,7912,6276,6443,7947,7176,12561,9055,7367,10450,11225,7250,8822,8215,8321,5575,7894,2882,8557,14046
HLA-DRA,57659,48650,38567,61866,91152,51594,50803,42055,28594,3165,38595,27146,24511,52856,18768,14006,95806,19052,70056,37525,54166,12673,9965,58980,41565,14722,33855,43088,32404,36326,42777,14726,4989,47483,28266,34526,16029,44409,93235,18698,20440,25120,2349,95549,13402,25553,42671,16644,39712,76442,70555,47577,85680,14535,39279,72236,45591,26066,53446,16264,26477,31253,10305,15284,14196,118318
RASSF1,7054,4766,4591,4845,7882,4232,5352,5304,11379,2615,6668,6483,8245,8486,5585,1284,7268,3816,5360,4795,7438,6213,12276,5900,6580,7861,6566,2968,7849,4497,5033,6150,5220,4948,4767,4104,3411,3634,5648,4505,10393,8334,1198,7722,6862,7789,4641,6676,5871,6059,5682,8470,11725,6862,5203,7182,7230,4120,7852,6989,6953,3994,5528,2762,7933,7735
C11orf21,10831,6637,1934,8925,8533,13440,2966,5405,9876,2355,4427,7741,9408,7036,16133,1013,8000,13114,3111,7522,11017,7722,13971,5819,9718,6760,6217,3502,11353,5126,3197,6805,7222,2969,3218,5130,2786,5197,5278,4493,13135,10931,1091,12437,6221,11214,7314,5314,15301,6092,8687,24318,19459,6225,5090,7621,5977,3642,13016,10745,12273,5003,7586,3015,6805,8978
ENGASE,6225,3577,3137,4018,6934,7795,2516,4494,8869,2876,2235,5721,6382,4107,9678,1097,6995,5331,3979,3366,4915,3455,8841,7179,4250,5220,4868,2588,6420,3693,3289,5830,3112,4485,6452,3982,1940,3726,3630,4388,5468,4720,887,10630,6206,6191,3130,5082,4208,3793,4545,8108,8536,5002,2966,6394,2796,3107,3453,6464,5988,3112,5273,2655,6497,4776
FOS,51628,39186,21158,51808,62816,101297,7907,117434,16695,14808,55443,32454,26677,99461,14286,18972,92296,8750,21115,18052,92239,32827,17671,42147,120602,39238,55250,7937,20062,36015,9513,34692,36960,19627,13168,53363,28673,24701,35434,18101,100122,22904,5376,157168,111084,27791,19569,18339,64612,36999,17189,23689,54176,49363,18023,95890,28722,25456,164687,33807,32267,7282,47939,6178,33138,120198
IST1,9060,4856,5569,4326,9400,5724,5074,4996,7210,1932,6460,3925,5953,5679,4813,1681,11222,5605,5723,4235,12970,4897,4110,6458,9953,6650,5896,4874,4885,4769,8372,7938,6286,5387,4799,5211,3100,7259,6146,4266,12298,7894,691,6039,4155,5345,5847,4333,10431,6252,6040,5754,10744,5345,4924,10257,6132,4318,12162,5584,9855,3997,4324,4400,10818,5706
KMT5A,4945,2607,3207,2980,1768,2602,3385,3477,6342,1125,3831,1683,3737,3365,1613,1033,4007,878,4962,2968,3716,6124,6687,4241,3001,4037,3417,2198,3231,3223,3195,3263,5036,3038,3688,4004,2417,4016,3624,1855,4046,5847,644,3656,2214,4267,7796,3933,6130,3324,2781,1856,3266,4804,4258,1642,5104,3502,3379,3165,5387,1613,4016,2299,5602,6304
TNPO2,9702,5291,8457,7161,6500,6039,4929,6852,13519,1781,7026,3355,8918,5232,5680,1527,8241,4224,6630,8441,6132,10648,13520,7458,5744,9784,5707,4641,10095,5348,5212,7188,9533,4551,7522,7306,4184,9504,6214,6805,7330,9220,1461,11460,4574,10041,10651,7513,10042,9411,6991,6846,8570,9404,8370,6981,6999,7397,7537,6155,10265,5244,9374,5608,10867,9612
CLC,20560,441,3366,948,1019,94,2325,651,21790,251,12116,951,4740,7902,125,539,9925,7,1876,3457,2441,12074,1534,1247,686,10159,9232,420,7731,4634,7799,3976,15970,2858,757,8676,10887,2250,3787,624,14494,23244,590,1906,639,4896,9611,4978,1510,3817,2147,349,1182,24041,3515,4,16109,12743,405,3276,24044,129,12843,893,14761,159
SLC35E2,7316,9030,6728,9472,8207,9303,3600,7931,8847,2912,3198,5086,9669,7906,6923,1758,6787,7006,4469,5633,8433,5486,4484,6494,10833,7518,9874,5406,9445,5072,4982,5682,3829,8308,9792,4275,4455,5111,7185,5438,7546,9656,942,8431,4787,5560,6753,4120,9751,6630,7388,10865,12933,5683,4415,14314,3015,4754,4358,4360,6157,5928,5348,4276,15061,6367
IGFBP2,5811,3384,3158,5161,6004,282,4142,3225,3940,4278,3944,937,1783,4702,2619,563,4956,93,1293,2517,1770,1744,11678,1963,897,4137,2606,1469,3442,1004,1088,3222,2350,353,2068,7150,786,1938,1392,26,6921,41183,573,2251,6529,3192,1450,5282,801,4738,1042,394,307,6863,810,2600,3610,3278,22208,6810,6161,1327,2140,2997,1613,5189
HIF1A,9954,9625,11513,6834,14764,7807,18530,12451,8314,1763,11943,8302,8828,9905,7995,4119,9898,7419,20834,6010,13238,8082,11466,16450,13360,8320,9606,8975,6859,8617,9123,7644,5910,16168,9052,6371,4293,6032,14518,4919,13568,10606,1204,9790,8434,5557,7136,7441,14135,12779,6950,9852,17172,7430,7714,11257,12423,7846,9617,7254,8829,4372,4312,5205,9594,12729
TFR2,10369,798,1280,4079,2549,551,2049,2683,21529,993,11803,517,5081,2054,2230,974,2566,1401,4140,5541,5356,16758,26155,2128,609,12378,2778,2842,9681,2761,4063,3721,12465,3180,1594,3109,4545,2001,1921,529,2488,4833,2291,3557,2592,10132,24184,10289,8425,8410,4741,4060,711,5421,9074,2707,9903,10684,973,3362,15459,1242,12335,3328,7613,8762
S100A8,1995,1027,2999,647,2728,159,324,521,1804,31,2036,1973,2377,1154,2850,1765,2106,40,1238,4052,2812,1812,2637,623,394,22873,781,372,1002,1597,3983,847,775,214,2388,1131,2755,98,824,16319,1228,1537,433,790,213,7913,1160,3973,1092,482,4303,814,429,811,551,903,2239,801,620,923,30101,164,1387,540,437,2548
MSI2,37656,41310,28591,32391,37901,103560,48561,39646,37456,13321,24517,41269,36183,45456,47774,11804,36888,86756,61626,41200,35602,17141,28886,70063,51396,15241,33721,28014,25357,35715,28160,30049,20625,34780,36555,23974,10779,41053,31370,14564,43035,17745,4962,103534,44545,25606,15220,24242,21611,31539,42821,67469,76801,34282,25040,77878,27133,14785,25076,42304,23924,24141,17411,11902,43231,37399
GOLGA8B,12250,7881,937,20603,30414,8614,9053,12671,9115,3767,5551,6973,9769,4109,35611,1907,7923,14736,7350,8948,11986,10963,16030,17746,13073,4097,5939,7273,12986,6607,10360,9535,11333,8815,3380,3292,1410,8375,6507,1675,20161,10311,1889,16875,16485,9608,7360,8403,9969,12160,7879,11776,15609,8457,7042,23893,6173,3622,8902,15073,11606,18549,12555,530,12099,10180
RASGEF1B,4028,1770,2083,1818,8511,3158,3870,6855,1168,1247,8481,2374,784,2047,8824,3144,5542,2606,5296,691,4485,3198,609,8565,4737,2022,8540,5767,963,3974,3353,2573,2475,9145,1129,3808,1766,695,7263,1009,7020,2334,426,3051,8747,631,957,1603,4409,1179,2008,2370,8739,1726,766,3539,1711,6976,3335,926,1930,191,1112,787,3136,3174
SPTA1,12009,3913,4806,3020,3749,702,2289,5003,5629,756,19417,2926,6321,2183,944,5945,3617,1436,5855,3150,7343,26410,27716,7307,2080,27098,2873,2393,6604,3343,4185,6142,38575,3853,6645,9734,4363,1011,5426,3145,6011,10586,1507,1166,1526,5327,147308,8757,9436,6515,2931,4751,1938,14314,13201,5325,13359,15816,723,3288,19971,1054,9335,15324,22082,24335
EIF5,25238,15364,12736,20753,13769,11648,25848,29623,13415,4453,14614,12372,10319,14537,14311,4722,16068,9735,24686,20088,18147,11268,19708,20745,19750,16055,14038,9201,9935,21215,11884,12450,25150,24306,10466,8833,10978,19076,21084,11662,37535,16121,4104,21391,13150,13713,14470,9724,13009,22346,21974,12909,13842,21984,18887,14480,15787,12400,24433,14223,16946,16864,11840,10211,20579,37194
PNISR,14154,11920,9310,15508,23648,17771,15514,11053,11109,2621,10377,8012,14470,14890,18702,4036,17242,18002,17162,3938,15249,12253,11286,23414,16592,11678,8528,10645,14298,11984,13643,13216,10815,16696,11365,8978,4387,7072,14787,4655,14694,13562,2067,23993,14696,7407,9165,12454,11268,7036,11314,13500,12495,9850,4911,19239,11121,8353,8016,17143,12089,6900,10221,4307,11607,14194
DPPA4,4072,959,5314,7090,9328,10818,6114,8425,3350,2458,8756,2920,6037,9466,6601,1264,9081,6084,8147,2203,4454,8507,7492,8119,4942,6865,6967,3893,4500,6064,5731,6406,4649,6623,3590,4860,1909,7810,3434,103,426,2424,1166,14032,6334,5505,4216,6526,4666,103,6869,9835,3509,28,5380,12403,6928,4205,4167,4241,6518,1923,4319,70,2483,4885
NFRKB,5713,3985,4208,4707,5481,3728,3408,5228,7672,1535,5639,1604,5795,5443,4502,1304,5577,2797,4875,4947,5377,5965,6488,4824,5956,5660,7773,3397,5387,4334,4236,4414,4531,3400,4012,5046,2862,4059,4483,3967,41015,94011,764,4547,4075,6083,4864,4577,5107,2943,5265,4053,5280,4722,4802,7965,5698,4306,6154,4111,5553,3338,5041,3953,5376,6461
TSPAN14,13723,1622,7467,2324,1983,2148,3141,2564,10735,1294,6983,1127,4825,9162,3096,2210,2395,1540,15890,2063,2068,2754,3059,12808,1755,3498,6376,4250,9856,2041,1910,3172,5707,3696,13823,2696,7057,1253,4066,3645,2975,8406,927,5650,3719,5804,10449,4189,17971,6343,3796,4281,2580,2260,5029,2732,5127,2216,1877,4302,3260,2105,4563,7585,18582,7330
XAF1,4858,3146,6100,6244,2506,5718,3398,4534,3180,1501,1572,3752,5289,2756,5834,1416,9520,7491,4525,2526,14287,1610,5044,4839,3436,1373,4906,2103,2982,4451,2626,2926,2452,22246,20832,11500,1664,17128,4718,2544,2472,1824,775,5333,8332,3810,4230,1820,3025,4574,2514,6076,7051,17266,2927,2996,2601,2562,3300,3742,7925,4912,2851,3634,3641,6800
APOL6,8369,8547,11105,8956,14915,10099,6836,9431,14865,4501,7765,7733,8984,12188,10112,3334,19548,8288,7041,5635,16808,6631,8605,9708,5951,7831,14514,9677,6213,8184,6769,7220,5905,14267,10089,8853,6264,14798,11754,3773,9693,11278,1161,10867,11499,6252,10872,5645,7905,9324,10895,7811,16235,20015,5605,12143,5965,8647,13755,10350,10098,7766,6434,5707,7835,12538
PRTN3,22194,653,19573,5943,4220,13,4741,17317,7142,8137,8678,917,3320,39189,410,1755,20784,37,17577,13037,3715,21839,13240,3037,18946,18208,2834,1090,41197,17802,14894,10955,9287,4897,2498,27134,5492,5519,3899,612,53259,70974,4284,622,14332,24797,3725,10108,4040,13397,6595,1040,647,52372,4543,3232,12965,12903,6566,28780,13183,2630,10976,8984,17540,397
SNRNP70,20613,19768,15423,15029,20803,17766,13392,13273,20083,6130,13666,15733,22363,12173,24160,3144,19080,20165,18365,13952,15882,13473,20755,20934,14840,17170,12201,9811,21322,10699,12133,15797,15531,13001,21109,12191,7569,12803,11438,15472,17969,14544,2203,26559,13997,19096,13436,17282,15322,15917,11807,21037,21610,15316,10875,20475,11642,9660,17953,18752,19344,14385,18302,9192,21923,16544
KIF18B,5849,1333,5175,3382,2288,913,1177,2071,8788,513,3895,616,2356,1552,856,767,3934,176,2862,3434,3074,4841,4805,2694,1348,4694,2988,1432,4128,2770,2079,3620,3811,1539,5515,4068,2168,1984,3082,1923,1799,3671,744,1683,1246,4662,9213,3129,8038,2629,2459,767,1841,4128,3047,1690,2749,2466,2911,1841,4198,618,3152,1385,5806,4316
RANGAP1,11594,4624,9111,7273,6983,4550,5371,6210,17396,2833,11181,3740,9821,7020,5114,1386,9122,3131,8125,7595,7669,12630,16492,6523,5574,13370,12555,4196,12156,6411,6383,6638,10275,5062,7241,10809,6528,6069,6795,6160,6802,10578,1985,6675,4179,9761,13489,8234,10652,8350,8334,5079,7833,13019,9367,6887,9144,8491,8344,7072,12780,3853,10195,3878,14160,11457
PRG2,27785,337,10169,790,742,158,1308,1310,51034,418,29951,2143,948,8283,232,1450,22682,130,1197,8031,4474,28292,3127,921,2689,8068,44100,2542,14982,9253,10055,12130,15998,2062,2418,5131,11131,3881,5713,2088,5062,13260,1854,1552,1238,8029,21521,11733,2779,3262,4019,1027,1405,29003,4946,56,19741,17616,254,5115,28318,735,9652,7113,21181,164
CD53,8069,6038,9192,7320,4476,6403,6109,8557,5553,2119,7780,5361,8069,5996,7744,2092,9188,5083,13524,6550,12357,4217,5142,10805,5844,7104,8939,5386,5833,7558,8561,6591,3035,7905,7203,8248,4482,6182,10483,5497,6186,4377,758,14112,3441,5283,3979,4861,4028,9690,8120,8720,11216,5603,5754,8300,6991,5318,10387,5952,5784,4525,3740,3833,7350,15411
CA2,2564,326,356,690,1372,404,600,489,3305,297,3072,479,874,4763,114,1532,1083,209,2254,887,4400,1285,9277,1195,657,13156,1087,3271,1087,673,689,942,11164,1746,693,2197,2357,412,868,1369,5925,22629,403,835,7724,1635,13696,3445,6143,1159,513,1620,114,4560,979,3964,1346,4524,1017,1742,8533,774,1910,1926,8931,4304
C6orf89,5227,1211,1416,4006,2299,3464,1288,4356,8176,360,4414,628,3596,5815,2970,543,2206,3325,2233,2254,6960,7013,3888,4237,1311,3224,1780,1841,4130,1440,4383,3256,2667,1969,2588,5185,1413,2686,5210,1265,4416,4701,275,3521,2418,4270,3624,4637,2954,2010,1970,1370,5926,5056,1752,2381,2301,3609,5670,4207,6203,2837,2196,3070,2376,9117
DDI2,14548,6987,9726,10452,8182,6467,4530,8270,19880,1759,22028,3735,11942,7261,4595,2481,9483,4402,8329,9987,10622,25273,17972,7573,6366,20782,10305,6042,13117,10069,11448,8154,20531,7074,6319,15702,8399,9064,11240,7672,11536,14190,1659,7667,4560,13573,28203,14247,12909,13551,9922,6205,7156,13832,15292,9173,16368,13999,10041,7625,17368,6013,15006,11839,15597,21738
BAALC,1652,5401,1171,3875,5966,1918,2653,7293,2086,694,1152,4427,3742,1327,5920,376,3692,8159,3468,1829,1904,594,708,3542,4241,1167,2256,657,808,921,1361,2248,1378,2157,2583,1146,964,1699,2010,3093,4369,1285,317,1966,1263,1518,594,1037,690,1765,2480,2741,12890,982,890,4670,1114,1175,924,1603,548,1666,1096,671,2140,2422
EPSTI1,2410,838,2377,2927,3263,934,2649,1472,6522,1386,6125,809,2382,2497,3335,890,5472,1693,3343,2340,4401,4245,6256,3200,695,2435,1782,1335,2598,2024,2272,1697,2695,14076,6252,7787,1693,6462,3042,522,2349,2358,504,2745,5036,2430,6384,1973,4153,3397,2049,2280,1132,8779,3555,2312,4107,1566,641,2582,5447,1615,2134,6309,1921,2368
TRIO,14613,20732,11539,10341,15720,10426,12013,16971,17956,2567,11854,9074,14575,16823,11678,3947,12482,8303,17929,12677,13075,11956,10873,17918,21335,14506,24969,10163,12715,12469,12925,10644,10274,10467,10866,17051,5400,19036,13574,2125,24560,19503,1730,14845,10908,10643,9516,9488,12497,11442,10440,13412,17273,12194,10619,12498,10620,8832,21743,13408,9665,9840,8575,19819,12410,16744
CD164,26715,19461,14375,22182,17934,45388,20048,16156,29998,10767,25575,32991,23410,30322,32891,8579,23743,46616,12554,27325,39821,17423,20448,22773,13236,25407,29236,18066,16200,16403,16388,18548,14836,21125,14982,14141,17254,19159,20728,15897,30500,34075,7022,52449,19438,17963,19946,16028,18180,33553,35551,42181,30601,20333,22965,17056,26747,12359,34871,27655,19991,22099,22148,16893,24343,19132
NKTR,18675,18093,7697,23005,28169,19843,19344,23266,18256,3228,14731,10514,16689,17350,25421,3032,20378,19386,18857,17429,17500,20248,23177,31809,25641,14004,17789,9052,20647,17084,20589,21399,17505,20291,18931,13219,5253,28195,20512,15650,24069,19417,1803,26722,21537,23466,14490,15539,19317,24240,17161,16851,13052,17239,17951,20112,15388,11113,20594,25587,9380,21127,15388,9321,16202,19319
TEX2,7486,2993,5855,6252,6762,4180,4955,6844,10387,1844,6684,2165,3682,3435,3702,1699,4317,4652,3747,3356,7758,10367,6016,5337,4240,5443,8082,5104,6404,3428,6214,5711,4065,4980,3981,4796,4505,4756,7402,7337,7737,5902,1183,5940,2066,7671,11081,7084,13106,5629,8259,6205,4968,3502,4108,4800,11315,6476,3769,6564,4262,5482,2977,3820,5269,6447
DCAF8,9696,9697,6143,8778,11016,10492,7374,9113,10745,3128,7189,5839,8862,8087,10099,2934,10800,7498,9683,7374,11194,7237,9896,12109,11310,9208,7277,6863,8581,7117,7395,8151,11115,8411,9379,6847,3592,8271,8553,6989,9156,9088,1399,13751,6422,9139,9880,6511,9047,9281,8840,10200,9554,8523,6386,11381,7135,6041,8056,9884,8771,7866,7271,7277,11108,10137
JADE1,8053,4572,8181,8171,7468,6019,7226,6251,11417,1882,8263,3249,8363,8161,3656,1325,8129,3525,8276,5248,9219,9804,9325,7883,6545,11181,6682,3890,9600,8663,6957,7626,7701,5260,6957,6881,4370,9516,7327,5201,8295,11801,1203,8785,5601,5455,13022,8624,8028,8308,6300,4044,4986,7582,6139,7689,9083,6838,8959,5381,9448,5177,9266,3917,10198,8155
APLP2,28158,18248,21712,30963,57837,16895,30652,40128,54424,9569,40082,11907,34108,65599,13590,7145,43979,6018,38799,27894,34474,34626,39255,27790,54926,42482,57929,15586,27049,35070,28849,26507,25613,24887,17513,43570,16477,48267,20651,9224,96877,215711,3123,47386,28672,35026,30476,36284,26437,15839,37604,14831,13920,43688,28734,97048,44381,31637,77264,33361,31190,34611,24834,12317,27998,77776
SUGP2,15348,9261,7868,10663,12263,7431,8507,10894,15500,3115,9170,7954,11967,7681,11387,2049,11546,5781,13277,5519,11734,12181,13706,13332,10881,10702,12814,9540,15375,7905,9066,9376,12342,10239,13955,9324,2988,12401,8824,6636,9829,12155,1986,10914,7799,11961,11068,9689,14029,7185,8039,8183,12371,10461,6594,10760,9157,7967,15052,10606,14458,6318,11120,5071,16809,13483
SERPINB6,8264,11731,3928,6427,9419,11188,6388,8196,11846,2114,6117,7406,8486,10044,9827,2546,14145,10281,7468,7086,8485,4672,4637,8716,8740,7513,4613,2653,7416,6961,6472,6607,4543,5406,4410,7241,3521,4979,8867,7053,11732,9821,1289,10673,6942,6413,5293,4465,13502,8928,10707,8610,12862,6545,6522,11856,5686,5496,4743,8041,6959,8402,4976,6524,5939,8840
SELL,17151,12435,32421,21293,28220,45715,35310,43896,18801,4313,33715,24029,47137,35945,4921,7072,35865,14279,46390,23385,40974,13798,22164,41822,41088,19742,38803,21845,22571,31295,33259,24432,6057,35393,17982,43824,13165,52864,28108,12986,5436,10512,2801,49896,21440,22074,10325,12563,9608,62318,49588,42454,39103,37182,25348,39253,34916,10702,60810,24538,10766,18698,9612,5125,17363,48034
CD44,10002,10676,6374,8863,22750,9443,15261,14970,12068,5412,12079,7443,12017,29394,7869,4773,8731,13807,19131,7987,25728,5933,9124,12985,16773,11008,27937,18226,9459,9706,13018,6085,8571,11300,4506,10538,4943,9521,12816,12077,14505,14676,2338,19600,17655,10460,5520,6850,5609,12870,30109,11900,13899,12343,7097,14800,10546,7659,13066,20014,5450,16285,14447,7152,8642,16980
DDX17,90122,75291,69641,79312,101493,83461,46293,71905,88885,22174,73625,62481,85888,77614,96469,20329,99061,84671,76468,45616,91467,67063,94556,121916,81583,66511,96841,72760,84435,65667,78630,79367,73554,76941,78192,62657,29934,52441,83868,43648,97333,78137,9183,99168,81938,62353,76207,62170,98520,66341,65044,83623,104428,75199,49299,106350,56881,49293,88719,88034,79732,48812,70329,36265,84124,99450
TTC37,13115,8381,11308,12584,13751,12823,10844,12718,15927,1766,8455,6236,13125,13851,9264,3097,15739,8064,15775,9891,16209,6958,16051,15697,11083,12523,10530,4816,10906,13630,13233,10094,10747,12657,7458,13221,6665,13474,14059,7676,7050,8115,1449,19318,9122,10770,7149,9639,7998,9223,11640,9902,10932,11437,6016,17030,7467,8818,12300,11380,6635,7614,9944,4865,10136,9435
GLIPR1,4678,11076,3809,7985,11591,9603,7845,12240,1447,1259,3355,8552,9341,8593,2635,2082,10368,11487,9804,4375,16043,2774,5165,8276,11404,7055,7201,4428,4878,5782,3980,7041,2522,5719,2218,5694,1731,9695,12300,8555,8329,3859,750,17991,5287,5305,1641,4155,2812,9586,7240,13385,30291,4946,3436,14103,6235,3959,17246,7202,3457,5724,2950,1180,3920,20552
OGT,36331,37816,16209,40851,64743,37057,29109,32559,29830,13142,23726,30918,41579,27948,64948,9375,44822,50364,34381,21019,36303,23869,43056,62939,35177,27346,25834,30651,36212,29304,35086,38135,34597,41241,34782,24747,10836,23018,40739,27653,50451,34693,3791,55895,41435,31368,27037,29299,27059,26405,29594,26889,40606,33086,17463,54179,22406,19751,37839,38248,33006,28296,36946,17130,43557,43434
LY75,10781,13910,7955,16361,12645,13547,11565,15802,13798,3569,12113,9997,17156,13696,13658,2455,16112,13269,12877,10113,27606,5864,8608,15876,14610,12699,21430,11370,11650,13430,14993,8436,8263,10163,5350,12643,5607,12307,19087,10459,17952,20081,1312,19171,6770,9571,7236,6469,5814,14775,15608,14731,20355,11959,10876,19699,11640,6501,14010,15543,8599,12493,6435,5249,8965,21294
HIST1H2AB,10031,1752,19413,6402,5224,1792,6319,4478,18639,856,9980,826,10181,3877,2970,1064,8205,535,8516,6654,6853,7244,11940,5374,2519,14262,3777,1086,10634,6469,5969,9474,4847,4372,13850,7954,12772,4888,7155,2505,5171,10375,1473,3416,2528,7036,12272,6737,7796,4775,7952,1632,5132,6650,7160,3235,11866,5084,3521,3861,10951,1247,8549,3266,12910,8900
GBP4,9504,18203,23385,9101,25264,19335,13604,8873,14794,5798,6840,12461,10872,19881,16680,3893,20986,22514,18549,7643,21672,2109,7504,18477,6800,3983,5332,2481,7525,9695,9092,9461,2980,19455,20715,7338,6243,14548,16597,4729,3396,3364,1403,14159,11050,7920,6645,4415,4908,11173,17134,17525,32664,8895,6171,16476,6955,3903,6071,12310,5454,11516,4628,5444,10905,7418
TTLL12,11282,3405,11026,6764,7267,3095,6326,6558,20487,2014,12881,2340,10242,7633,4988,1324,7736,1539,9628,8812,9848,13857,24177,7221,4352,14536,12959,3483,11367,5903,7663,8031,7863,5448,4587,11135,8606,5272,6199,3703,6397,14493,1937,6396,5886,10519,15305,8907,7674,8786,7935,4582,7442,10732,8813,6397,10027,9809,8004,6128,9597,3720,11325,5695,9383,12874
MICAL3,7231,4985,6027,4206,5904,4441,3176,4712,8912,1251,5614,2638,4500,4583,3922,2112,5054,3073,5845,5794,4013,8588,8083,6335,5210,9039,8198,3956,6851,4238,3755,4554,9451,3752,5997,4761,3395,2957,3951,6467,6603,7902,985,4183,2868,6964,16227,6023,9817,6389,5039,5143,7135,7252,5890,6402,6419,5970,3108,5109,9130,3678,7694,5287,8639,4627
HLA-DOA,2387,5773,1622,5714,10981,4056,4210,4111,2179,577,2553,3417,3022,4885,2079,1502,8141,2592,7883,4697,2738,474,627,7103,3509,1424,2862,1528,3546,3385,3112,1322,239,4414,1659,2122,693,1076,7146,1068,539,933,204,4218,1199,2868,2617,167,2564,7789,8135,11201,7886,704,3802,8927,2159,1090,1630,908,2098,3532,411,479,1306,7939
FASN,23588,9074,26096,13140,14117,9947,15061,11462,58600,6980,16468,5593,13756,17156,15568,2143,18206,4438,19307,22909,11984,19906,28996,16251,9003,22692,20706,12237,25091,12153,12932,13804,17448,9461,13078,27399,10165,16688,12341,10000,18085,22506,4175,13146,7175,21686,20198,23216,20026,23727,13587,9162,18337,24057,15258,13231,18140,15111,22243,13093,21400,8297,15542,10844,24166,15701
DPP7,9809,3359,7100,5568,5979,4659,5548,4930,13707,2766,6217,2844,11198,6189,5194,1099,6973,2932,6528,5746,6683,7508,10938,5637,3865,7251,4926,3655,9482,3824,3645,6724,5842,4104,7812,5071,4076,5682,3761,4245,5364,9849,1246,6583,5015,7397,5124,6103,4668,5989,5844,4447,8623,6539,4439,6142,4630,4582,10422,5297,9003,4046,5431,3843,7333,8772
UBA7,9087,14828,13172,14120,20877,11712,10188,10585,14684,4706,7366,7757,9586,13541,19694,2587,18330,9102,12689,12647,19341,5284,11415,15385,10658,4787,9906,3249,11196,8753,8086,12584,3816,16222,17010,4044,3542,10486,13839,11256,5627,6010,1842,12467,12322,16081,5132,8490,19533,6096,13507,14408,21928,5518,7394,17429,6869,2929,7104,16373,7492,12759,5417,4105,8573,5245
PCMTD2,5991,6994,2932,5340,8628,7395,5509,5294,5628,1800,5482,4290,4334,6703,5845,1782,6440,7839,7468,4643,6711,3113,4585,4723,6261,4212,3330,3729,5636,4882,5767,3846,3294,7113,5278,4442,1740,5071,6460,3223,7590,4482,394,8326,3215,4714,4846,2435,4037,7138,5750,6258,5941,3804,4528,9692,5283,2535,7156,4786,5562,5518,3305,3292,4535,9291
SACS,15418,1190,2159,16722,16664,1865,11868,14459,24938,2839,21724,8530,17125,12955,1373,2955,15793,9289,17571,12385,21830,16200,22011,2178,10083,16170,14228,10358,14285,2526,2508,12830,1400,1626,1123,1968,8007,17692,15576,7921,17565,20303,1527,15982,8711,12519,16982,10436,11426,2718,2058,11153,14332,17588,14584,1731,14206,12391,18691,12056,17068,7862,14055,14097,2004,3691
HLA-DQA1,2670,1303,95,283,5599,8142,5356,2398,100,48,847,3448,130,4084,115,723,15353,114,1514,492,3765,2825,1894,4430,1908,28,12965,1444,1904,713,2195,2400,758,4293,95,1682,4639,2045,4598,125,567,475,529,9766,4867,1428,2071,1006,3628,4038,7678,9253,17903,170,2887,4936,1247,4495,80,2377,3367,3668,13,489,62,4001
RHAG,1651,136,244,550,1199,201,96,286,3976,7,3332,195,992,391,36,946,687,81,247,289,1602,5860,4561,147,387,7216,432,75,991,458,810,568,7121,113,283,2124,1442,261,702,872,664,2958,512,120,174,660,14645,2747,3982,1956,439,807,53,2317,1770,1381,2745,4014,59,419,4780,123,2710,3586,4631,8505
SLC1A5,15630,5102,17179,7627,9042,4764,4396,7881,24312,1574,10248,2883,8779,9343,3356,1904,9769,1817,7784,8420,11668,16302,12949,6224,5258,16112,12611,6328,8088,7831,7171,7559,24738,4476,7049,13584,6125,10043,9015,7153,6546,18673,3026,8400,9496,10260,30529,7995,9758,13502,8209,4873,8499,11969,8099,8365,8283,18500,9209,6194,16121,4001,8248,6904,22859,10759
SAMD9,6129,6404,8715,8861,8565,8641,5428,6569,9365,1624,9704,4160,7427,10333,6367,2367,12514,9284,7590,5009,16198,6065,8954,8734,6546,5862,3351,5714,4855,7922,6995,5654,6095,20457,10792,12715,4080,10644,8977,4893,7033,7461,1118,10429,8438,5023,9708,3181,10005,11063,9409,8812,10762,9221,6549,9184,8408,3845,7342,6268,8871,5498,5181,3275,5023,11455
CST7,3754,235,2478,1040,1026,56,1523,5142,3593,1325,6500,138,999,12638,141,495,5827,85,1978,2005,3264,5466,6911,1081,2069,6000,7737,7502,6759,3145,2611,3079,2745,1002,509,7120,1701,4120,1150,878,7164,30363,423,3182,7008,3776,2526,4734,2380,3487,1675,292,270,7991,1980,671,8830,2792,8501,10311,4117,827,2689,3315,3649,5845
DNAJA4,2810,639,439,2005,3142,726,1086,1344,4924,410,2952,450,1318,1036,862,542,1452,866,1450,809,3231,6805,13072,1279,744,5290,1856,1204,2576,1254,1696,1369,3907,1350,791,3064,1087,1678,1403,566,1723,3167,564,1112,2081,2872,7983,3457,2984,1134,1517,610,541,2901,1999,2066,2932,3517,1597,1724,3157,862,2802,2800,4834,5238
SRSF2,9404,5539,7918,6960,7426,5533,6363,6756,11898,2647,8666,3742,9689,5565,5320,1216,9594,3155,11185,5137,5601,12324,11800,9726,4608,7308,5548,4275,7464,5699,6941,6260,7106,7347,6520,6908,3879,7093,6555,3953,7169,10203,1653,7894,5607,7552,9727,6238,8445,8245,6504,3528,6184,7212,6018,6360,9064,5972,8792,5046,8407,3531,6587,4446,12317,10678
STK17B,10535,10150,10641,6601,26539,7654,20776,14108,6879,2265,18791,13203,4273,10859,10981,4524,9641,7518,38999,5163,22295,9308,8357,30593,14985,11253,20905,11675,6033,8857,11910,6849,11036,31140,6040,8830,5564,5969,21906,15362,21242,14523,1297,16114,11589,5436,8270,5608,11786,10054,6719,9825,19586,7311,6141,10092,10987,10624,24632,4567,8333,2101,5713,4633,11159,13809
CSF2RB,30852,2928,4102,7291,3996,2092,7982,4964,54984,3376,32954,1503,20513,6959,2783,1395,12370,2909,12614,18483,12463,30228,28484,5929,2441,23834,32146,15376,20979,7461,12307,6741,30240,8033,2706,10582,9673,6090,8401,4438,39372,43586,1728,9876,4274,32454,29100,28006,19983,17244,11103,4709,4627,19784,20174,5766,23479,13270,5398,4800,30803,3334,20777,31937,16725,11603
PLEC,13721,6440,21791,3917,1937,7039,7363,5430,6623,2138,5191,6818,13235,7050,17894,2459,8517,14787,11208,13245,6596,6908,8608,13870,7201,13577,10667,12881,8062,4718,4773,10783,7680,7639,20147,6041,5536,4445,10036,69305,25565,23562,2519,7010,3613,6937,4835,7230,11988,12270,7750,14894,27779,8984,6303,2993,2697,5358,11121,6561,15868,3278,8286,7253,15923,6841
