unknown_id_5,unknown_id_18,hsa_circ_0020028,hsa_circ_0005542,hsa_circ_0000605,hsa_circ_0067735,hsa_circ_0001801,unknown_id_39,hsa_circ_0000118,hsa_circ_0023249,hsa_circ_0008267,hsa_circ_0005325,hsa_circ_0004220,hsa_circ_0007444,hsa_circ_0000117,unknown_id_10,hsa_circ_0002538,hsa_circ_0004029,hsa_circ_0007099,hsa_circ_0000419,hsa_circ_0000417,hsa_circ_0008679,hsa_circ_0000489,hsa_circ_0000442,hsa_circ_0002980,hsa_circ_0003559,hsa_circ_0032649,hsa_circ_0003718,unknown_id_1,hsa_circ_0001439,hsa_circ_0076125,hsa_circ_0003154,hsa_circ_0000778,hsa_circ_0003713,hsa_circ_0001386,hsa_circ_0058493,hsa_circ_0006354,hsa_circ_0000230,hsa_circ_0003270,hsa_circ_0000997,hsa_circ_0000268,hsa_circ_0001538,hsa_circ_0002972,hsa_circ_0000339,hsa_circ_0000982,hsa_circ_0006922,hsa_circ_0004524,hsa_circ_0000551,hsa_circ_0007592,hsa_circ_0003007,hsa_circ_0004374,hsa_circ_0002468,hsa_circ_0001868,hsa_circ_0001796,hsa_circ_0000072,hsa_circ_0001187,hsa_circ_0001355,hsa_circ_0001522,unknown_id_12,hsa_circ_0002439,hsa_circ_0087905,hsa_circ_0004019,hsa_circ_0000396,hsa_circ_0000258,hsa_circ_0002500,hsa_circ_0000039,hsa_circ_0001546,hsa_circ_0000311,hsa_circ_0003908,hsa_circ_0004826,hsa_circ_0007290,hsa_circ_0004592,hsa_circ_0001263,hsa_circ_0000257,hsa_circ_0000494,hsa_circ_0001661,hsa_circ_0004123,hsa_circ_0001137,hsa_circ_0001181,hsa_circ_0002692,hsa_circ_0005588,hsa_circ_0000392,hsa_circ_0005941,hsa_circ_0007733,hsa_circ_0000213,hsa_circ_0004849,hsa_circ_0006364,hsa_circ_0000871,hsa_circ_0006127,hsa_circ_0006602,hsa_circ_0005831,hsa_circ_0008207,hsa_circ_0008342,hsa_circ_0005768,hsa_circ_0000075,hsa_circ_0000741,hsa_circ_0006501,hsa_circ_0000586,hsa_circ_0008902,hsa_circ_0005871,hsa_circ_0006382,hsa_circ_0007848,hsa_circ_0031446,hsa_circ_0000818,hsa_circ_0064555,hsa_circ_0002805,hsa_circ_0003239,hsa_circ_0007218,hsa_circ_0004305,hsa_circ_0002041,hsa_circ_0001053,hsa_circ_0067900,unknown_id_11,hsa_circ_0007883,hsa_circ_0008817,hsa_circ_0007846,hsa_circ_0005954,hsa_circ_0007234,hsa_circ_0005405,hsa_circ_0008838,hsa_circ_0007509,hsa_circ_0000418,hsa_circ_0071185,hsa_circ_0003426,hsa_circ_0008151,hsa_circ_0000085,hsa_circ_0002802,hsa_circ_0001663,hsa_circ_0007353,hsa_circ_0005887,hsa_circ_0001095,hsa_circ_0001349,unknown_id_13,hsa_circ_0005925,hsa_circ_0007059,hsa_circ_0000722,hsa_circ_0004039,hsa_circ_0000816,hsa_circ_0006434,hsa_circ_0004979,hsa_circ_0005644,hsa_circ_0007476,hsa_circ_0000386,unknown_id_33,hsa_circ_0000994,hsa_circ_0006137,hsa_circ_0001614,hsa_circ_0003496,hsa_circ_0000607,hsa_circ_0003459,hsa_circ_0000914,hsa_circ_0001727,hsa_circ_0005986,hsa_circ_0052095,hsa_circ_0072547,hsa_circ_0050301,hsa_circ_0001756,hsa_circ_0071174,hsa_circ_0001380,hsa_circ_0005585,hsa_circ_0001648,hsa_circ_0017241,hsa_circ_0002484,hsa_circ_0006618,hsa_circ_0001147,unknown_id_23,hsa_circ_0005600,hsa_circ_0084188,hsa_circ_0001309,hsa_circ_0072732,hsa_circ_0001315,hsa_circ_0007822,hsa_circ_0006156,hsa_circ_0000091,hsa_circ_0001778,hsa_circ_0001819,hsa_circ_0002903,hsa_circ_0000592,hsa_circ_0002058,hsa_circ_0000048,hsa_circ_0005455,unknown_id_9,hsa_circ_0000023,unknown_id_8,hsa_circ_0005895,hsa_circ_0000657,hsa_circ_0001238,hsa_circ_0003550,hsa_circ_0001508,hsa_circ_0000638,hsa_circ_0001438,hsa_circ_0046760,hsa_circ_0000642,hsa_circ_0084606,hsa_circ_0083220,hsa_circ_0000566,hsa_circ_0007710,hsa_circ_0023936,hsa_circ_0001020,hsa_circ_0006109,sample_ids,class
0.48254676035131605,0.6886813830480598,0.0,0.1331162973989577,0.2605497284463798,0.8278032472165409,0.18570376802407917,0.0,0.0,0.7440035224667024,0.7821452695405552,0.0,0.7614066572357978,0.0,0.33778566987905734,0.7304201232870868,0.7395600156744697,0.07675650339152229,0.29918802474047856,0.0013828686693169168,0.0,0.8071559384488869,0.7169273915350614,0.9514516321484239,0.9414176067809528,0.788983022984953,0.4647136166146031,0.8108053141631794,0.8309412746697253,0.0,0.8451930401398497,0.8940189944006218,0.8111154949013146,0.9170612129973553,0.8980117737973072,0.5760043460428941,0.3106954767009995,0.918802036481552,0.6110457367810307,0.5229414265735479,0.40657320280168374,0.8531707420300624,0.8107204932663545,0.9508096587992213,0.22957080220409098,0.696323165215663,0.0,0.9539750403205419,0.9010690528900327,0.9575306395806403,0.8276569527385703,0.0,0.7693127726323867,0.8238168340894597,0.8627880140649742,0.9046036950647419,0.8183646895125956,0.8359392180263585,0.9124902953506722,0.6947957566094808,0.844385527923907,1.0,0.8809738468663567,0.8379994119765443,0.7686622667467956,0.7012952971975845,0.8477882326301133,0.8451930401398497,0.9228653363405843,0.7775179451375064,0.8501212477265064,0.8101821327899565,0.8821422962155964,0.9138014630250323,0.8256499302769236,0.9172640384772754,0.9561687884381882,0.8376780433947019,0.0,0.8819541192332534,0.9262313094910962,0.742460095504177,0.9510491979273028,0.9959271618049377,0.8324141421199386,0.8497114398162182,0.8161512456400597,0.8024625576960355,0.437445499599626,0.8748527150557801,0.8504194433244131,0.8504084418694726,0.6662536926165852,1.0,0.825929295685855,0.7543076054457908,0.9720392997909858,0.9114194427698633,0.8925774351488392,0.8588766336069548,0.9601056640918924,0.932361002177074,0.860248213747303,0.8283237780813596,0.7122191894797796,0.8965218255030097,0.9537655980773657,0.6474606612472327,0.8155842262819224,0.8803578901051202,0.8200678244630131,0.9192818188858032,0.9350776002757675,0.9567087649177111,0.805761461685169,0.9653873359487981,0.8989420486348629,0.8128418339892097,0.24737710709928695,0.9961921641151157,0.7493463740311184,0.8181315976814095,1.0,0.9108562477654797,0.8288459628186559,0.8827321682749152,0.9044385397509807,0.7318488127800383,0.9099799470296552,0.8920054523226724,0.9363114896129126,0.9021977559955078,0.0,0.774149079785952,0.9136866338954568,1.0,0.8762059462883487,0.8982702567314915,0.8260958611730043,0.8198734501486723,0.7406136877201877,1.0,0.909019502336744,0.9746032080568333,0.7230966552270083,0.7707670141013082,0.8738644976877336,0.8815934459381702,0.7623871221829008,0.8279357819732258,0.7669031494264583,0.38680566284321305,1.0,1.0,0.8608669638097749,0.8352511383447815,0.8714494626642247,1.0,0.3933856363786026,0.8302519332694643,0.9142564907504958,1.0,0.4011330968135729,0.873281412226182,0.8367725933552352,0.9212345677326237,0.91458079687161,0.8136295201157436,0.8279357819732258,0.7897311897470362,0.7101852809985356,0.8782908769555369,0.18812539808687667,0.8641712755638964,0.9073693273876545,0.9542751158962377,0.9658599159787734,0.9028974654395591,0.9307331599923054,0.7574249523023615,0.8717094404016806,0.9650831274886877,0.8031941926450035,0.9288377403563418,0.9087327612739071,0.9364324061819191,0.0,0.8527872781154684,0.826257574937992,0.8854303916834608,0.8803310165609584,0.8477882326301133,0.9833605431720548,0.839483929447831,0.9644913420376422,0.08723965289767666,0.8835828436979674,0.8803310165609584,0.7204935190345865,0.8600718841836424,V1321,1
0.13589166167367206,0.7121051772143645,0.10346298029917111,0.7813694586517719,0.13960704508135358,0.5575238417832202,0.06205150268467907,0.3474144790563556,0.3514355997382488,0.9251793468676602,0.8838476905043413,0.8412748618557155,1.0,0.6006453818435755,0.5293075146957724,0.0,0.7926421491737923,0.5008566908834182,0.0,0.12833925910433308,0.6641646102208401,0.9411227974816474,0.6548201721804663,1.0,0.8199387995926573,0.8673075219858745,0.5762839076029591,0.9092295641320202,0.8263343239016877,0.07860907511225079,0.9091344467645066,0.9864359384410712,0.1642001858930584,0.8681285990477178,0.9622033251303621,0.45289456260339467,0.3551617548535573,0.8592472670533391,1.0,0.0,1.0000000000000004,0.933928422918567,0.8879439185760575,1.0,0.7745366531547346,0.22579550247843638,0.8742454101042013,0.0,0.973462750151549,0.7964261743457635,0.9132138891851055,0.8653957785229631,0.9577147881868436,0.8026248649892969,0.9766683999639663,0.9692664491868568,1.0,0.8066699756640414,0.9328624037388387,0.8275979983978216,0.9015711163033779,0.7748557541572827,0.8273542072872598,0.90483304061067,1.0,0.9168237000861202,0.8786781819670264,0.9572816397162894,0.9136493090004151,0.897165069412326,1.0,0.0,0.8499142066151273,0.9630296677652564,0.8624935332303931,0.8928012157490963,1.0,0.8301898252148716,0.22654699858082417,0.8979023729060298,0.9002559510579329,0.6450701577229472,0.8914855909379087,0.9573666718848404,0.8747683616281325,0.8109483815698924,0.9612917636325073,0.882125206913443,1.0,1.0,0.85947674648607,0.8094671422889848,0.14461717231151727,0.9881278687074605,0.8347257690965256,0.9294237163697641,0.9230110443638969,0.9699275585439762,0.9251793468676602,0.7662664784857748,0.9801087407642881,0.8585787874779456,0.9011565423344343,0.7932983080046188,0.9634628187775727,0.7190072826730924,0.9337968130255188,0.4928625632431247,0.7542347703194842,0.8033892136645986,0.9014781965833598,0.8660578041393722,0.9476046776803769,0.9723270965434934,0.9564803605991908,0.9233697409198194,0.8426418792978602,0.7932983080046188,0.3820524388118245,0.9577926582034033,0.9559601480578467,0.8955726153294687,0.7429504761262546,0.8518198556359776,0.9965997561529366,0.9486749798683848,0.9661195450850734,0.9017510077905558,0.8306284195631702,0.8391999898530187,0.9515394206402716,0.8150147457995724,0.0,0.8257028478297637,0.9239084323039259,0.20759989697118808,0.9118478485750479,1.0,0.7679374483785318,0.8359660837406925,0.532772789873611,0.963539486872425,0.9745345820432472,0.8836381543275331,0.9008440406788532,1.0,0.9160133904761731,0.9378924701859709,0.9457499003107325,0.8426020344850598,0.745396011861848,0.8258163730877675,0.9219018988189203,0.960922982874672,0.8992820831566973,0.8500469768294593,0.824950603559941,0.7300549272637747,0.0,0.7157551743438002,0.91219666879424,0.8607566253237756,0.41684736004527423,0.9792896814230879,0.8456845521714133,0.8700429561664094,0.9169003756033417,0.9911155902597724,0.9494898923110704,0.9071642431117484,0.8890439420528331,0.8411525602205812,0.8484404575990676,0.9576635886768434,0.8876287577564129,0.9422236247890365,0.905080774244208,0.9917043056900113,0.9981695158282206,0.808899288308122,0.931368742893609,0.7995294798930932,0.8174221667244607,0.9483532692283955,0.9624139264753327,0.21331914276821085,0.6858233635218318,0.8945710516137791,1.0,0.9395923224531443,0.9510585783370865,0.8786781819670264,0.9279427003731305,0.8600981662083639,0.866785918845202,0.7199288380627307,0.9467429882787073,0.9641850415545946,0.824950603559941,0.9148065199295602,V1456,1
0.42925116517171236,0.9243448819418565,0.262076604117488,0.5106380033278795,0.7894920581835301,0.7063528811506719,0.0456153881528687,0.4448430565470525,0.5545854214331971,0.8120505025767968,0.8696407376563773,0.7592669081464596,0.7258874978542688,0.5052110568978745,0.9008468147050985,0.7691711382768491,0.7745340016559084,0.4668089973475844,0.6693502524646293,0.5493699960796263,0.5730672546483384,0.7783514634427372,0.9342302443958008,0.0,0.9158970017618745,0.774580707935697,0.7863222752978611,0.9770593573664128,0.8130518399370279,0.5249430968467026,0.724372354700653,0.8158274970414688,0.1694335954493953,0.9867933301764796,0.9083113324131573,0.27394195820098854,0.5441087241403588,0.8603337663888078,0.4371242151865191,0.0037251463269951657,0.0,0.0,0.7607895573278566,0.9587261793953773,0.5531215967800773,0.6120824967027554,0.0,0.7709393346968967,0.8455736984125015,0.8577211549318221,0.846801516158409,0.0,0.8227115910840135,0.8036849565647649,0.7403650490224518,0.9704224425556709,0.9570916841934215,0.8762624972104431,0.9468795890799931,0.7182883804834171,0.8393402107817739,0.7388046795646692,0.9311434562683519,0.9633750191107677,0.8282633462910326,0.8397375776078422,0.6660834069075828,0.8890160043113546,0.9645758420517185,0.6947061403025747,0.8229184789288698,0.10404456677914764,0.0,0.9286466412179336,0.8486298267457544,0.9987676597851067,0.942332886223215,0.0,0.5283487613577424,0.8811022488653008,0.9695419348942994,0.724316358824914,0.8165298852289435,0.8202709104328679,0.9943406836855057,0.7829608729420905,0.8437471744517598,0.9537302660698079,0.8371781362500998,0.9621327064178444,0.767587147431995,0.8375165130688137,0.48645759808592315,0.8466270764293488,0.8559377682016185,0.9201395563513967,0.932884188731671,0.9254736742419891,0.9149241601579234,0.8359247022314775,0.9171340110448118,0.8782790837631489,0.9999999999999999,0.7756597848012767,0.7996179590029939,0.8391090265319481,0.7722925402736832,0.7954065208977195,0.0,0.8974106023629927,0.9432030898333329,0.884827038141944,0.9137723692067884,0.9249768701164262,0.8869214858896682,0.940808840532356,0.9652552652483224,0.7756597848012767,0.32823847775926884,0.96578707083551,0.9077662800000069,0.9124867282323159,0.8298986630217363,0.7989948824510618,0.0,0.9334259942661906,0.8084763080387978,0.936572737303429,0.8769273936285209,0.9983037710166398,0.8882126692630726,0.8931882592667445,0.8905325211668605,0.8266997849405804,0.9162557992388687,0.5700146462329254,0.8890695208734894,0.9830236988995992,0.9016510526966929,0.9029871936457703,0.0,0.8831118339741313,0.9228868844940707,0.8848052467065828,0.8369010418835325,0.8484022355596084,0.9436357089613511,1.0,0.8980707726777546,0.8684530451779694,0.8409669907935932,0.550496704784825,0.8932449848274644,0.8948882835592028,0.8671750351874904,0.8761263981792109,0.9377133229005227,0.7804480104018648,0.3739133560393326,0.8397743345365126,0.8354995850164703,0.932699303021365,0.29070089891613327,1.0,0.7552695237916831,0.8884428914864874,0.7960321314395452,0.8291677006785053,0.8135220927207004,0.9515377446833388,0.8692765707595135,0.8745068567367471,0.6289544714544988,0.8444816062748091,0.8887318628560399,0.9432949814634654,0.872766695737651,0.9262725030568878,0.9905767973834142,0.8099986244907637,0.8275620688843692,0.7623304312134229,0.8185330859419234,0.9592787646503792,0.8509564456597736,0.3073384099416261,0.54870540409798,0.9441996146953043,0.893333088506151,0.892496620255109,0.9377133229005227,0.0,0.9395302490201752,0.8942037145065242,0.8888126284731461,0.785451978157651,0.9585653027691565,0.9031118184927832,0.9031118184927832,0.8923648917004045,V1528,0
0.40044045765586156,0.8726358708127829,0.5328547956924794,0.9319708317894904,0.7235366497614253,0.7993437942734385,0.21626944200721887,0.4933979137495026,0.2642584471574754,0.0,0.8673310237311599,1.0000000000000004,0.8429212818994268,0.6018859181361202,0.6230998947325723,0.4284643330674345,0.4236264185910157,0.3866049048051665,0.7030987754432951,0.0,0.5439349870740484,0.0,0.9143828878302633,0.933126296927794,0.8829331635074414,0.8747909726083264,0.8765419875271707,0.7303662301475031,0.0,0.4541949861511778,0.7816314252061267,0.8803157728160268,0.31129134697393734,0.8931676463603718,0.9999999999999999,0.837009014553697,0.6279368441196755,0.8814874353013296,0.6245937594487438,0.6496455298647046,0.401041530413901,0.8612834887351851,0.9059848905358213,0.0,0.2915885499999824,0.5529400516354563,0.0,0.8034187596642006,0.9881241892525995,0.0,0.7614393953631341,0.0,0.9269679129733156,0.8095502096833527,0.9309468705042028,0.7873865949348284,0.9870573734776922,0.5108828359084985,0.0,0.744716201727883,0.9796155143177762,0.0,0.8922740726844851,0.8146956469503125,0.967895582700839,1.0,0.0,0.0,0.9309707603239543,0.0,0.828924097343717,0.35080348591744626,0.8660273338446273,0.9134468930952083,0.818086985910025,0.9532878835312436,0.8672910135420039,0.0,0.6857826641255063,0.8966499601370407,0.0,0.6513013968341754,0.0,0.8427422729469342,0.9419751782111729,0.0,0.8747909726083264,0.8500881059785348,0.8099750376739099,0.9844463691583241,0.0,0.0,0.4578949252474551,0.9103891956385323,0.8419280922840602,0.9414793191488199,0.9254137437547142,0.921178143394049,0.0,0.0,0.9349417243868028,0.697469130931619,0.8684282596840168,0.9330801208354523,0.0,0.8403123419506365,0.0,0.0,0.0,0.0,0.9092564844458955,0.8824769903084985,0.9298965693014051,0.8858058539551903,0.9708860258966997,0.9220818057400922,1.0,0.0,0.552272900187206,0.8244320158390228,0.0,1.0,0.7643790664792164,0.8208833871171197,1.0,0.0,0.8306245568318537,0.7752834884970181,0.7302898242365286,0.0,0.9100518175838036,0.8084437043603871,0.8584815700974858,0.8085477910681065,0.9175697461704655,0.5319082806176638,0.9999999999999999,0.9641999832740388,0.9348252950943154,0.8267283931576984,0.5667194023419406,0.9280891261628522,0.9000997332687725,0.0,0.8566195564010783,0.8165114557485712,0.8527799993635802,0.8896039152529973,0.0,0.8747909726083264,0.8837978267204287,0.6695770418384397,0.8610964101025834,0.8477602940476552,0.9602078252444219,0.0,1.0,0.8133280328029726,0.25771322400242,0.8797695240965139,0.0,0.9212939006389136,0.32451387054908665,0.8812163554679645,0.8529814317993616,0.9259792096798415,0.8879939755552773,0.9136972192434675,0.7809083344837596,0.9999999999999999,0.9999999999999999,0.0,0.6892888379737201,0.8828582322223479,0.8419280922840602,0.9050769194669773,0.8584815700974858,0.872128323908344,0.9969072982963861,0.839800719913633,0.8816993060726805,0.8225899533032135,0.8108317154982249,0.8533781448520359,0.8189696550787485,0.7753245203884909,0.581704725045848,0.9608607264006439,0.8998525892638787,1.0,1.0,0.773475064472314,0.844442788437886,0.8093628145111785,0.874264868882511,0.6266822791703337,0.8615513529387291,1.0,1.0,0.9507413828627327,V1591,0
0.40402731449091633,1.0,0.6007242645939206,0.4733319280863517,0.8097832796863127,0.6595433449690482,0.2751040833429279,0.8051497805495162,0.5576487835846748,0.0,0.9690555642718127,0.533473671059681,0.7826795985836821,0.7746840755970985,0.5618874418657294,0.7992987623926777,0.25576911508045796,0.543306600530395,0.5147949645464687,1.0,0.6599165622695393,0.0,0.825273586430554,0.9022122701746734,0.9174085469578487,0.908948432613364,0.7191696350469363,0.9211057597455469,0.8823969693805367,0.6198588521728539,0.0,0.7596615153617139,0.11103907786317357,0.9519808778183881,0.8916895856834316,0.17186655184084643,0.7004589432670603,0.6838050920990156,0.36509188078320864,0.4548579855954755,0.5643424743191243,0.9678342182645292,0.833100228529707,0.972139549265157,0.5819697188924278,1.0,0.8954536289012375,0.8653399293320578,0.9613599440475755,1.0,0.7946985110022122,0.9416189601107087,0.9157922335356851,0.782206500755959,0.8694381938840539,0.8982350984654759,0.8917347846638958,0.7271614806091922,0.8419034535142335,0.7405950712445956,0.8408288842240319,0.8496988370552845,0.8652797544967188,0.8096534166435639,0.8605597217283434,0.744496566324531,0.7542348780790548,0.8904170105844906,0.7983103322822473,0.7802410026617623,0.8243369749500202,0.5725052991429935,0.690163450656831,0.8510324595120949,0.8649661261198408,0.9624339307588048,0.8099881489235062,0.8990129857994905,0.6892910422009226,0.9005214724064665,0.9882058173139182,0.0,0.9978828118299321,0.782513382997377,0.9959535291861686,0.8748023743008986,0.8150178391380715,0.8848128622578284,0.44939310560688295,0.9744846142950792,0.9007416882507683,0.7549303008480959,0.38308230321962666,0.8481836898609317,0.7469207473384332,0.9415636844250214,0.8541718088959133,0.910844341001197,0.9277247036569394,0.8825857070097508,0.900583398770453,0.8796173853986772,0.9892940201208186,0.0,0.9046947418472177,0.8318091001069713,1.0,0.39734603202359686,0.7565327696233056,1.0,0.9613599440475755,0.0,0.9503212668462853,0.8981679269422164,0.9445886920738276,0.9260631264148753,0.8774762154489252,0.7769968192058744,0.1826305032125335,0.9084456910145449,0.9092946307482399,0.7127134856149715,0.7097506181948607,0.9351319663261252,0.9992137878809181,0.9163446589200652,0.9033107761576167,0.8831855832830442,0.833100228529707,0.9326974088004573,0.9053109465279432,0.8616780404887464,0.9343830258316249,0.735047425235132,0.9082847255054038,0.2754481466741572,0.0,0.918421509937194,0.9296521338132493,0.7087622061677418,0.29552577839726757,0.939362504257735,0.9670248968577889,0.9076186456480366,0.8150004685380899,0.903564938711445,0.8564620920167181,0.8846810012561019,0.8784830543983894,0.8699500308705794,0.8182169462571771,0.5256649294968359,0.8768989464421959,0.88086230269259,0.8686350449312736,0.8987160258054014,0.7324171521559673,0.7595905612664011,0.638054774198253,0.8411602511391757,0.8680781222609856,0.8191259852137316,0.4355125273790943,0.9461062859244147,0.8482611802832666,0.9306413227155489,0.8331505798722539,0.8549177865642671,0.9249194422765837,0.8916895856834316,0.9400983785522365,0.8894567755025973,0.5813900129812768,0.8260627151372035,0.9478499236012065,0.8895246415248488,0.9343830258316249,0.9120691860610507,0.9229333006400201,0.8351534081743519,0.8691625441746706,0.8767557904960454,0.864223297192236,0.8245540851226705,0.8728971031647982,0.39095318062788387,0.7038836587491866,0.0,0.8694587891214302,0.878508124987938,0.9537437723990316,0.7181965457219404,0.8774152603492119,0.6984332226402998,0.9742078303216131,1.0,0.960040948837307,0.9537437723990316,0.9668704795321905,0.9060919809229053,V1776,0
0.19409541925612595,0.6513989154430532,0.534725406064541,0.4603893706041853,0.5676870417979112,0.4666896612979974,0.043515751809727554,0.2539220035967249,0.11882793627295385,0.9004848625931996,0.0,0.7511176384243989,0.7542139504329359,0.4856543483331124,0.24046066391486232,0.5280655425965679,0.9947793746148728,0.3852712683382422,0.45171519005452954,0.009918975865161439,0.42265471241161956,0.9180424172686165,0.38020844399356335,0.8209522720731498,0.9138018060051374,0.9053749521321973,0.7779279864874793,0.9265155685344636,0.6921477112465189,0.3219835754906475,0.8543756628535858,0.9125130827319972,0.6045432111602143,0.913234433213049,0.9222191459935957,0.48785102736359764,0.49893586534432277,0.9104971882277211,0.5880750676127953,0.37851364550000444,0.5837720010167371,0.8361812783942687,0.7588506837879813,0.994423381107389,0.3148778562458059,0.2955170696231968,0.7653917541437388,0.7344961170016155,0.8029449388114652,0.8386481449854531,0.8553563249340693,0.8041137215071543,0.8742711114564545,0.8297558835561516,0.9397459615980127,0.9500670565513164,0.9635306641207283,0.6488151215625777,0.9565663693703342,0.7375542101108467,0.9006461013074767,0.8367095926021092,0.8893888410776901,0.8631991015004358,0.9593241811352353,0.9913088365617544,0.8211004052026916,0.9082644259607804,0.912692968546011,0.692848230533384,0.8865764294332489,0.37443047822452247,0.7917337083241673,0.9046622057528665,0.8543756628535858,0.9999999999999999,0.9765781616981992,0.8056522438127107,0.69813256528042,0.956943748357313,0.9130606216003827,0.7019808732875127,0.9247519064603182,0.9040632224857362,1.0,0.8792743122787697,0.866378042155164,0.9445434769319254,0.22613849973557,0.95428575932882,0.7862072042498506,0.8229007066140129,0.032644960666111444,0.9233781036550365,0.8629418901357011,0.8945127534229121,0.9610711571533663,0.9056596191707283,0.871363137159079,0.9269590231624613,1.0,0.8764240127219813,0.9407096568372006,0.8525920344548749,0.8911295636612822,0.9417651559826706,0.8939763042005545,0.8009427425436648,0.7195302855218136,0.8867045546079229,0.8434187523382878,0.8067722030734981,0.9116398671652386,0.9743013258729474,0.8848023560478988,0.9461634789449278,0.9596583939536129,0.7632750186731252,0.40500549188784296,0.9336038861005854,0.8953943525276871,0.9310924696077668,0.8355176756389536,0.9120937502480929,0.9310924696077668,0.9126695477561899,0.8817687751204213,0.8959531406821402,0.8385057303426212,0.8839873180637797,0.901812737635087,0.8141160007634601,0.0,0.7534264687783798,0.9425281954713047,0.44370304213711087,0.8459288245016211,0.9842366132590887,0.9762922463068573,0.7628606666888736,0.9012826061830785,0.8867836029392567,0.872523262154383,0.966420238439513,0.9787626437757541,0.9435980696546103,0.8994670075115142,0.9514765770741036,0.8629690021578988,0.7725091830407629,0.8009271885646242,0.5807831228993248,0.9705962620535759,0.9192495979147508,0.9614493564163609,0.9368827818124691,0.9501140760390047,0.9124745480969012,0.23524185966025524,0.8454602125739523,0.814803503798633,0.9360528311143113,1.0,0.8174089619188295,0.8553563249340693,0.9087216962827065,0.8576102528702757,0.8897305852302876,0.8966249995630055,0.7183748452234326,0.8553970487828826,0.8402721039954847,1.0000000000000004,0.8947156070723782,0.8937901037720507,1.0,0.90416811047389,0.9592573570395877,0.9791646871062819,0.831724293347315,0.9145564198348949,0.7360222497517687,0.816520766941772,0.9312227157434926,0.9353568425923134,0.6784288871044666,0.38112915418931603,0.9419961035432697,0.931312759780374,0.9386931541612983,0.9501140760390047,0.0,0.9472296274941231,0.9548332968117292,0.9806816961688025,0.7154090914292146,1.0,0.8678130149118786,0.890803326578116,0.8903889026350768,V1788,1
0.458855358120666,0.6848110618328972,0.26228348470005347,0.504435047202656,0.12709179117783886,0.24973971839858966,0.3176121191913941,0.5018168362136097,0.31604267701228395,0.8740224817885236,0.0,0.19846892178372677,0.9359146612769899,0.2736997056090926,0.6901860807444011,0.7672883404168225,0.4384415283372265,0.0,0.667491771385671,0.0409251402210864,0.09737721727966209,0.9701849828562304,0.848991763662962,0.9624741883758486,0.8537254991004235,0.866741240594319,0.0,0.8425053255057182,1.0,0.4949960374458513,0.9072026525825596,0.9487760014493551,0.9838979592162822,0.9626273370371872,0.8769228803195938,0.13495663963060434,0.07270419657814653,0.9999999999999999,0.74678358279884,0.26258734171734943,0.08624581105102269,0.9563026369516118,0.9029021123931927,0.9533987377682053,0.11335533109436025,0.43534943458842834,0.9388619106861867,0.7162864958388717,0.7816497748803575,0.936686961635001,0.8922786714662508,0.9915794826446382,0.8707935316680608,0.8529690294179523,0.9607818951431442,0.8528696796746031,0.9395667848944798,0.7818780368303049,0.9791279899863803,0.8219246159081343,0.7688349934836328,0.8909041494594624,0.9418731344771312,0.8063113657850953,0.8491781830187581,0.8476164270200072,0.8797733128517675,0.8011670961691141,0.8446816577401807,0.8266624809727826,0.8301570145621295,0.05673439753267928,0.9238659723554307,0.9325216427650137,0.8105590378550888,0.9475563635682063,0.996034579096207,1.0,0.1686885804396221,0.913163603782175,0.9624441247055426,0.6445986556880828,0.9642770431785196,0.968694988911253,0.9992892566894777,0.9744266103891421,0.834064691665641,0.8815492507767392,0.668798686556408,0.9651783752255512,1.0,0.8580725864524883,0.7180786063749931,0.9780617173516792,0.8515997927525905,0.8375882915633333,1.0,0.9743456745069888,0.9379216573451403,0.9253858359434718,0.9322878779474648,0.99264549122843,0.8030351786728104,0.7741308846697745,0.8685236507171177,0.9823718388299549,0.9123897365263798,0.880027114385248,0.6721108099329275,0.8248364269321352,0.8221041586441193,0.8854971757959489,0.9001529502065196,0.9464283662686124,0.9413098413871761,0.9685736142815885,0.8861341320470953,0.9283304767502438,0.1604753418124436,0.9410514700993353,0.9340449822164707,0.7637196372196737,0.9318446199650219,0.9482440448975908,0.8114310871147832,0.7949947018603655,0.8406063424798078,0.6747037394736449,0.9468335075043652,0.9471162604568949,0.8575187652863481,1.0,0.738000704404726,0.6878253335728937,0.9433819377242582,0.7474957587758864,0.868614768830954,0.9365969348419984,0.9154909930061143,0.7957903418081038,0.6495789269843271,0.9842687671585393,0.9475266152567817,0.917768980725415,0.698578821741375,0.7726809280114307,0.9052488768060784,0.9818335557333099,0.7804525870016782,0.9280172567142396,0.8581706978079613,0.7017057174955017,0.9251048207789739,0.9107773829820701,0.8627801081818074,0.6092774996506269,0.8193754447180077,0.9005985179140826,0.11441419242930007,0.8697270048442999,0.9866792189616773,0.9444188254456158,0.27116897636089554,0.8825270506465518,0.8542501311864608,0.9090471140177607,0.9249606082851837,0.8196525257164771,0.8566983161331565,0.8575106950901061,0.6979047694605541,0.9186969960166265,0.3667569628473917,0.9211446470878499,0.8027317572811246,0.9941541681026642,0.951997490486098,0.8394913041908352,1.0,0.9550256797183581,0.8478738195807224,0.8208736540210131,0.8310972026441014,1.0,0.7750071706211406,0.4453873300533022,0.507959112403825,0.8397249703442463,0.8915722429611647,0.9188356231064385,0.9653867429730231,0.8697270048442999,0.9273956037602802,0.8723051870549556,0.8206611282191513,0.0,0.808727115187846,0.8031834934036881,0.8801556981774841,0.9467103596231107,V1800,1
0.7061933123127695,0.877914730228722,0.43479368678818897,0.6617760694000658,0.4216901798836723,0.5612438214981887,0.15483963088973773,0.7690316307932892,0.6713405226112243,0.8856463876010512,0.9719773381890309,0.5419641230014709,0.851546261903734,0.695760656132741,0.5628318628057674,0.7158864774953155,0.04678133622349101,0.44854726741649387,0.3643648079500226,0.5269420812435417,0.6181448806546261,0.9036926815113957,0.6987562178793345,0.8719671420112608,0.0,0.8993147053457073,0.9757432491305256,0.9179928099550635,0.6724569898855232,0.3799795240753765,0.8605672983889375,0.8482841821581906,0.42333639597491324,0.0,0.8754289923384727,0.6497573685731091,0.7537059315444168,0.8724358745356808,0.5710436457624679,0.624254713925267,0.5610265507455003,0.9669235129837488,0.8410210892862492,0.9624196875383791,0.4456185907902417,0.6525762012208425,0.0,0.7495522474550945,0.9090576116777378,0.9675030896542264,0.0,0.0,0.8768937597935851,0.6945585674208418,0.8996344627915505,0.881855143042848,0.0,1.0,0.8957608182181528,0.7655934417409086,0.8946175077083726,0.7681971074177992,0.9166626701686462,0.9124406624387841,0.8596608312973792,0.0,0.8831282895014045,0.8410210892862492,0.925080720793614,0.9096489564573199,0.8521620063521056,0.31237781294291,0.7181792772236469,0.0,0.0,0.8908072937751788,0.8818330836800667,0.8981670393985399,0.2740001883159131,0.0,0.9344429479256322,0.704222667324605,0.9026396943748871,0.8513654212871594,0.9092079292073877,0.8417439455958964,0.9815188691641697,0.9543549696808291,0.5736871768067244,0.0,0.8667030233392129,0.7193407097204632,0.7253756863666481,0.8381707639685033,0.8126410493966423,0.8970851101041881,0.910219011625352,0.9173224010293313,0.8655305529469822,0.8664911293628008,0.9177016503658724,0.8380650954181607,0.0,0.7811496210150524,0.8548965040728836,0.6404425258734975,0.9657285648918891,0.2805949290308769,0.734279637619507,0.0,0.8371279073416491,0.8233098909584955,0.8986194884806787,0.0,0.8623168687146879,1.0,0.0,0.7193407097204632,0.46928889475018076,0.8672418028832495,0.917939924447822,0.9272126193999763,0.0,0.9372575469377787,0.9571200791704032,0.8996344627915505,0.9625822736148243,0.7832163817926866,0.0,0.9611315069813139,0.9184313149094967,0.9230543279078437,0.0,0.782069108173146,0.9619180583822343,0.6760529415902017,0.8130922280205448,0.9351737039391934,0.8606684212862604,0.8732648024199039,0.5658514851510534,0.8997901403578513,0.971279949642639,1.0,0.9207592853056349,0.7332040204480736,0.824096735178154,0.8894093408988776,0.9081357562880711,0.0,0.8568493565274232,0.4748316795080987,0.9661535168397659,0.891781434609253,0.8972736872509502,0.8823273003309208,0.9132332988125471,0.87043741195937,0.3095444780191987,0.8831282895014045,0.9800792329455656,0.909330167548503,0.35292366832420674,0.9059202162324046,0.7853169850513971,0.8540672588160997,0.9538060790635622,0.0,0.920215719010808,0.9210883294407582,0.9001674960288918,0.8714707674734365,0.6996160237745821,0.9320031188558829,0.0,0.8915465554361457,0.8825480879791971,0.8250165666699625,0.9522493995900814,0.9736689351570835,0.0,0.9392060478605254,0.0,0.957493593249061,0.8811963403660168,0.5844104898744353,0.7044071872674365,0.9769717016765933,0.8685506032443486,0.8691970272678825,0.9528463258388215,0.781389453524007,0.8681157456403508,0.8910992422249046,0.8438529691673438,0.8755436989498628,0.9666639644690282,0.9344577951367438,0.9690682026550006,0.0,V1860,0
0.6899246135680845,0.9561834701155787,1.0,1.0,0.21812224142638925,0.7587895248722516,0.6624302341889452,0.3153932813115081,0.7892719071064764,0.810778224082044,0.8845774401800224,0.5039491185272849,0.8212300007067315,0.6461600589019962,0.7126024129795203,0.4388479191441621,0.5207876133356484,0.130123742460031,0.7797394885658022,0.250846073800544,0.9999999999999996,0.8073735502410304,1.0,0.7811153183732149,0.9218482813282511,0.944608553385605,0.4879609714873099,0.5256586602887429,0.813749984173306,0.5226300281130092,0.8160972527874273,0.769453330932951,0.3463586227721116,0.8809085902326562,0.8344726132077358,0.8404321800961672,0.027378028762660378,0.7617444792383139,0.07659800875508482,0.5638124501244848,0.4213258131918409,0.89209787515654,0.6407132182539534,0.7157682218831483,0.455575504593853,0.5013626221957401,0.9139992633087501,0.8454256792846895,0.9440129912054985,0.7075761736769702,0.7834309633277962,0.9409914097733181,0.8573550341991204,0.6760675920277749,0.8575456463831014,0.7708718807120656,0.9558154651960592,0.9507527707570276,0.9046409099881378,0.5247088692179918,0.829327667097676,0.7862626467750257,0.9761483241022011,0.8124794953264349,0.8180211614054707,0.8936088066821019,0.858452470697448,0.7878191969831245,0.8010968181612684,0.7764395785401301,0.7811153183732149,0.954112433830304,0.7688275568351275,0.7983130993963525,0.8587556672448021,0.9255227007884559,0.9052084813308993,0.7165631538138291,0.9421222591210601,0.8998097286410303,0.8700177344485952,0.715918842061902,0.9596120477039489,0.840598120608196,0.966296761137135,0.793369298780468,0.8424252352599768,0.8052087988442186,0.1215793532088334,0.9026257194430904,0.8835579505478218,0.8014940279034939,0.7368129068273204,0.847436977115061,0.7619423281761876,0.7309287988581069,0.7318516568791903,0.8995925410413931,0.0,0.9144793680542799,0.8438144710890223,0.8749137146341057,0.9264055495661732,0.6955718612544032,0.9768854247698229,0.8305088146840532,0.8219016386820848,0.6246673270222782,0.8760320396719935,0.7403179420095156,0.9070450108798829,0.8441283540139826,1.0,0.8801587344190184,0.8418670579915792,0.8745470676654885,0.9532861683842059,0.8363346347004237,0.51335340896415,0.8699006192195702,0.8201022658166515,0.8324494709091704,0.9092177508430657,0.8502523675147865,0.8623294899322865,0.9541871167487952,0.7439574983837336,0.8604595762182122,0.7878191969831245,0.8837476470562012,1.0,0.9282734629238255,0.9230241884237117,0.0,0.8908448793995755,0.2761041921795373,0.8610526103305166,0.8602788231134519,0.939618546156481,0.7898221213768968,0.5570680715056029,0.9490901221692253,0.8866108942604837,0.8820121153227185,0.7137643516178563,0.8872608494068819,0.8557851713957179,0.8170673197851861,0.8222875002985073,0.8243367894221425,0.6889403684841653,0.4845703603875462,0.944670727812034,0.9462899555053913,0.9551587881402909,0.7712846160456632,0.9915748310785033,0.8746435460171599,0.16618946538202906,0.8304526103123526,0.943086030430853,0.996506030463388,0.4972521447597811,0.797498085246998,0.8037851291830939,0.889761715044032,1.0,0.8818716928340207,0.7486006144676636,0.815072498835477,0.892453615011787,0.9995972664646057,0.36803427696119373,0.99713986070286,0.8636664824113564,0.9313680040048608,0.9269974878913952,0.9068599594773559,0.8488125905634982,0.7186577761350668,0.937589005934687,0.877507024051421,0.7794519622486642,0.9777113974362162,0.7978947321196702,0.5919975863900921,0.23435395673397252,0.8405116346198392,0.9834675542304261,0.9375165091070163,0.932490612735415,0.8404954246105186,0.8487726095433467,0.925826026681238,0.9820384929722474,0.543715649045966,0.8995240713663637,0.9850140617647968,0.9632205237545602,0.7646091262484698,V1874,0
0.5360534752439754,0.9188334438993606,0.9747660345081153,0.4177182351692834,0.413985260678297,0.6154776777998685,0.7374534200582081,0.3868123468974711,0.6312417901149114,0.758306039184142,0.9641475336729894,0.9608892746189519,0.0,0.6499012836354767,0.8485867870574015,0.5998472428274999,0.6273157990940987,0.5875485616967251,0.7046624687926908,0.6795894938984812,0.8091115775047939,0.7917405291163409,0.7228281564514072,0.9074682979487877,0.0,0.9120502830857161,0.5248967371667597,0.9530461759668967,0.0,0.6385126190667121,0.8529311463551753,0.9287545731344834,0.05228469944904912,0.8419764981698046,0.0,0.3022143539776412,1.0,0.0,0.4570754134191408,0.6303876602211389,0.14272195568227053,0.986870781559093,0.0,0.9198118090864301,0.42737623176486705,0.6462814676698247,0.9470339324233946,0.7481777083495839,0.0,0.0,0.0,1.0,0.9935931783631655,0.0,0.8669373073391616,1.0,0.0,0.6961407556229968,0.784791288772635,0.7764353358371294,0.0,0.7515134683821323,0.8202866171634479,0.9991169516357006,0.0,0.9102140580697856,0.7799565309170119,0.8529311463551753,0.8669595545550495,0.7066563537642742,0.8355641047143387,0.7574710175958228,0.0,1.0,0.0,0.8829028103712822,0.897700748163814,0.9340336472728147,1.0000000000000009,0.8736231424410266,0.8418162487446279,0.0,0.8459284576675833,1.0,0.0,0.8111508171881052,0.0,0.0,0.3819882442033382,0.9914576005517814,0.0,0.7037181297487978,0.14537317572074748,0.8771092766343582,0.0,0.915591638682619,0.8803205403270639,0.8122245814063631,0.9807177248877388,0.9488024936048035,0.9015073741370419,0.0,0.8186550285156947,0.0,0.769613287720631,0.8462970501650933,0.9093560203155406,0.03992972522144189,0.766836434063488,0.0,0.9736815947974418,0.8598141478614243,0.0,0.9705930550523807,0.9965453374252854,0.8984018742333273,0.9544609489731762,0.7037181297487978,0.10874927345235852,1.0,0.8602674016650778,0.0,0.7707843114547536,0.9405797747299287,0.9256810223603372,0.9381571071808481,0.0,1.0,0.8529311463551753,0.8824927363231625,0.8249445639670766,0.0,1.0,0.0,0.7853080176042542,0.5465728853490557,0.8469601196415435,0.9449431357837015,0.9423136126249084,0.0,0.5164081279760695,0.9346048617816313,0.8562400211655332,0.8984018742333273,0.8920181559249062,0.9688744494723897,0.7941449934737351,0.8570838168299809,0.9459625148170445,0.8817983916524661,1.0,0.58552835162478,0.9762465839291625,0.9611270948815244,0.0,0.9661430040780654,0.8954458870844525,0.0,0.5744798402740963,0.0,0.8655811478801163,0.8167698187036763,0.4689980966009548,0.9647154773081215,0.8598141478614243,0.8570946081213943,0.9448445200708565,0.0,0.7879049097328977,0.0,0.0,0.863737864670989,0.7505593444308003,0.7481566134925715,0.9015826685024771,0.963021136563727,1.0,0.9456426846220013,0.9556247678980907,1.0,0.0,0.0,1.0,0.9519090408114901,0.9984683581194136,1.0,0.6456780884544768,0.9945512861344883,0.0,0.8145869334886463,0.9261659836698696,0.7799565309170119,0.8804095016528006,0.7629748693741024,0.9115017714216878,0.6314576324740218,0.7759802766864814,0.0,0.0,0.0,V2110,0
1.0000000000000002,0.0,0.6811507116108197,0.7392076140877304,0.9592543904883541,0.9884897018653298,1.0000000000000009,0.565421560746938,0.5329900462901236,0.0,0.0,0.8215623762586639,0.0,1.0,0.506233352732945,1.0,1.0,1.0,1.0,0.614037578533912,0.43131650287982515,0.0,0.6473686474116791,0.0,0.0,0.0,0.8837323639651702,0.0,0.0,0.5737647483673491,0.0,0.0,1.0,0.0,0.0,1.0,0.36629266410041517,0.0,0.9494871587006077,1.0,0.6819731748431113,0.0,0.0,0.0,0.9465862769933806,0.7834901263801761,0.0,0.9104132668471498,0.0,0.0,1.0,0.0,1.0,1.0,0.0,0.0,0.0,0.6725493494872588,0.0,1.0,0.0,0.0,0.95108678712872,0.0,0.0,0.0,1.0,0.0,0.0,0.0,0.0,0.736399719236656,0.9813596766323384,0.0,0.0,0.0,0.0,0.0,0.49709234340603814,0.0,0.0,0.0,0.0,0.0,0.0,0.0,0.0,0.0,0.9169713814233029,0.0,0.0,1.0,1.0,0.0,0.0,0.0,0.0,0.0,0.9870415238793834,0.0,0.9474924782169566,1.0,0.0,1.0,0.0,0.0,0.0,1.0,1.0,0.0,0.0,1.0,0.0,0.0,0.0,0.0,0.0,1.0,0.7563696550096424,0.0,0.0,0.0,0.0,0.0,0.0,0.0,0.0,0.0,0.0,0.0,0.0,0.0,0.0,1.0,0.0,0.9832672771234172,0.0,0.0,0.0,1.0,0.8241086100244117,0.0,0.0,0.0,0.9024040192368398,0.0,0.0,0.0,0.0,0.0,0.0,1.0,0.0,0.0,1.0,0.0,0.0,0.0,1.0,1.0,0.0,0.0,0.32809777649173455,0.0,1.0,0.0,0.0,0.0,0.0,0.0,0.0,0.0,0.5852579079665778,0.0,0.0,0.0,0.0,0.0,0.0,0.0,0.0,0.0,0.9949210571634413,0.0,0.0,0.8884377665574981,0.5329977661044474,0.0,0.0,0.0,0.0,1.0,0.0,0.9931186603220665,0.0,0.8104275311517091,0.0,0.0,0.0,0.0,V2133,0
0.1113102465454483,0.6587645384595391,0.5296878831316096,0.5457905045205327,0.26649884309343186,0.6327103633257019,0.14736761523706043,0.342440660288716,0.3426728019220455,0.891705717893842,0.821543674233333,0.2432432281659156,0.9038826406158235,0.5771981157490145,0.6304162978358274,0.09410417133181204,0.76732367662804,0.5659188956302459,0.5506690919468662,0.26326913269821084,0.6793857122398257,0.9166655327344589,0.0,0.9792816778068948,0.8863277665665,0.8781542714789414,0.6272228900452994,0.972221213345803,0.6348963107873989,0.2813227774999856,0.8016948099827682,0.9249164018379015,0.32665861716784406,0.990095316342233,0.9824371259146676,0.30328653285549745,0.25511229562945203,0.8497197547048077,0.832011786532667,0.21407946886193052,0.7766643447405213,0.9547510500571129,0.9260728856626746,0.9593330950475952,0.060586161690178386,0.5666054089663799,0.8757106763917988,0.7390770703076902,0.9999999999999999,0.8300300952237555,0.7823380752164614,0.8302028106515574,0.9275226270276323,0.9311969627077753,0.9032908451076729,0.9036906854615908,0.9462914868799882,0.40198973118585624,0.7991706937726104,0.7887463328220741,0.8735675965978489,0.7281496071642337,0.0,0.9161490929632218,0.9433002175885576,0.828196553867416,0.7704693435856164,0.82123227561,1.0,0.768861903038654,0.9211758360081784,0.7427892627018609,0.7677550405115925,0.9169588119422373,0.82123227561,0.9208382381402043,0.948957402872784,0.7969299701340418,0.0608744110717927,0.9179217725291936,0.8895274687919867,0.6691771981958465,0.8814010251473053,0.9341977183438065,0.7630321433296829,0.8779555723392137,0.9122247090603005,0.9674896948073965,0.8302576574868343,0.9262174282700993,0.8250435708854523,0.7166120649112391,0.535081613187419,0.9138893585910391,0.801284190713896,0.9880478669522398,0.9768557902909621,0.9819647977996084,0.0,0.7949027698855955,0.9364135139471511,0.8390591887710491,0.97610107665539,0.8004916023139359,0.7494446134628353,0.8818768507720421,0.9237745799915704,0.8607079702868061,0.8683115517513661,0.0,0.9999999999999999,0.8894819023302813,0.8808063165023411,0.8753400392072409,0.9594149871323503,0.9904519508423992,0.9127447226004881,0.7656650330238877,0.35467378169071306,0.9953379928156854,0.8498033338982577,0.792840261970869,0.7614086926029254,0.9449145402122986,0.9283124574754421,0.8818011711605845,1.0,0.846165951440414,0.7503335641977152,0.9661276224514853,0.9310716251213276,0.8291953228186117,0.7491768370796155,0.7932960068678612,0.9685757593200447,0.925062627406465,0.8789419233848093,0.9166668354890806,0.81580022471682,0.8454063419484299,0.23799497702120176,0.9761741130572509,0.9388520268020154,0.9802102343423932,0.9062578564963355,0.8578794803307723,0.9065396126624122,0.9673455127257846,0.8407269068180572,0.981506395543386,0.8069867294717993,0.4169450549596636,0.9120073312475591,0.9596630130787769,0.9381087145275316,0.9346979005615969,0.9408510786240099,0.7210357830182407,0.2609038273706328,0.829413966331848,0.8550524450935545,0.9218452192635265,0.2788529603922263,0.9333168355751197,0.8894819023302813,0.8164124236494038,0.9152218881414144,0.8964619822343396,0.802341364317195,0.8580755213808,0.9273901430032052,0.8774331123715362,0.6961196353820487,0.8338530674931892,0.8451650436136733,0.9765405224662448,0.9441577649244348,0.9298386442934287,0.9102658276769584,0.8894525681009031,0.9866294246163453,0.946878959554171,0.8988241872932995,0.8898955913833099,0.8604622227394365,0.06509394828843851,0.5201894356326449,0.8518272311899977,0.8253273944993027,0.8816746802897222,0.996697060639227,0.829413966331848,0.8476894079911078,0.8301380252406614,0.8567470452469221,0.5509331937416402,0.9368414650143372,0.996697060639227,0.9408510786240099,1.0,V359,1
0.08399220494894055,0.7195201999949331,0.8981842652381662,0.0,0.2787362092661958,0.0,0.23770019615769833,0.48932409746591476,0.21963931787930413,0.8434176179854646,0.0,0.8494405579067519,0.8837962595570568,0.5640496597889011,0.0,0.6026029691328789,0.5122039303862325,0.4036317098707176,0.3776240042147059,0.6982832134504653,0.2286691138327317,0.8806047645991374,0.20543430053881906,0.8673466987105106,0.9399797404036255,0.9703302271980698,0.9673308770846356,0.9358406206636871,0.7359537576851856,0.45045914915594043,0.7681580425740607,0.8241195794435309,0.6938198263459574,0.9588094874022747,0.9464971648151571,0.2111457134734449,0.22267231632543272,0.8829555166519467,0.5406252749796367,0.5821381639709209,0.3284349324452922,0.9030488873731289,0.7964275104297261,0.8283914145047689,0.3891447513694888,0.6441267848446852,0.8220200867608051,0.6459218456192096,0.8132811072624593,0.9540435362051164,0.8544905128920699,0.8252825382143733,0.9346304944840016,0.962100149292446,0.9014232411593144,0.883608570094188,0.9459847335249947,0.0,0.9418636848544627,0.6661086585559404,0.9535212153868472,0.8358626552266392,0.9289230229738084,1.0,0.8922181461871346,0.9894159305193968,0.8303203022491891,0.8963958835060135,0.8449350495014303,0.7859708189419123,0.882481132252645,0.5140775590624616,0.875882302250024,0.9150629487139751,0.7681580425740607,0.9498312308044458,0.8397861373463316,0.6964828132523999,0.5683310659483114,1.0,0.9779705006330635,0.7483213080834488,0.9187238496967615,0.8282154912216003,0.884485172738866,0.9100775333915413,0.8763386387914581,0.7400536926514532,0.10387281243633772,0.958223389363874,0.8891339192786903,0.8175365736659366,0.26587475357105284,0.9337464471569349,0.9443283685157193,0.9728609768693279,0.8003078017975721,0.9074116371783866,0.8809534597127523,1.0,0.9604877730225592,0.8445641029230612,0.9825050976143221,0.8175365736659366,1.0,1.0,0.8491144384269033,0.7270600682555273,0.8335623661691802,0.8666426463393407,0.8851832271158678,0.830398099310999,0.9715702878683725,0.9622162844059832,0.8388691520163565,0.8928393190624243,0.9403965368491514,0.893688559851661,0.3497262832577901,0.9663131163816141,0.7986585286290966,0.9887529203138969,0.715583855537641,0.9287147250170548,0.9588398476559552,0.9415405915536215,0.9850936564297731,0.7619195285128241,0.856007261413789,0.9011297202455878,0.960386820428102,0.7945081446911226,0.7140568571429073,0.8335623661691802,0.9969154685152853,0.03999513494508111,0.7923190092188336,0.9245133650723538,0.7775570675523494,0.8223205090618412,0.9999999999999996,0.9208330380487112,0.9827996335888864,0.9325746466789788,1.0,0.9479272812235957,0.8454249498180716,0.9124278926242865,0.9243178460504772,0.8763386387914581,0.7752406232852215,0.4963533748609992,0.9307974209441959,0.8695107173943402,0.9461387833550347,1.0,0.9733627136876232,0.6538885702164989,0.6169715313607864,0.8618554918913123,0.8035917258249882,0.8695107173943402,0.853711339494724,0.8827753893355796,0.8748658104129401,0.9575401180613777,0.8894137031880741,1.0,0.9585276874952867,0.9712503595749207,0.9594366279102621,0.8299179098300633,0.6696760026298834,0.9101717983435953,0.9443283685157193,0.8551493775393412,0.9279709240451592,1.0,0.998453107600104,0.7885465583388376,0.8980532445878708,0.7161148687985537,0.8704224169721932,0.892934249421629,0.9970821582985854,0.34098498038638025,0.32946722373202597,0.8307128074912696,0.9229395100639223,0.9378342686218114,0.9111213087544273,0.0,0.9366676022245298,1.0,0.9999999999999999,0.7945000528672628,0.9854580500757941,0.929506221790282,0.9963739676266593,0.9683759278965046,V406,1
0.1958127782413548,0.572750359051406,0.7900968001688673,0.5395444911714717,0.0,0.950302760819211,0.5039176568456574,0.3194861400020663,0.41709813061343226,0.0,0.7210108104363147,0.3334419027122477,0.8744584029625606,0.3103190852057347,0.641864858620802,0.6698310566738654,0.4733255145880584,0.3990288438076641,0.5633849775060389,0.5483942411547531,0.2059507597949506,1.0,0.7508075365924931,0.8387670776053497,0.8540668883025234,0.0,0.49087704118390185,0.8428218822067696,0.6740934970681735,0.3909928102776945,0.0,0.8652379783362049,0.6099046489613773,0.9629890274917506,0.6982420054660128,0.2351870397065099,0.41587277531635003,0.901633021800976,0.8795681813015959,0.3354033234817644,0.3173488108918754,0.9999999999999999,0.7913407665438503,0.9362560857402812,0.332819690781867,0.5216069932961882,0.0,0.9937917135839834,0.8795296047717803,0.8517618753640614,0.9052108268748407,0.0,0.8010123196806727,0.8591202426977811,0.9105162348555018,0.9479552702126168,0.8950478514410076,0.9923759649444639,0.9572657215894825,0.640488757101329,0.8417711676104429,0.7176091418160314,0.6544610682108907,0.8570363629349609,0.9451778734549938,0.7766033105956895,0.9137620571508361,0.8108754429012649,0.7739144156357834,0.7938992008336799,0.919541154633373,0.8354141156422306,0.9999999999999999,0.9242935312465151,0.8560931877953081,0.910110245392382,0.7872282158344134,0.7863360823645128,0.11949594219246595,0.8590407871246168,0.9780686697376257,0.7231708440854215,0.9545280042288273,0.9955924222344803,0.0,0.8345063868268636,0.6975805127110574,0.9672596263207257,0.0,0.9280610805404577,0.8385507780581439,0.8176186383430734,0.3550385834142138,0.9784140688134082,0.7906324206637709,0.7853888643021736,0.9548373707936255,0.8502281602439591,0.0,0.906944429423609,0.9702208079320211,0.8667335980196048,0.822161922362298,0.804859564213679,0.7520791708054373,0.8355490548640505,0.8825637128614529,0.7027817661341231,0.7960847170436456,0.9053029708893456,0.0,0.9167167594994873,0.890892897285214,1.0,1.0,0.8369610701045174,0.8919311497644355,0.8176186383430734,0.11794642124513022,0.9746526463065631,0.8850371914277172,0.9757086099859005,0.9815057202729087,0.9773847891419168,0.8117651914126794,0.9549293587032341,0.9097536278454031,0.6978767267595706,0.8893672490513646,0.9389728948809405,0.7364086211405348,0.97639982016891,0.0,0.7358711635605136,1.0,0.3764892784465115,0.814747977442299,0.8845208783075023,0.9782548563814956,0.7836616833189963,0.7195075796828125,0.9845834732258338,0.9552063104321894,0.8834059169257023,0.0,0.7730110352849897,0.9376911778410947,0.9309326083912135,0.9493775709910199,0.8461908950421189,0.748570846762401,0.45781248158812016,0.8713214174285413,0.9782582228026412,0.9774974438870556,0.0,0.8342072399553442,0.907156806078179,0.7303295267232697,0.6962488615235902,0.8126566975014204,0.766829851958021,0.2956301186521961,0.7578849056076705,0.73360162678898,0.9203970867496635,0.8390930149249424,0.8520969321133073,0.8214930830634193,0.9020005621432491,0.8222720780507943,0.9350972931548354,0.09685736452123139,0.8815220250561487,0.9648305666024815,0.949255552034672,0.9689922578430152,0.9196685186517878,0.9263622794220838,0.7222656336229744,0.8393016411284905,1.0,0.7676338885711755,0.9056318312918838,0.8969884271721758,0.2123467610458536,0.17568468962508632,0.7987618937902694,0.9982234701381,0.897265547830472,0.8592872972174896,0.89804933519413,0.9367563317199835,0.8194166321786007,0.8209990329585781,0.2753827567301368,0.8333841263750514,0.8342072399553442,0.8342072399553442,0.9540131823560213,V456,0
0.2444018771664973,0.9598518358409179,0.3654749293921169,0.3784672423712636,1.0,0.7454241905156462,0.5371999424791865,0.7291104294662545,0.18667143699978794,0.8007279809948284,0.707422741103059,0.6001267752390809,0.7444618376896979,0.5887617921215909,0.36687040128204895,0.802600472022291,0.6350126640039591,0.5949924425967867,0.4503510792127212,0.6861469993958096,0.48483883873022515,0.912246000632402,0.38273809082215937,0.7883603421087099,0.9506730880553169,0.0,0.6033857219187668,1.0,0.8133885118577779,0.5651342658083509,0.8659139971853088,0.0,0.4163207068276842,0.9213877759808109,0.9571030176239083,0.7255964979236937,0.6823769331651803,0.7887841311662389,0.8029484769423556,0.7023687194912194,0.30826145589256804,0.0,0.9615361650681474,0.9338126807396637,0.7127721010614008,0.22062459959495273,0.9434919255171728,0.8707847860864751,0.0,0.9718370531160364,0.944962986991677,0.9166037044897148,0.8648159021071269,0.7979134402537619,0.0,0.7996057549189508,0.9457334924302676,0.5357955566075079,0.9042390634126359,0.7082731958806203,0.7343243671020776,0.793555413162045,0.9023244245858236,0.0,0.9029994240189253,0.8587930742398002,0.6831274524314604,0.8808518168050388,0.7593293323257269,0.0,0.8773846679588478,0.3996772391073762,0.9013037061976091,0.8280698316753594,0.8294373222514598,0.9381529104445203,0.8873119066564212,0.8689748179839336,0.8023349170494818,0.878705227066776,0.9476148975024818,0.6614087011964728,0.8654042361469994,0.0,0.9550443692411299,0.8007279809948284,0.7381799440972392,0.9020809291472744,0.3166648270450656,0.9558927300029584,0.8244708686431033,0.8269980808095623,0.5529026150594438,0.8658389109757814,0.8007279809948284,0.9578098932035655,0.8985723322401592,0.9068062665098873,0.8536092058909421,0.878705227066776,0.8834014524372551,0.7921607410013785,0.8958667345931798,0.8108263071392197,0.8379530644947344,0.8773668436198655,0.9662615036082116,0.6047346659272392,0.0,0.8977822059144003,0.8242710875873155,0.8112404206134265,0.9112864689713741,0.9030018557635942,0.8805522216890899,0.9249201580152926,0.9593318002175983,0.7921607410013785,0.741079123434055,0.7840880825337148,0.8492134447190027,0.7294386233691951,0.8302423109457471,0.8171258375226093,0.9149683729085313,0.8557976458202841,0.936064142732325,0.0,0.8063275057511509,0.8784059214962089,0.9359247162368212,0.8339869338099153,0.9732956169568646,0.7712973136609875,0.7752172469912993,0.3689585767772101,0.8966979958294825,0.9346103876149875,0.0,0.8315349162517776,0.7986752168417364,0.8239288283538541,0.965998646835117,0.9742006170630121,0.7591605244952242,0.7747175855920531,0.9439899932099062,0.8460707671757934,0.895627588335076,0.9809276361138954,0.7360017692671034,0.37812913009609517,0.893614863462467,0.8595223250297894,0.8407203661720006,0.9502285763618219,0.7496046728225572,0.7970508286585791,0.3159994448176344,0.7699345239272326,0.8855093894935415,0.8595223250297894,0.1883570553104703,0.7436019122115063,0.9184234156538288,0.8557656038211946,0.7903155724904719,0.9256306098757989,0.7930269607511796,0.9268110449931528,0.8630340202850638,0.8165437515315772,0.5658890146070381,0.9202338959774572,0.8007279809948284,0.9528876738561377,0.9510562346537027,0.7909831975449436,0.8850234736169287,0.798704712501227,0.9001483997761098,0.9112890443490307,0.8364503954906823,0.7736155239069834,0.8152208654898095,0.29701737791947913,0.5187161408812075,1.0,0.7593278335486146,0.8949238988309707,0.9218769184815799,0.0,1.0,0.9498901780966998,0.9803377012605714,0.7664870302523914,0.9417246306783049,0.9961093438145484,0.9402635750889576,0.8205221579034053,V513,0
0.7802962182046704,0.9191043518706594,0.7490139351921439,0.7831408363002401,0.6848190092876694,0.7912680039778737,0.31946007390703013,0.7400141277164654,0.37273402526524535,0.7995575695993767,1.0,0.9135529966122635,0.7128375232963543,0.8224474417952217,0.5709205207929591,0.7000703648890645,0.0,0.48236927691118403,0.15065268902824913,0.5862249826626789,0.5021953705380353,0.8044454967164433,0.8179239047775395,0.8475618802756659,0.884515921447448,0.7616182653677538,1.0,0.8001001719027011,0.7172700400892695,0.8768248231723081,0.8364811039139574,1.0,0.6259537401455066,0.8554875964853528,0.7623404830263643,0.2922481778023407,0.6170364289106267,0.8480174935672716,0.6663627312546234,0.26714883831611846,0.6027402783093825,0.966219552784727,0.8514149073582253,0.9456201525767405,0.607418184884938,0.5973082653301756,0.9506187973181162,0.7940261506154024,0.8634976211255205,0.9691679192391248,0.8341401422687548,0.9519579902001131,0.9638214101038716,0.8110014203470457,0.8234634834348717,0.8376584810608797,0.9821884224190589,0.8327713202259615,0.8909253377960935,0.6815128739275401,0.8509997554682562,0.8820051854630024,0.8425905737340512,0.9498201888524331,0.8709692619949602,0.8575377900180893,0.8677128270298938,0.8980518270136921,0.7834391784187972,0.8293591460207108,0.0,0.5518281018135149,0.9085144326788869,0.9150843503598981,0.7122501381912373,0.0,0.9298769484043501,0.9088090237053449,0.42725818693752693,0.8475368009907212,0.9879880106449834,0.7460069869850761,0.9137950302961764,0.9573181567008626,0.9211681284892554,0.8899772084832882,0.8005483275977006,0.9097416178290527,0.45831643793719756,0.9491403626072915,0.8684466337393567,0.7988879609510063,0.603777163974295,0.9474774027877757,0.9137745226857754,0.7281455155268705,0.9288963867880674,0.8985452135516646,0.8233309571539174,0.8230644783340605,0.9279763189327248,0.8971204799532563,0.9459608997567418,0.6802401846547865,0.9142287696952016,0.7890762332786071,0.9077394759250518,0.7885989493510843,0.7917343640550918,0.8845635489943509,0.9611480543750076,0.8341401422687548,0.9755170779176331,0.9128650185794126,0.9297900454916063,0.9113019306025656,0.937762214526205,0.7640621218789296,0.1432018863096456,0.9315621635098518,1.0,0.8453377252970776,0.868301000712571,0.878487506639433,0.8453377252970776,0.9877863034196238,0.918980133770314,0.8296877113573431,0.8514149073582253,0.9072539705688428,0.8754972906674998,0.9069419357218087,0.9522597423651923,0.7917343640550918,0.8846621907319491,0.25313847621678853,0.8360577785143856,0.7915396318094801,0.8138858789874696,0.7917343640550918,0.761610592296416,0.830925830558443,0.0,0.9981568294329153,0.9699549604376797,0.856125789644545,0.9231373779090543,0.9258453540219843,0.9697176271799558,0.8554679376872666,0.6737548621197026,0.5538616039120674,0.7496953840541807,0.908668137680444,0.9363570701275283,0.8076216978234355,0.7177618937250733,0.842624642808137,0.4363491689140204,0.8786336543738822,0.8785786069340265,0.908668137680444,0.378948496528388,0.8368686280056624,0.8545104978596911,0.868433392534211,0.8980110723822528,0.879004276989338,0.7616182653677538,0.8315543950547342,0.9503421008309978,0.8299373200895174,0.662776523967616,0.9213983997679047,0.8608582610155328,0.9383947394178667,0.978107533492662,0.9214606896216893,0.9776059659026138,0.8740132338730006,0.8034857701239114,0.945110939279656,0.8970818792257461,0.9146896063243815,0.9766094230306476,0.16281320680644296,0.43856361693446155,0.9496274946085488,0.9512074757678063,0.963310863215175,0.924519556536695,0.842530352701626,0.969598146226327,0.9079730273547874,0.7611602242818195,0.54220576242309,0.9350723458640152,0.9390273043555522,0.8129383248435562,0.8922992963354537,V630,0
0.8470294235142626,0.9658223522605823,0.5381531477730057,0.7879563648330206,0.648830019162479,0.6577977958639316,0.6690799875692717,1.0,1.0,1.0,0.0,0.7212545500763401,0.0,0.5626465955899183,1.0,0.8647052714252053,0.42815489768260484,0.9552558376308231,0.7635090576233976,0.8929482111751179,0.35402921957060496,0.0,0.5274983775109865,0.0,0.0,0.9999999999999999,0.9381440791769595,0.0,0.0,0.2714576638945516,0.9999999999999999,0.0,0.202712229975619,0.0,0.0,0.5047462144287884,0.2192106845228725,0.0,0.8385774906346777,0.9167594870895335,0.37977353032817085,0.0,0.9999999999999999,0.0,1.0000000000000004,0.838153641171222,0.0,0.0,0.0,0.0,0.0,0.0,0.9750688547414518,0.0,0.0,0.0,0.0,0.48532429056746906,0.0,0.0,0.0,0.9538123942353625,0.9999999999999999,0.0,0.0,0.0,0.0,0.9999999999999999,0.0,1.0,0.0,0.41212462538117434,0.0,0.0,0.9999999999999999,0.0,0.0,0.9572035341213062,0.0890429305956637,0.9907288907659274,0.0,0.9999999999999999,0.0,0.9528384288675248,0.0,1.0,0.9999999999999999,0.0,0.10024923068010683,0.0,0.9909711661650594,0.0,0.8506375323419495,0.983454128485357,1.0,0.0,0.0,0.0,1.0,0.0,0.0,0.8931510910210732,0.0,0.8440268035747908,0.0,0.8533177624149697,0.0,0.9357669553675123,0.9035719253472171,0.0,0.0,0.0,0.0,0.9963546180476812,0.0,0.0,0.0,0.8931510910210732,1.0,0.8905982996247188,0.0,0.9338084925203681,0.0,0.0,0.9338084925203681,0.0,0.9937976058338773,0.0,0.9999999999999999,0.9675921960546382,0.0,0.0,0.0,0.9299042772362176,0.0,0.4322943931508485,0.9394148193291457,0.0,0.0,0.0,0.8851356939530777,0.0,1.0,0.9627923979006989,0.8374429793258426,0.0,0.0,0.0,0.0,0.9999999999999999,0.0,0.0,0.0,0.0,0.0,0.0,0.0,0.0,0.5493478789853059,0.0,0.0,0.0,0.43384791431626013,0.0,0.0,0.0,0.0,0.0,0.9999999999999999,0.0,0.0,0.0,0.5890500170656967,0.0,1.0,0.0,0.0,0.8669265030286012,0.0,0.0,1.0,0.0,0.0,0.0,0.0,0.779365857599049,1.0,0.0,0.9720718876931536,0.0,0.0,0.9254213120987654,0.0,0.0,0.0,0.5391832336265407,0.0,0.0,0.0,0.9887883068583201,V637,0
0.20799838781130586,0.8555114813685901,0.5175517122760915,0.414119832085444,0.5366297752359186,1.0,0.21655996786690324,0.6111341851162546,0.5587800263053655,0.8392971629463982,0.9494962162595622,0.3982757246478923,0.8650782582230903,0.3795834389398913,0.7954370417693974,0.4368742981022624,0.5906049442833003,0.24692094786378593,0.3731457170252863,0.6313090193995095,0.4176663284024986,0.8892843530777982,0.8477616968936887,0.7976813841082128,1.0,0.8849761786486516,0.6954361837823377,0.9781056930194977,0.8305923878701831,0.21604004334604365,0.8021773401735338,0.8675953127027437,0.6274732869650768,1.0,0.7487054078918555,0.8201895045155547,0.2580839959684198,0.933860713421838,0.5956740732524093,0.5001336260226021,0.5298261311895334,0.8488380429042662,0.7508156590682239,0.9742665412009391,0.5483814487927856,0.8341050950715152,0.9999999999999999,0.6908017402128828,0.9198429730215265,0.867382441531444,0.8208319812594203,0.9931672145980097,0.0,0.7938065818494039,0.7294229732793429,0.8648945438524199,0.8847476230288549,0.7166195366748109,0.9923791561576536,0.7634285929793226,0.8194288160868004,0.8925587234509386,0.7417123272959063,0.9097883784595139,0.901012200743066,0.9659353806152642,0.880773920318916,0.875122860071397,0.9224648939805954,0.7387882772008255,0.8263338040082373,0.7702736433959649,0.8581148267441738,0.8956827473276558,0.7703369423913776,0.9535255933039266,0.9381408647056376,0.7684974377457253,0.7972281020424816,0.8992091475353385,0.9455294893274833,0.6490251289845408,1.0,0.8488030730656305,0.8869940374183819,0.8735275297266221,0.9076238271805767,0.9601301640838514,0.6362538957309063,0.896487043593871,0.741242575113847,0.8566104809632168,0.6347725252634437,0.9647518331019629,0.8255547995724799,0.8460819089205698,0.9677494518281662,0.8837103700471981,0.9361241630470142,0.9091644234409021,0.9696107900703206,0.8500605914204307,0.8746737872531597,0.7661258773375181,0.813980824600932,0.8299912867623703,0.7457864728570075,0.3475103811676439,0.6166746321795894,0.9075189469888839,0.8344882859515189,0.8208319812594203,0.8813364629304296,0.9001330727271281,0.7947277798786375,0.9696752184980105,0.895580109447637,0.7904174394877034,0.0,0.9579390041076049,0.9714657956594996,0.8861524159888141,0.8895384226470223,0.9347588722709181,0.8139768395732894,0.8659160211033808,0.7978772397891957,0.882833214523732,0.875122860071397,0.9964357533967392,0.9315771185309437,0.9408182001739944,0.7878885949196087,0.7459481397293415,0.9426650264156217,0.3705815393149736,0.8605043393375502,0.8743417945107901,1.0,0.8137804906875841,0.8238058082293613,0.9815982151344355,0.9106635280898014,0.944483025560011,0.6470891001904099,0.7602125282082026,0.9224444315862567,0.9332113200234632,0.953261548450039,0.917672263234427,0.8484436666801131,0.6478454498026123,0.8711221701208067,0.936195110885796,0.9604472605585705,0.9523430535466727,0.8152826009546317,0.890377339902031,0.5773043222540322,0.8735997308322795,0.728281928988731,0.9756493058758676,0.0,0.8914763723492365,0.8947936427399888,1.0,0.8915526662788656,0.869684291010691,0.8967717364277441,0.9185424617885608,0.8245123521450519,0.8939972252176918,0.4220961985869165,1.0,0.8922026692126828,0.9256273738734647,0.9723064050365694,0.9407785322483074,0.9419750551041225,0.8495785338520075,0.9496718683900122,0.8932694249487894,0.845997255871222,0.9665263239881051,0.8991840511567333,0.2886910493684809,0.41440859349353687,0.9258430779773515,0.9710466013925604,0.9198806579718201,0.9877175965733078,0.0,0.8858364444791132,0.9061712185940733,0.8844439494882881,0.7430249603569168,0.9373500909606581,0.9216710200000107,0.8152826009546317,0.912709310379132,V716,1
0.8263224226773731,0.9416519965007101,0.7194816146767025,0.571445120622764,0.0508350022522599,0.9018151002641921,0.6124492805478274,0.8059140458123109,0.32632490281435267,0.8091334206248896,0.9275925216676828,0.6397838907937521,0.8135430527067794,0.6644807655942757,0.6733721771255246,0.571469938251274,0.24599933292974985,0.2526274609253125,0.8018003056041092,0.5073364373003688,0.5755398321347212,0.9049824227152274,0.9654574771941986,0.7212348187133129,0.908980592178939,0.8797011868848003,0.6009060465863758,0.0,0.7881888998218314,0.876628263420181,0.9105804131702341,0.8276556936535622,0.0,0.739626375735169,0.6381020927766199,0.8096837842751752,0.0,0.8105984646512489,0.0,0.3175709846199841,0.31197988241146346,0.7843420765662997,0.0,0.7371951976949317,0.36776700241080906,0.5494521657274398,0.0,1.0,0.7597739747294275,0.9723300952930621,0.7865668278745609,0.0,0.8957991370520947,0.7272061466781797,0.9894261378358266,0.0,0.9387607261570589,0.9193167229704358,1.0,0.5892135654926659,0.8363250975928623,0.7866675010067955,0.878343279387946,0.8198103217975448,0.8956416246160263,0.8958759141150642,0.9290928757815515,0.7348745977150593,0.7829502148457459,0.7889866219222539,0.8783240612227273,1.0000000000000004,0.9014014539216527,0.8612064178576674,0.8226789198958498,0.9628214188350693,0.9157248791915268,0.818401096049454,0.8042425019711104,0.8922486540726435,0.8395789505838188,0.6553902794553418,0.9381314972791298,0.8751078566704584,0.8881031563742231,0.7937778122960026,0.9099524397591533,0.8204600923695953,0.1640003139302788,0.8902686668435874,0.8600716694888433,0.8205410035437585,0.5950485027699743,0.7921164176297937,0.8921030328857817,0.7712251265853662,0.815604499369952,0.9055685178935851,0.0,0.9589485154108228,0.8018343916304871,0.8591154347228749,0.9017803157620765,0.7857060748386924,0.944793892797882,0.8928703868245311,0.8042952541559268,0.5373300074539742,0.894590215009794,0.7771165172518876,0.9021021926575279,0.7662197264447276,0.8917439340583639,0.9173783549360892,0.0,0.8402907720970062,0.8936885737672123,0.7953969410687401,0.5476294212918589,0.9278759445451874,0.9287979712091289,0.8448671468683372,0.9441899118628285,0.9447159214500117,0.7765055388280853,0.864781165340301,0.8196457540422345,0.8440582285339443,0.7118056054411913,0.8804628794918351,0.9288468514621576,0.9040739324430902,0.8633002394637388,0.6833630316474785,0.9809818799767488,0.0,0.8696704294167938,0.7858178337278819,0.913667278240838,0.731110242736811,0.7848122676430793,0.8991699405175656,0.9331786775879506,0.8842498016656222,0.6134683569426955,0.7676681210901055,0.8391273639148428,0.8387270315969381,0.9649556507247978,0.8407162303826954,0.6466463943062156,0.4863383744166825,0.974180463253984,0.9321705276488812,0.9548196187826147,0.7374332620651946,0.9329221377924806,0.9244604636297442,0.3489219571475837,0.8501877675166907,1.0,0.9684879554290391,0.48004341226835434,0.8126033317389466,0.8336757972552157,0.9063558434178053,0.8975740852802571,0.8942289764610417,0.8066782402593774,0.9278033578114074,0.7316677805214482,1.0,0.0,0.9190924023538342,0.8570964402698042,0.8865637641454981,0.8739481489109566,0.8705650438853656,0.9249339387860854,0.7017367946935801,0.8899629441571093,0.8764669896151632,0.829441605536734,0.8581681686191872,0.8619779726614559,0.7134737256811308,0.35487339343807145,0.8564315918650672,0.8794861139992469,0.8502403574401266,0.9829026525683277,0.8901559219242847,0.8947675930616136,0.8623735151304299,0.7853383012831658,0.4890249160117701,0.9128957472583911,0.9636521483045122,0.9829026525683277,0.82593839247745,V777,0
0.03739433965500316,0.6268199924779075,0.7254709010449352,0.2711072789978628,0.018755108709747503,0.47239994577593025,0.4861787379174265,0.6356915832862331,0.1806898855795005,0.8779795719123117,0.0,0.4837585485784741,0.9804453881402173,0.6911421344257329,0.4402513346543122,0.9204708867516649,0.9077067303980613,0.20197184420451242,0.6421199159996744,0.6708741689074991,0.1319680093871054,0.8366386649346365,0.8602511341307668,0.9300678776532999,0.935160318571149,0.9122496454059159,0.6679475105981765,0.8896951911943997,0.7459745267856546,1.0,0.8531175860016088,0.9249426570023733,0.17743315902372458,0.88972342254771,0.9274151060078634,0.20527884275282382,0.6001254497479529,0.8325819933851192,0.6742633723572906,0.32504755661294915,0.4439902824189952,0.954776749548411,0.9544082865084526,0.9474567485919032,0.7347410486844717,0.0,0.0,0.8713207069481386,0.9315926270697968,0.9768562605413202,0.8118282237897789,0.0,0.9034368856732189,0.7425268399823967,1.0,0.9591545148287746,0.8641233242951166,0.9113438750380185,0.9683304223767604,0.8430385396014002,0.94629449753423,0.8837419991155417,0.8932839483793377,0.9517196605866449,0.9993169733061626,0.9251628065556102,0.9164323603031236,0.9605991839101531,0.9219595423231518,0.8719220706258699,0.7234062922006841,0.28031613895276575,0.8203326545867322,0.8693764495945152,0.8212555875422167,0.9666007128476324,0.9642942195665106,0.9209444597556217,0.8563293452763618,0.7949274378297199,0.9746691065481005,0.7835399537500596,0.8604571327880893,0.9198174872874366,0.8220665477074013,0.8250821923414519,0.8781791992289344,0.967515064837498,0.32030124241229707,0.9509610338305449,0.75654162475659,0.7843467099033351,0.0,0.9642404265743572,0.9041696040240451,0.9757079381797501,0.8422672557525344,0.9976187435157546,0.8451890349140566,0.8248665432565667,0.9489822243454875,0.9115152588096128,0.9124525161676825,0.8275370874415574,0.8759587856886073,0.8708629132001687,0.9237994456743873,0.5324499273950822,0.8169822699484373,0.754987750258137,0.9630407133870674,0.7823623532447397,0.9773883457948919,0.9509291037656711,0.9316494604955099,0.9439823633504029,0.9744924234686425,0.9115152588096128,0.521733807280961,0.9851252877841072,0.87504234567159,0.9399984346253624,0.7840223988457201,0.9449390403631441,0.9399984346253624,1.0,0.8274215110322438,0.9333972930955262,0.8664783677661491,1.0,0.9607226634089504,0.8823820527689881,0.0,0.8683332494148345,0.8964751912212643,0.44888697913778053,0.9027782954888365,0.906346474943397,0.938446045707473,0.8366861553633262,0.6245090215252129,0.860723875325067,0.8885950428590198,0.8174741090651984,0.880589989678273,0.9588697870174386,0.9999999999999999,0.8466838074924838,1.0,0.8572875286321573,0.8901790807946867,0.6379100402063544,0.9569531921271227,0.9512024321289524,0.9479348588717497,0.864862226961885,0.9408764039631192,0.77041395591651,0.42672636293273225,0.8574366251907629,0.9648417373756419,0.8840615093777975,0.44071736694848695,0.9028636843954474,0.8359143687274873,0.9404680741249823,0.9473095136428239,0.0,0.8023662631006607,0.9131147018691497,0.9131147018691497,0.8774567306588736,0.6430581661081596,0.9870828461495936,0.9041696040240451,0.898853414715503,0.944182245453285,0.9536430906913866,0.996367153162383,0.8604306620438529,0.0,0.8978220841698483,0.7783887795751341,0.836303144061427,1.0,0.806095933800683,0.5973152521598584,0.8105207664874716,0.881847694521963,0.9194056198202989,0.9967223951521208,0.7425268399823967,0.9384456983952524,0.8679213171386365,0.8957414325765566,0.7453274086126633,0.9368660313702326,0.8147843963316884,0.9659856175238797,0.0,V806,1
0.0,0.7481717169669306,0.6045390625108276,0.1501955677602944,0.28701839235944515,0.6503920342418819,0.0,0.4014770216831378,0.5329838817872723,0.7200673977918961,0.0,0.5887471662188655,0.8702280787216068,0.5903223214196092,0.5921767895251211,0.4486303330124706,0.2219690176535769,0.2740826998571495,0.4267728615955768,0.47308056531042997,0.6542103683094536,0.8212800460066605,0.7311188084750668,0.8971707680585963,0.9052982489515364,0.8628849485369036,0.22629693780343763,0.952282888110195,0.7893374331899176,0.7404503192167669,0.8521684429712223,0.886834224854832,0.5080138580910365,0.9875808375763251,0.9120988085509911,0.0,0.48364982361459496,0.8180818574906648,0.8900667577957311,0.16438335549007554,0.5230662259851835,0.8891851371313353,0.9035930305621803,0.9320231302391697,0.0,0.46375481707419475,0.8168174915177303,0.0,0.8181010728314589,0.9838086901218774,0.9126237930475991,0.8886286778743794,0.9011182316889244,0.876201796679637,0.9062006162410098,0.8700432706972434,0.8910012046055752,0.6392633992833892,0.9530840956378661,0.8557773966463406,1.0,0.7136173518619143,0.8421296119099625,0.9764541157534647,0.9742040856374341,0.8124545671508429,0.9302802454007355,0.9521832667989019,0.9226480723438449,0.7059262140038609,0.7978500096317315,0.4194297262788318,0.782070122386644,0.8218713817269674,0.8069527108068874,0.9262857271740186,0.9633210325202051,0.7534061159062587,0.39419031653343506,0.9659391206989921,0.9999999999999999,0.6816542590754571,0.9146037747665361,0.8882915307412992,0.847539629420175,0.8103665205181337,0.8419974617192195,1.0,0.872469577760338,0.9465133584147762,0.8730288204064983,0.8011117038712309,0.7973718042401736,0.8979986749118298,0.9299259975100729,1.0,0.9875733332947346,1.0,0.9383516796767639,0.9890362533559073,0.951575291483397,0.8850738295689562,0.8491987144239741,0.7520309515714952,0.8710697846971615,0.8688326634909214,0.8395101400706617,0.8842374004897744,0.7661274077904998,0.887025774019276,0.9471360576037382,0.8590191532659143,0.8865830687025038,0.8720986854305764,0.9957120462629909,0.9646416055734676,0.9470847163303513,0.8254132288794642,0.36238210129187953,0.9595683388386548,0.930106802460431,0.945534477119852,0.8333591740501127,0.9999999999999999,0.8705507146956908,0.9226243960941904,0.8367750615747622,0.7810242106245784,0.6484572759934747,0.9790776087930326,0.9457395348462028,0.9158146898480498,0.8020637426059593,0.8139354031830927,0.9301789618738507,0.9289005126683225,0.856037435696531,0.9758520556227528,0.9221021957317537,0.8139354031830927,0.8179650165829178,0.9057247680605771,0.8911598349618658,0.9646416055734676,0.8155502319037898,0.7984315005898417,0.9337346312625912,0.8774962850182527,0.9332232983758737,0.8969498127751034,0.8766356493767208,0.6623480286880383,0.8829083609766945,0.9528217449872096,0.8413722385435152,0.0,0.97167470936775,0.7754441590487331,0.5853126274580602,0.798532121265297,0.8083542666185978,0.869234435235384,0.2683169217654182,0.8481819746232088,0.9586899292113694,0.9055919113961586,0.9150432868592624,0.8657601811757616,0.8628849485369036,0.9120988085509911,0.8818184775522376,0.7973958268871035,0.586623142709084,0.8365391586878219,0.8103665205181337,0.9724053950849714,0.9991991071619092,0.8685915838337909,0.8790912760444337,0.8871936849824227,0.9944852313425614,0.9095426579494396,0.8168356606872449,0.8594186744018889,0.7331003551413245,0.0,0.5141974251440864,0.8677098707227291,0.8096399434704835,0.904613448404101,0.9504440279012409,0.8552360300204681,0.9034881087272592,0.9063437187294745,0.8168097920671583,0.8318924259983218,0.8498255218910326,0.8946179469504427,0.910831805063193,0.8906981133750794,V888,1
