ENSG00000123892,ENSG00000111077,ENSG00000115738,ENSG00000185532,ENSG00000065534,ENSG00000111879,ENSG00000175505,ENSG00000214435,ENSG00000196368,ENSG00000162738,ENSG00000234616,ENSG00000178773,ENSG00000158457,ENSG00000077935,ENSG00000244165,ENSG00000184860,ENSG00000147231,ENSG00000023445,ENSG00000105855,ENSG00000180336,ENSG00000102038,ENSG00000130821,ENSG00000115109,ENSG00000120318,ENSG00000150779,ENSG00000119138,ENSG00000253250,ENSG00000174586,ENSG00000165521,ENSG00000179399,ENSG00000107863,ENSG00000154721,ENSG00000153246,ENSG00000065802,ENSG00000187627,ENSG00000137941,ENSG00000180543,ENSG00000198440,ENSG00000116117,ENSG00000153253,ENSG00000272602,ENSG00000283761,ENSG00000005187,ENSG00000254004,ENSG00000184730,ENSG00000163689,ENSG00000167701,ENSG00000147100,ENSG00000020577,ENSG00000184986,ENSG00000152952,ENSG00000274600,ENSG00000156265,ENSG00000170153,ENSG00000198947,ENSG00000122870,ENSG00000126878,ENSG00000165626,ENSG00000130508,ENSG00000172780,ENSG00000081377,ENSG00000170962,ENSG00000089558,ENSG00000179776,ENSG00000110697,ENSG00000166689,ENSG00000074657,ENSG00000170293,ENSG00000177374,ENSG00000006042,ENSG00000122824,ENSG00000008441,ENSG00000154380,ENSG00000120949,ENSG00000107438,ENSG00000109762,ENSG00000151338,ENSG00000159176,ENSG00000164181,ENSG00000148498,ENSG00000117519,ENSG00000273604,ENSG00000165323,ENSG00000167034,ENSG00000196104,ENSG00000048052,ENSG00000151150,ENSG00000205560,ENSG00000130158,ENSG00000259399,ENSG00000107186,ENSG00000205038,ENSG00000138696,ENSG00000151693,ENSG00000080493,ENSG00000000938,ENSG00000172379,ENSG00000162669,ENSG00000133424,ENSG00000197121,ENSG00000180354,ENSG00000102024,ENSG00000234465,ENSG00000151090,ENSG00000196074,ENSG00000204682,ENSG00000149218,ENSG00000072133,ENSG00000273173,ENSG00000172995,ENSG00000166016,ENSG00000177181,ENSG00000135070,ENSG00000244274,ENSG00000124575,ENSG00000114790,ENSG00000117394,ENSG00000164342,ENSG00000153898,ENSG00000151914,ENSG00000168477,ENSG00000173040,ENSG00000087303,ENSG00000154330,ENSG00000171812,ENSG00000144677,ENSG00000203883,ENSG00000254413,ENSG00000126759,ENSG00000169855,ENSG00000166676,ENSG00000068137,ENSG00000101311,ENSG00000130772,ENSG00000087085,ENSG00000163794,ENSG00000213214,ENSG00000176697,ENSG00000144407,ENSG00000137460,ENSG00000136542,ENSG00000141198,ENSG00000166402,ENSG00000127249,ENSG00000049192,ENSG00000183486,ENSG00000104154,ENSG00000166128,ENSG00000028137,ENSG00000134243,ENSG00000203618,ENSG00000118503,ENSG00000120756,ENSG00000141526,ENSG00000112796,ENSG00000154153,ENSG00000102349,ENSG00000198478,ENSG00000106366,ENSG00000050327,ENSG00000108861,ENSG00000158966,ENSG00000158163,ENSG00000187017,ENSG00000143369,ENSG00000274180,ENSG00000137502,ENSG00000139971,ENSG00000174233,ENSG00000178460,ENSG00000116254,ENSG00000130224,ENSG00000010327,ENSG00000165995,ENSG00000214595,ENSG00000136237,ENSG00000184304,ENSG00000185885,ENSG00000163430,ENSG00000113361,ENSG00000138378,ENSG00000130881,ENSG00000168350,ENSG00000135185,ENSG00000142949,ENSG00000186469,ENSG00000187391,ENSG00000134873,ENSG00000167680,ENSG00000169047,ENSG00000177144,ENSG00000127325,ENSG00000020181,ENSG00000005108,ENSG00000163521,ENSG00000187134,ENSG00000173258,ENSG00000156298,ENSG00000152104,ENSG00000186310,sample_ids,class
0.18116689027864852,0.3114959929540895,0.4086070883074677,0.18137913223446311,0.3894367132303185,0.0,1.0,0.41515356544845283,0.16694372301464538,0.27952086198611925,0.5040183426120184,0.9999999999999999,0.20135078069955403,1.0,0.9717938660654841,0.34649614970372533,0.19017385450524676,0.18620234405875102,0.026775726322214144,0.7628800132800692,0.5957115794610612,0.3153390374227256,0.17650246165200567,0.9999999999999998,0.6672548162847649,0.284982565654629,0.4432304322444802,0.8967403125903052,0.06465644439680918,0.042532249481969514,0.6595564366089715,0.2018327704845938,0.16557645780244523,0.8159521318114495,0.0,0.0,0.4871257439860158,0.5124405699985284,0.5452383293270778,0.25531247826722786,0.7956472121791696,0.5915280400779048,0.12247943415355733,0.2478243077326583,0.850217539955751,0.11824059998848352,0.5694134171883394,0.0,0.0,0.35349690119805804,0.0,0.8371260839973543,0.953885197303689,0.26013117391491347,0.15603134206036756,0.0,0.423528220663397,0.2875348468305858,0.9019715118536944,0.9402610484399803,0.010417582397866054,0.2630692547329623,0.8886114919498017,0.827890753112635,0.46238295465225576,0.0,0.1488702599133226,0.2295727241963531,0.9420246425805667,0.44220279026742687,0.3351281650711192,0.8543469579816589,0.0,0.5240427591716386,0.674765999271081,0.0,0.34228384181902827,0.0,0.7155812727780049,0.2687706923033855,0.0,0.4894324972575388,0.0,0.10664106340030427,0.0,0.805684965745378,0.18923673832187854,0.9692885296363023,1.0,0.5492320486670659,0.1805561857956875,0.18992490880602894,0.7015181369143788,0.44605411897444347,0.0,0.6561273682519229,0.0,0.0,0.6641214108079945,0.0,0.5607216769835666,0.3215295373436093,0.7100792294507636,0.028931468829395013,1.0,0.35848696138726566,0.18440871204604514,0.26087158216261325,0.6401206081807388,0.0,0.9545394643419509,0.11620938595736907,0.19022244492397,0.4490630959464754,0.2536169382606639,0.2987043079858902,0.43040101598344727,0.21776382843098263,0.36083891841875515,0.0,0.8475694881250212,0.6570867237306268,0.36947182045680615,0.22200474293029726,0.9859265241001357,0.35742222241737687,0.9696818602245544,0.9999999999999998,1.0,0.20793795546937685,0.5685014639269035,0.8120260099851342,0.0,0.23369075817518548,0.6475669552478895,0.9223423425159087,0.3303692073108946,0.13359122908946824,0.9708394840757177,0.5886188771209174,0.29557128436760594,0.0,0.15490768092343035,0.515903478164728,0.38605637142850874,0.8139292059477845,0.0,0.8388094878699321,0.6258868568175879,0.11666723658926859,0.4947604568310988,0.30742006929316124,0.0,0.5725085759320936,0.1421762630713124,0.0,0.42172937392369425,0.27498107469120503,0.5462921824736876,0.3735385602721113,0.3521482346719873,0.0,0.8183268120841517,0.6382093903991972,1.0,0.7633185400856046,0.37022506676970013,0.40551513168687725,0.762562867676277,0.7372612851820424,0.8948614018837432,0.17081157871181885,0.5762957209041475,0.8162413550353543,0.1955328212603311,0.1276489012264742,0.20412114797662576,0.3336561314291677,0.28404528010387364,0.20454490783985146,0.17961542040267087,0.4191750206074305,0.8062849744706153,0.4482953963295664,0.1577424703765098,0.29328372102349975,0.0,0.25430319500665555,0.6501914084644701,0.3456209953414571,0.324327948971737,0.30529867026254764,1.0,0.0,0.8573742366784827,0.8788300674593055,0.20586706252791687,0.43299966926544453,0.032162971170273225,0.12572685248835858,V108,1
0.5551693051092068,0.428535258403816,0.4428739924097339,0.38494578729771833,0.8165704480832019,0.4416908897572667,0.5758933850150633,0.7661323676593768,0.5497854632323094,0.7245127254210894,0.3825227069660564,0.8064320153193733,0.1212641764414073,0.5220330366652282,0.700721028502121,0.633789653065147,0.82648955652701,0.2815586009775497,0.4340669751859241,0.9999999999999999,0.8085900111527349,0.40563164672776275,0.6735886525137558,0.6271901002602014,0.5551552426352471,0.5300769557710225,0.908336839849048,0.9999999999999999,0.5957933779092616,0.5393715912190851,0.6071150529157539,0.6574848182801747,0.5964699658140564,1.0,0.34276910759207757,0.7409686781933111,0.8116105967977137,0.3587607306810938,0.6852730035724741,0.6040919320010756,0.8714456572844418,0.4544818141299696,0.6461405266309814,0.03911402873349079,0.5195034468876574,0.5286571335418193,0.9079231582029847,0.6350825205804754,0.4916290856444461,0.5137716523634394,0.6143793690630739,0.9059343212857777,0.4298528796051981,0.5059615036580406,0.4877287783584113,0.408434362991514,0.40371672095052435,0.7995545213882824,0.6169026440268901,0.4018972955865199,0.7765340254778479,0.3772601811006704,0.5795471386107759,0.6235970518776214,0.666184269680957,0.5678370744231555,0.6275452788150284,0.6999162152169484,0.3258155354337194,0.7744646772636146,0.5888873447895776,0.5513794694493375,0.6125622177568852,0.8579433944960193,0.6919163327664231,0.8033426057532872,0.4939682281740946,0.3294050069387331,0.27977691485708345,0.5390655606776285,0.7689403291874652,0.9006421850940214,0.5977675817580159,0.42765909892216486,0.568085943606401,0.6408856629007385,0.572253276928167,0.6156399810769344,0.4974662885148573,0.4159786556075896,0.7193079130522755,0.7422853586437795,0.47149913745733363,0.8411674101382877,0.5662468716361198,0.7155843935420039,0.4863274420323819,0.8667210579487415,0.44252037821328777,0.29229833088773305,0.27074752704659266,0.7556322795682986,0.8696513473874514,0.7479500989474376,0.7086432265050412,0.5610191691632362,0.5573066960915085,0.5703735845474869,0.3797652692597223,0.81659809283137,1.0,0.5565766317023159,0.15857957064528883,0.5660937159121304,0.6585371166175835,0.684273912778959,0.4673287672012081,0.4450812480609647,0.9441582318190057,0.769988929835142,0.5306328930554459,0.714498137056435,0.19911297653833582,0.6999442748414736,0.8654404189301511,0.5610239227094922,0.47687720155966973,0.6723967488847056,0.24324497204943984,0.6161710894948399,0.629106408895596,0.4970368067843651,0.7135739573988592,0.24299311921770195,0.6476048552444059,0.45115352844057766,0.4569729059096356,0.6062344665105996,0.411047794550525,0.3806096784742746,0.9723915039578847,0.76299030098005,0.448762669984789,0.1922543230350816,0.4041864435152768,0.4783673866858922,0.751743523759381,0.7011123336679115,0.4150797256047358,0.7925600383447721,0.8011854171489579,0.1762092292353803,0.755131809736053,0.34846070575868815,0.715859653306923,0.6342550209510971,0.369763755391306,0.6412250724981708,0.5183956033742737,0.5145112563925078,0.11492766285000044,0.6236882693861081,0.768728919793063,0.7593016007073193,0.34132501538546633,0.3623412679017619,0.43193640825976687,0.5223081695030253,0.7293417596077476,0.43551392111306586,0.9999999999999999,0.5557839998227794,0.39951907585068813,0.6999542677272874,0.6212785425546461,0.7064845596828627,0.578184478954252,0.37242078366059217,0.684136003627184,0.6384868471272689,0.6462001612411775,1.0,0.7068177864501972,0.5841979908157753,0.7695626262542165,0.29603945209531046,0.5487362069355379,1.0000000000000002,0.6939127599760717,0.4699437472988309,0.5598727039175309,0.46891401154657686,0.3131792673834204,0.5272810332942746,0.6618447954313313,1.0,0.5800939870165832,0.3053284910276788,0.25248900094670473,0.669123018848665,V125,1
0.0,0.6517416574684927,0.42430788137526854,0.5421520400256721,0.48569346346680353,0.3158010251235939,0.5145858221992557,0.18287956997679278,0.3942045307643545,0.0,0.09779204061591473,0.21148618877102587,0.5765226873487745,0.5619168355589848,1.0,0.0,0.4777443575587242,0.6089340455892791,0.4738085683058686,0.7870545967872572,0.5386375813466213,0.8699737188831085,0.7466785363721686,0.716662985258939,0.21448144096741406,0.08168724192707688,0.4009599404355623,0.7187645204882317,0.3224755622020493,0.6215981245150918,0.0,0.05983858118423402,0.29118281967261284,0.7380296327693632,0.31236009710021906,0.4674381359721102,0.5932565805993256,0.4131597113661676,0.5273154890325545,0.15173981915051954,0.8238755189872041,0.3611266834746003,0.8085825249610457,0.2722268946598112,0.6998048099168757,0.290958176061813,0.809866462377097,0.2595860775189207,0.30194586420920366,0.7923705523122732,0.5731224879292844,1.0,0.7660893226565499,0.6866473153038671,0.38744107282310397,0.5030139990760824,0.5088771727690156,0.248617217518244,0.20851081326542475,0.0,0.7075884941270258,0.7379392851366058,0.6444355282538445,0.707871517835566,0.5554718540224899,0.4453688574853477,0.5107720077932599,0.09900067860846662,0.7933909527701795,0.5732389130402451,0.613348087985306,0.9342078985334243,0.23495352526169944,0.46629453468926996,0.5629561445624598,0.6721988344057611,0.6155791674143006,0.1999243995111626,0.2880206445477729,0.3504639512127637,0.4698105531098484,1.0000000000000002,0.37732452022612545,0.7076648603197733,0.6516576419934981,0.1554072400154367,0.3346886886212414,0.9999999999999998,0.640663863657505,0.6027907598094973,0.7809582544828112,0.2731056241256947,0.33780760921761777,0.6088615832765533,0.6809328580679472,0.43528682313459055,0.3807136663849303,0.7278158086653743,0.6370387952742027,0.2668996761273802,0.5343114579142232,0.7963001902668765,0.6855784976245802,0.8625863685603347,0.8076014952952676,0.0,0.4168194820339841,0.6267570062815102,0.7373107233318043,0.31737523131219764,0.8786716418959206,0.320829356096767,0.31955429206020103,0.60190442345351,0.35144396625574004,0.5286584313042824,0.6504871220335158,0.5415144485363657,0.46514713205553243,0.8918677030454824,0.8692185095821564,0.4885811664797612,0.2926689499392242,0.4304366767885132,0.0,0.5221530230282865,0.869747979357346,0.9438996622870748,0.6616658931030037,0.593517250585393,0.45876728754110363,0.6417211963376727,0.4141384466425837,0.3258865831700941,0.8175852257737695,1.0,0.5629175579307043,0.5969005647040759,0.8714221761700378,0.7357863628293333,0.7218156429967995,0.5296107618130477,0.5050116594064009,0.6690725636846335,0.14462701968037178,0.8375844249508702,0.5863884344865095,0.09375657643195856,0.42225726458747515,0.34889998508875697,0.6531498982434563,0.2468486140646784,0.493418265885054,0.610207014014239,0.9257945277862699,0.31691141189506267,0.6517535429065977,0.5833185237253614,0.403882703645423,0.5956753528319413,0.40321025598744464,0.8311333979839064,0.04864598013040766,0.4530627465248679,0.20816013923792753,0.7756523652855005,0.6075179583971985,0.44899620122549516,0.7760509950255994,0.37641774513863835,0.9469258364590564,0.8334513835013954,0.6818214484778577,0.3177282423793556,0.44610269570410543,0.3183924906647021,0.22538206814584738,0.633040084967113,0.5808595231645457,0.4282052146773677,0.0,0.0,0.9999999999999998,0.4281729308784503,0.6170890991828549,0.1630469632775029,0.6434566669492272,0.37456852943009783,0.7098550073459698,0.336790912238132,0.30366552395561897,0.3174312562729693,0.3667312257706573,0.5311818892635525,0.7086613819596681,0.6266490182866629,0.323275461756684,0.29160174444418097,0.2761610570319936,0.734662630760343,V1321,1
0.09580161517946384,0.06401108800779398,0.6244860576244019,0.5333179437693097,0.3944394244180709,0.12946902947713784,0.7676577454286339,0.5517945694797617,0.0,0.20529756159776558,0.0,0.20121606908928558,0.0,0.6470247955793296,0.5333018920505099,0.5194669674301653,0.0,0.15608862949848423,0.3271467463989268,0.08365276923418175,0.648200646143166,0.8192765055929951,0.4375719950775381,0.9624265909571206,0.5530415209146309,0.3654531170304658,0.4036570658492583,0.8429241099351387,0.1647680141373672,0.0,0.07127509771107388,0.22777323638311642,0.35923584494733285,0.1382484084733564,0.0,0.4848404464935956,0.7067553395967411,0.059298104250053996,0.7458286561481057,0.20801117808347264,0.6878821657984753,0.2536201274440786,0.4271753172092807,0.07052914855263959,0.15284121107493975,0.43541232368645205,0.4349132702065619,0.1730166491953433,0.4123859633367175,0.64625949355056,0.3911436497434879,0.7611926944923216,0.37352141173748027,0.0,0.6263443144113878,0.08330590249410513,0.391908358650189,0.7412732334161588,0.0,0.6643737453804948,0.35182660741376903,0.0,0.4120286600913623,0.6287119032080186,0.40858508381575565,0.14242988324679562,0.467558232037657,0.07608711880836383,0.5717438683857767,0.3357793054312997,0.5000358118517844,0.5953012433869995,0.2982417558067133,0.34558915213458063,0.46975631949273056,0.578042560549766,0.3205172563989648,0.10049456293898995,0.412947244275339,0.41260877377727717,0.6053013060014363,0.5963171178113882,0.0,0.06433437177453466,0.2558848787720276,0.39024924101720315,0.3900120265084467,0.35515737015644944,0.0548923805590531,0.0,0.42691422320045797,0.3677095259895232,0.0,0.6682143402022945,0.1102921525126538,0.6477450137630885,0.4887352167555481,0.4477897582277644,0.366924139245339,0.6905780150848112,0.015530360259374376,0.6246703920401206,0.38820844864965065,0.26604091650249195,0.1880886069493552,0.14171520621475397,0.43406577742213814,0.2470420026083988,0.0,0.19502560119847404,0.7235867937500713,0.4310993668708528,0.0,0.21762291990759253,0.7258006705648499,0.7146886020755299,0.7414930426224595,0.00889406979821672,0.4799677273576723,0.5967969320956744,0.21996842116576187,0.4896469388983981,0.0977588301829383,0.6094025627421901,0.4222918274759756,0.3615510987057744,0.2883238762723854,0.28940381399384285,0.7110763338157162,0.3168409110861969,0.35570818857074615,0.6269684123982604,0.6915811203664322,0.12214306340491787,0.6052983882328132,0.2647623784517992,0.25758089694790853,0.01935784248264466,0.18137154603932892,0.7162510751449298,0.3706702108971309,0.6268538513356778,0.5050089314182656,0.0,0.3252118075260842,0.6213900221815902,0.5570947806508878,0.0,0.5517297566664783,0.3094622675052968,0.3288103341731785,0.008677661552376481,0.37857334041574753,0.5233990094489243,0.41381850129847203,0.6276461755378715,0.039377750924437294,0.38191485512279255,0.2266506691671425,0.37434459751470295,0.07390863478669019,0.3436186028448991,0.3799561049095972,0.7863916746873545,0.06107280431641593,0.29876605304062664,0.3073194764780609,0.4478413018168647,0.0,0.4145872649954101,0.7167648404259453,0.26439224272829004,0.13434344772618445,0.2756935946395117,0.10894932553932102,0.24709526832385287,0.25862720411838586,0.9041703758676067,0.4887020449014863,0.41296984479755805,0.4984185827470994,0.8989629424953223,0.31576715095023444,0.038340232905996086,0.23060953299349485,0.15524916166884184,0.14621719332688,0.9342708516081002,0.5502258450957883,0.0,0.6994330917811853,0.2829274026999127,0.5251038835636765,0.2430311410274023,0.18827433149993433,0.24961599380517474,0.4441447080846598,0.2532864014613875,0.030951007390091267,0.3175154812327997,V1456,1
0.7501824567683466,0.04859467735818224,0.7046178180857209,0.7960153908252465,0.8091428329176245,0.5551896436379391,0.31198159969262174,0.5903229712164958,0.681198048284434,0.7249871736856511,0.8076752015450293,0.18621636063027192,0.44542194489072884,0.37098082565615365,0.2543851786241462,0.5327688351530508,0.8895815151491997,0.5471871670802364,0.6591952055199788,0.4164128781579082,0.6845852103043121,0.3294378525178241,0.5801333005106362,0.3886143089066892,0.547269223353009,0.49870038698468777,0.93548605480816,0.05810005458318681,0.6937876498627943,0.5420996571918877,0.72695495093806,0.36901456631770635,0.5701742383692872,0.2091354206359335,0.842555134268672,0.7826297281158294,0.826740916672727,0.220848540194293,0.6817094730738886,0.6701005310857995,0.7952596005050346,0.9760553707278481,0.9544268669382965,0.17716273417710293,0.417009579049072,0.47395808731813743,0.3159663186218018,0.6297794761978666,0.30056688449390934,0.810264680354361,0.7715013578751275,0.0,0.4171886719652567,0.5100232748794132,0.5048038531975829,0.8515811784302664,0.574593052325177,0.7112978460374648,0.7421249352731938,0.5672532963535841,0.6011613356394825,0.6313355505407365,0.30576586879425516,0.45363538799255415,0.028861841931781207,0.430763785620362,0.6627986695455044,0.43034775229093436,0.013603058445374433,0.5970230110230785,0.6113547296628712,0.32093024747164467,0.28250077641690663,0.26429808443411096,1.0000000000000002,0.6688526056125896,0.48344089674090907,0.33468845549663717,0.8079936272649504,0.6297668588204508,0.5914960091232957,0.4328546202735406,0.7442923862991542,0.5954923000916483,0.6998808267737522,0.5464437469243453,0.19458013190599677,0.2414986315643326,0.256695976439127,0.6307363331518541,0.7061124099879236,0.7510713236843964,0.11057657519367559,0.9999999999999999,0.7567133267878675,0.6345151731172813,0.7321433350970885,0.8917829888650407,0.5196714026444489,0.22449321617336426,0.48441940293472285,0.7748717049754326,0.7631849147560659,0.8638595425688637,0.07895195032595431,0.4393406138380882,0.911532109202787,0.6981251186789657,0.5707687104178961,0.6188331108763679,0.3835782742096583,0.34625163363440525,1.0000000000000009,0.5139689382556296,0.7961112026857697,0.8666831427844539,0.7575891268841977,0.19466008216157293,0.7495704157479116,0.7108746587546414,0.2466268694946473,0.6527053539511354,0.562815862148738,0.5339468126747122,0.6529113284928346,0.3892756448720436,0.3295966697424725,0.5140607349029551,0.24510996311677502,0.8534573938416338,0.49923273848258354,0.415154587912021,1.0,0.07749054786101528,0.5146421218116225,0.11881428093991242,0.5758171286598808,0.7853353193610602,0.479919796883847,0.588698097563494,0.8847041424742893,0.6904721418044277,0.4408526440488425,0.5222959256792266,0.4919052379753958,0.23143501544846057,0.6092200770179356,0.4247201128264846,0.21266032370167132,0.4554929735624299,0.7987874603812206,0.5434002808795857,0.8346507354003084,0.18521147799646087,0.6321532101354195,0.6162982192697792,0.12227232042892755,0.785208707434908,1.0,0.5683077594392398,0.0,0.4600157977032129,0.5396155474455923,0.6398100878283574,0.12008076765335196,0.19433180902915437,0.5927129123676457,0.4103724791171363,0.809289681270879,0.005055421469079224,0.27441048079708696,0.5367812607077025,0.09475875225616015,0.41535650253395306,0.34548970777549837,0.6304412305383392,0.6537179536330797,0.5651552468888021,0.8507108914994341,0.4043218237353542,0.901714269711542,0.36437741990927597,0.5713533820478107,0.34011745368342217,0.5351236921853569,1.0,0.5127250882131673,0.7418386080576693,0.48093164083412887,0.693340958735051,0.9137784813071281,0.31872796397238057,0.3176046765571694,0.7752306606995556,0.6401431148677579,0.0,0.734751879305081,0.2163201941963261,0.5282259684561104,0.7258353762509162,V1505,0
0.8366472314607705,0.00418015334222277,0.6992380670867723,0.7202022768962653,0.9414729707279694,0.5938523888801113,0.31262881904107565,0.9815974914132839,0.8144341522121934,0.6818696504823379,0.9600572406822507,0.19943907927326376,0.39338312145189036,0.37664265723578527,0.3392309523053354,0.704859834890579,0.9898457671394029,0.4387386158601527,0.6519671917175223,0.3732010017146994,1.0,0.10098915163495525,0.8228450278981714,0.456810620861773,1.0,0.6614668424853263,0.9922970620863777,0.24308807908312632,0.6968718176166492,0.6624751613043298,0.5832745284076459,0.7014793314298564,0.818592253122101,0.24538185622085917,0.3513785339444737,0.8712335475360187,0.8878433838536713,0.8211209383486773,0.8243637849664962,1.0,0.9275825888482176,0.612000613758827,1.0,0.2121955181752353,0.337794247388155,0.6230631210896063,0.3625219584398971,0.6809422321121337,0.5527525765238273,0.8021183370589752,0.6874203668766339,0.7984978129026364,0.6903913604550049,0.6513736686373982,0.5735887987337638,0.9477178980739323,0.8357804058379652,0.8010265319767962,0.7810495530622512,0.8546180867430031,0.6047778603952425,0.7574897230475104,0.2189235086780814,0.0,0.16308937396831436,0.4486706649369506,0.7012725952216079,0.478122118064192,0.2527583641381916,0.6965760615977932,0.7183495331295685,0.4220832563280341,0.7288575105735211,0.3141045841422361,0.6313290178446873,0.8784800033373167,0.5861215903990785,0.7652270283423341,0.343111428574296,0.6238001784165506,0.7639904621308975,0.33449196341275944,0.7864533761924547,0.7023501099821392,0.5992970544721771,0.7585275613917826,0.7350620378833495,0.3424363249715887,0.2515028287871235,0.726609306537779,0.7588262362093273,0.5635245190974236,0.6133053489525093,0.8271450274939814,0.9329730488531325,0.6002400355060002,0.6295250506644627,0.9965022991559424,0.6218088052533723,0.8141693696419464,0.5452271037493999,0.8559671499037247,0.8636536691817878,0.7417974113195555,0.4253478571704763,0.45162188476318055,0.3315862518067263,0.7634809424043556,0.35252295850361104,0.8889492503808427,0.6518351255165487,0.5376438228514463,0.6978506141976064,0.6047383979776357,1.0,0.8629907682335971,0.44333262668693285,0.5734914428613644,0.9452640067417465,0.874035956837876,0.43245325762157216,0.6885376396603935,0.7234149433154193,0.4547163482581483,0.8452594423810483,0.4707497529853175,0.0,0.12832032923408088,0.0,0.8565550927909482,0.6071042342157882,0.4209270022664807,0.7408863344123737,0.1551275640421157,0.42625476490242864,0.2194308212730145,0.68260203873827,0.27642124047244304,0.4790805023194712,0.2675082756415166,0.9806759590760168,0.7933919074363442,0.5839987858480304,0.8297930198527441,0.5510103643949078,0.3107863018124615,0.743823215432013,0.8575544941601574,0.26525335688334684,0.7725593895612007,0.3890998477476322,0.2915509175425226,0.9999999999999999,0.22958654651118726,0.6696889027070452,0.8868971379152164,0.5594983775658218,0.5899584526004692,0.30299744778127224,0.6636580534431779,0.8420894060036246,0.7661210013195978,0.6890119960459525,0.5174709108321789,0.0724796792828184,0.21297469493934162,0.4581807648132147,0.659408022603252,0.4001024036942167,0.3781805553672939,0.5820940750120125,0.6834698667496744,0.027265117458499688,0.7194534643338435,0.5313405451600548,0.8435423679295063,0.5261525392996749,0.2055213051891709,0.9104450954183645,0.28121689122689325,0.6475918475718129,0.1749849229379845,0.35229889318344365,1.0,0.6882278517557398,0.5267620199489489,0.5877402000497474,0.9233346405196109,0.20543673606996532,0.4822626049248565,0.7163902141268661,0.7682933378946252,0.2866378011773454,0.8069313340024675,0.6137482725975152,0.8399299892255485,0.6536301050291712,0.24082575163530484,0.44286500575073745,0.7420979346597361,V1776,0
0.0858222413114147,0.4583918907564293,0.6489828622217299,0.0,0.8116779984241567,0.1873731416999635,0.8556265718863133,0.3745215909000812,0.08398720560877299,0.1749894399099946,0.11558411748848352,0.733555130326269,0.5912197307750078,0.7964924850676576,0.8876557443666999,0.3577761831772206,0.07963443046308864,0.38213948690346133,0.0,0.8203150617708975,0.0,0.1011206420712436,0.0,0.5353078675220759,0.49393051299495205,0.0,0.0,0.8781617525047863,0.0,0.350820363915494,0.1863098470478226,0.0442943405137477,0.0,0.869050443948379,0.5640651943805253,0.8559168625486624,0.7094474394469547,0.8506179157465816,0.21166914879429094,0.2547341272532651,0.0,0.34654065783195365,0.0,0.3692707372063124,1.0,0.21002577061852729,0.6258860344384225,0.20747551495181418,0.43656289880276633,0.37681998194467065,0.14013673562013063,0.9232089856903468,0.8251418590466513,0.2701039522208749,0.15984160319206336,0.05931069173742613,0.6964625998000442,0.0,0.6690100623291582,0.24355126842985086,0.15331344053908647,0.5205194805411968,0.8945782233126608,0.3077629038404736,1.0,0.2663298620129467,1.0,0.29232239388278247,0.9999999999999998,0.2852123551863065,0.263276750311267,0.7278891640858145,0.017268449034351208,0.9402337504921365,0.8754547653553904,0.10763298746815418,0.29723793660380027,0.45504383064773934,0.36026997830306273,0.0,0.3588818913217651,0.967109598963767,0.4484775947558939,0.16749462557311273,0.14435167702302856,0.6785478666286495,0.845506831884908,0.7060173035501476,0.7670459103019609,0.6537795781916238,0.0,0.0,0.11313034112796949,0.0,0.5760192375498459,0.6318899282029704,0.18899623998013454,0.624819696651929,0.3005693134416671,0.09711224807816377,1.0,0.1987427417664973,0.7059619715651375,0.191443905094271,0.0,0.2157720613985128,0.47112617112801614,0.0,0.5416575275075969,0.31436617092020763,0.6800978413919903,0.07730772513809214,0.13287284844544,0.3844605866245976,0.6711535475130903,0.0,0.3884847826611493,0.40184079188590127,0.0,0.3232178582641291,0.20497025543553826,0.3450373586089986,0.27785363487115555,0.04653482428239537,0.21375907178280895,0.40859409527784973,0.722972275783078,0.8157594379963116,0.5164799907358826,0.0,0.35337868556549124,0.6240044231170235,0.13671690150912127,0.22628552062556095,0.0,0.7412125098416957,0.5753526549438646,0.17204294536184112,0.6599971871487184,0.2557159212965723,0.0,0.23355155215117523,0.36380500043225683,0.47371279090768503,0.0,0.7063228538356263,0.3719887517770461,0.1840517514961204,1.0,0.2413228253897245,0.03484392796517177,0.23992209992982905,0.007296833063033525,0.8367215348371961,0.1432017062473033,0.5843880657401626,0.3398685367246683,0.0,0.0511266077098147,0.5858220413970927,0.32564074453583336,0.07506554468612037,0.3612669217244212,0.433871043175002,0.42220071189108643,1.0,0.0,0.0,0.733246339952915,0.5524650555156956,0.7970812780482023,0.13932530509179555,0.9702027702598452,0.14020459078348893,0.21331414845427132,0.18210214712208106,0.059699767376953886,0.7824086907263854,0.0,0.02112255412561226,0.6243966618579663,0.9532453374048786,0.5851215065347717,0.6972988919116809,0.2633638035846929,0.309555613103208,0.5797828937361538,0.0,0.3048886270467027,0.20027143173999357,0.7449201675444446,0.3197931051965942,0.32205817185879826,0.01994140869611785,0.36967951054680825,0.65653510842778,0.0,1.0,0.3150281426578541,0.5081372918135745,V1800,1
0.346124877000473,0.37871294335085337,0.5297071036322115,0.6363265473797648,1.0,0.5641119645842496,0.2283995717524968,0.6272008238163044,0.716103862128066,0.6491062589822095,0.12525589870530185,0.0,0.48529204930593073,0.3963258464614995,0.33399647502405827,0.5481464352119441,0.8587357659350855,0.32409074613852806,0.6240821194888937,0.38565744303367766,0.8464723976919455,0.4567906912322257,0.6636079305631823,0.424954454367434,0.9467056177256334,0.5036281816158641,0.9168526540441709,0.8635268933613,0.5983732842168296,0.6092792738867063,0.6886472851633911,0.760992892830999,0.5420967853996956,0.6373548499600927,0.6732792560906065,0.7309767127429694,0.8912945394444155,0.7548568119729995,0.7018467067872948,0.7624124308657387,0.913329796435558,0.38429704054145475,0.6205134635411893,0.1621651586698627,0.04111032402367654,0.529999566656203,0.6004231368729243,0.6659190971820633,0.8201991801682627,0.49239768798827094,0.5329457066930683,0.0,0.6929303951198178,0.5542543402462213,0.560525039761564,0.8138447411314277,0.6478101698074952,0.6988477256996396,0.982783660511722,0.9999999999999998,0.804293823228085,0.5455301769624721,0.39760454877451057,0.4058549371342464,0.2118915696377579,0.48732729423171783,0.6736760774224071,0.9341786205649448,0.632869927451448,0.6153197909045787,0.6549544434452007,0.11944264022968998,0.5444268716007665,0.3193023132688966,0.7693484365081569,0.9413903397416662,0.472209532650152,0.4209208491988683,0.4134574190384539,0.7756783215560874,0.7135107905216322,0.0,0.6334836547617613,0.4760414621787797,0.5095776411712888,0.5395575026099728,0.6622549624202136,0.3225534347704333,0.32541797859488586,0.5772717355758912,0.7307622972333704,1.0,0.3659973178860705,0.8953778033268033,0.7042162070435829,0.40388269931217824,0.38423447007437117,0.7752164306250153,0.5641800539042545,0.680773742872168,0.3362633529681731,0.7742672822297683,0.8855870070317424,0.618560093017478,0.25498889461000573,0.558692322414019,0.5526740299088595,0.6215091139313027,0.5710846511974942,1.0,0.5996600816480759,0.48106736114127535,0.3951849962252325,0.5789650833924309,0.7699343914707955,0.6409562831819489,0.26846608475453415,0.3550499026549607,0.8919734353558851,0.8333130665855245,0.23401951356856132,0.6602582341582479,1.0,0.6925115377098514,0.6475984058354952,0.47280066100451834,0.23670364548984468,0.6805351896575278,0.5969609958323034,0.7265320472511176,0.4704831363450521,0.6426087105841628,0.6112079157063824,0.39821969493310694,0.4952060770156058,0.33769997430020404,0.4064640384951431,0.8917401772776936,0.3206264991209551,0.5710783735718267,0.6600167747778938,0.6327640926983604,0.4169392293292763,0.8435033545610446,0.5277709316158061,0.0,0.7834312955862267,0.7182374635367339,0.43391126407643776,0.7450839238043762,0.8668970106057938,0.281260284635253,0.6599196428103015,0.2964875205758437,0.6513772408450006,0.8455935080972206,0.7325455040007356,0.6487043098773243,0.80653308032388,0.46948470798312225,0.7324165676471504,0.5945931477060515,0.7380694124817945,0.5536672591229769,0.35084477332431474,0.2315365139911556,0.620305245318067,0.5179788957684315,0.8619320378636672,0.04709049153252698,0.5898065778788203,0.5849270687447926,0.05720417889213758,0.6775058319296766,0.43351408916666045,0.7169529841495191,0.5215994724626521,0.10445114156709323,0.7965265619492068,0.8630509269016895,0.5604817768348161,0.5585873715123424,0.21476939887461932,0.9456511123865643,0.6872711348472703,0.542119137659866,0.6015831771327285,0.8234668204205494,0.5411240638651384,0.5848794911037373,0.0,0.8069371797494377,0.2398515432066839,0.6509583165289803,0.47731618724902036,0.6555906012153117,0.5356437421111953,0.1917595176713237,0.2965934213494839,0.6517388571310043,V1860,0
0.7841572018195595,0.010046493598995232,0.7108562828870418,1.0,0.4074022604847116,0.6639667660245385,0.0005994254577520453,0.7291836747063571,0.8218998398465134,0.6395509728845471,0.9352481551428709,0.21753109182341845,1.0000000000000004,0.2670074238992005,0.0,0.7851714767057165,0.9606522832956591,0.6874892780416129,0.8724152667251346,0.35058778219360287,0.9224627927722088,0.0,0.7035200120491667,0.5747735827225564,0.576063025535082,1.0000000000000002,0.8744403250018166,0.0,0.6401348488770792,0.8729737164613067,0.3910506654568291,0.7907338144777976,0.7823313402569105,0.5815361136516386,0.9189586938543256,0.7896203684328078,0.8987829959919148,0.8342608820493329,0.8385713858557045,0.45822242479752645,0.8806940433234177,0.9950773312616819,0.7672412991958515,0.45393405565952905,0.18257876304434228,0.5490465836570333,0.0,0.8036484593096878,0.530007939755581,0.5537435718693133,0.8777789832589671,0.0,0.7971310783468424,0.7469986387147233,0.7403110199948053,0.903459879098885,0.3757091125085419,0.8554073457591591,0.7527934386804775,0.5187516882826462,0.6719925336094321,0.8087465293216378,0.08240352443806687,0.555765787177081,0.6106363925030296,0.5912570706512942,0.6200146403908238,0.5578104346176124,0.0,0.7439160074350044,0.8310583875708137,0.12206904614945913,0.6535337849384872,0.1251380076108266,0.7009671700779749,0.46847276102392116,0.6308357043065428,0.50912742931596,0.3480943620359085,0.8518861946108882,0.8837251517225762,0.23457419482981767,0.21267080732724322,0.7610970027318962,0.7930847843277216,1.0000000000000002,0.6279224995012677,0.23236782083160623,0.19012633208437757,0.7139862263196444,0.8226329953728522,0.5811144470689458,1.0,0.8424547380522031,0.9999999999999999,0.33090751187969625,0.7356637059284539,0.8433179081688046,0.755939452899755,0.7329493843053824,0.6692765396954798,0.8953873570091726,0.9375189577092214,0.7948192646259168,0.10501712825438125,0.6166619931054456,0.33581376415007247,0.7432159990620969,0.701995330607646,0.05561647897983729,0.6979301593462905,0.6134347083537822,0.4651163585163083,0.7679200304057074,0.6386420366112198,0.8519850858041265,0.3462920587832641,0.7490751743179205,0.8543109363802655,0.8997106544668457,0.41578533875961876,0.7495204337372312,0.441810738273104,0.9021861465210528,0.7104054379233743,0.43213762552720136,0.10106160661480368,0.0,0.3656950804167214,0.8276512123156972,0.9675741243994089,0.5878003568701501,0.6465877357437838,0.2647634853412142,0.18039234332647125,0.0,0.6856391228128134,0.5469012173012857,0.381598705814295,0.0,0.7556428935807263,0.8205032102226466,0.7130555166969634,0.36633874254847576,0.7609697182620763,0.5060097474703533,0.7213610311559808,0.8400220642593685,0.1708574580105533,0.8811665550794939,0.6824834239829127,0.9999999999999998,0.5388908196138237,0.34447896005032463,0.9283626670054215,0.7435466376199422,1.0,0.6467140798976628,0.48961374623805576,0.7051009839614782,0.27087794038358926,0.8066080152462012,0.7375177182810445,0.0,0.0,0.39874333597693035,0.4641591339718577,0.6922907218236838,0.8951149398600551,0.07971919753829626,0.5263764731079879,0.7196950776366956,0.0,0.7558911853844114,0.5533659682198884,0.4258145003452586,0.7840482397634071,0.0,0.8653677619156188,0.9375012853421676,0.9456154548984502,0.1306438750932868,0.14955072528372315,0.7381226475346461,0.8390284056260081,0.32111687480561746,0.8284090122801475,0.9364290725856479,0.5440952724013287,0.6143965062976433,0.3986808039505547,0.4930279364339064,0.32871692254417106,0.9911786122731869,0.7450296189427457,0.4012784420070099,0.6958756768830997,0.2971199680311837,0.6105379617919668,0.9192541149145639,V1874,0
0.8662686781858666,0.6921598077144584,0.6951642631226916,0.8503728316604222,0.6866416355463267,0.7461238892342257,0.8744476797714323,1.0000000000000002,0.672877820246842,0.7720992549610587,0.9248018098720518,0.467589984495835,0.6650162408885167,0.5181526931836421,0.2586946429598731,0.8717369410711506,0.7161664434812396,0.5804040694929038,0.8288862816427858,0.8482400144812082,0.8701713384682284,0.7392076844233144,1.0,0.9442343509475652,0.7246278438163305,0.8131294336488792,0.9003408668172312,0.0,0.5723350241568365,0.8948438190258197,0.43327681982137367,0.7116875187094351,0.8314082701921484,0.29596682897721527,0.6593931543749149,0.9119155037221082,0.7966340732258327,0.9057995972384123,0.8244415040723498,0.7579311874175299,0.8659347307540307,0.4606249565152769,0.802307212098536,0.6497220950982745,0.48758012151377095,0.9999999999999998,0.9204056737890063,0.6229052053266971,1.0,0.8489747875739004,0.7098675528227745,0.8353449976954066,0.7266142542379126,0.7549802564053157,1.0,0.7628752314484673,0.5124613801753932,0.9509824077368791,0.6712051548712121,0.8567324526840048,0.905146987709428,0.6236431381217997,0.8629236246969193,0.820211816264043,0.25711824850945675,0.8798585671861424,0.8585784951418343,0.6982846339287901,0.6861419452867985,0.7880703575066179,0.6723773496873742,0.21485317322302855,1.0,0.6555894663503574,0.7516341336420653,0.9321278002408918,0.8167025709677432,0.5664916369800119,0.38199454869837624,0.6988282095312137,0.832177829794345,0.803263652269445,1.0,0.8591057478067856,0.7756624854658279,0.5763112823689756,0.8973611370286142,0.30146615176045244,0.5436688629743711,0.9804454509433675,0.7442304742447575,0.7572860414405611,0.6797070655565478,0.808712248695041,0.8364004296500039,0.6185212327124121,0.7803042964207979,0.8474431825753044,1.0,0.6494695262627334,0.6515461693643934,0.6926511388036729,0.9999999999999999,0.9999999999999999,0.27880752320598245,0.7037897453333501,0.47993775321587817,0.8150027990963423,0.3903492402647729,0.6296596952406059,0.8753076541130453,1.0,0.4109021729594522,0.8074051342542905,0.9080023728011231,0.857405532962523,0.7686268548314468,0.7407473919769347,1.0,0.736763320922036,0.4620357422828275,0.8256471743760414,0.6554707075002046,0.8933544630119603,0.9999999999999999,0.6022372250288262,1.0,0.0835776275510467,0.506703791830502,0.7093632075012809,0.881831720518033,0.9421796875382003,0.7733656391759566,0.7694050323632728,0.9411890675590262,0.18331616148620555,0.6564907810572925,1.0,0.4810919487724086,0.8095119124500292,0.9999999999999999,0.8879807397864172,0.6614958370223178,1.0,1.0,0.6570549203537093,0.9999999999999999,0.6581169421136737,0.20409669845970946,0.8939167703977237,0.6897868183214955,0.6642500845729085,0.7090601256964194,0.6997705516166253,0.8225189339950069,0.5404956011999922,0.886822606992612,0.5549286592391692,0.6997477526630173,0.8227682462498745,0.7252629075477324,0.7622491104452449,0.7585025030384297,0.8836644524090803,0.48288943803451057,0.43431338435990785,0.9999999999999999,1.0,0.6278583227013619,0.7685257470726243,0.9460515054615758,0.7167443135436384,0.09853989845977962,0.8276779536962963,1.0,0.7235597444615064,0.8730422955581469,0.6145864284279283,0.7735180098395056,1.0,0.9145155855242589,0.7323724760834533,0.8241172349543044,0.35134878948820747,0.9950541890191623,0.6006920837091976,0.982479441821078,0.9039438308204109,0.8549513744593324,0.8330662810395912,0.2559884260891545,1.0,0.37128045559451495,0.7773322678035444,0.7154728046118861,0.7846169696866832,0.8720080256454806,0.2596299063415004,0.6268908636511312,0.6132455162157648,V2133,0
0.6566664853020583,0.16607403025813072,0.5275277636480439,0.7492630912013175,0.947887932524843,0.45842473356061403,0.14693424251373888,0.7584683921321342,0.6708280041156509,0.7124364042542314,1.0000000000000002,0.16455686495520283,0.6996226622635313,0.0,0.7025632916988,0.5991602839243351,0.797680633665661,0.42496781246577986,0.6402330096664952,0.22231952818158296,0.7753761747265266,0.37451987481628524,0.7166041583963625,0.4605189891740094,0.597953931893235,0.5557032128713901,0.8845768107653922,0.730624878721619,0.7726475326453087,0.5432397766949065,0.8339423569138784,0.5316206659008236,0.4753850072620715,0.029703334095399603,0.5214455323850794,0.7176078577946218,0.7239444231559923,0.8321980088422769,0.7079565087533963,0.8760144195736888,0.8749441753977504,0.7823090532671602,0.5884123774832437,0.8285716057452766,0.29105063888056737,0.40496625737241504,0.6681484573242429,0.6423400364981684,0.7395796157752252,0.6776056439468496,0.6212956544281907,0.0,0.9322814130287342,0.4580646228615469,0.6138815401233546,0.7283776673535358,0.6697372047458534,0.7296137624532345,0.9039108576103108,0.34080608803129553,0.8633298960243605,0.29707008945864777,0.5397315535658348,0.46930293509512117,0.4359830179047002,0.5772736063928735,0.5868288322220552,0.5308573665085158,0.10403221892086523,0.7388853533692323,0.6504960516431902,0.1327132224037415,0.6171067940509409,0.28280656609198584,0.8748202027829246,0.7953617992432377,0.4919685132232371,0.24051691608024228,0.6674963026747505,0.8231933878193562,0.6971713590226105,0.22373059089557068,0.6921066759237339,0.5960668733573427,0.5815901193838239,0.6294422399343846,0.620144619932216,0.2144391566360333,0.34518858328459134,0.6246161745444578,0.7316329854043226,0.8639324645483639,0.22331048432383904,0.9922546332003094,0.8631968085555444,0.8538818322117823,0.6032932082952087,0.876452739251922,0.6059471961639513,0.6893439160213247,0.43872384284859756,0.708561224859988,0.8163213914528954,0.571094508861684,0.07951795503656067,0.4477594851730502,0.7918867502573965,0.6540189920967232,0.46470574294669287,0.8971762694631029,0.5567191348940652,0.48047758305924815,0.03750683980037195,0.5790998467079753,0.8224740058638083,0.7598909598644916,0.34355210032991845,0.33488945285734917,0.861170843044116,0.7774203963762539,0.40411308095789467,0.6879781797743632,0.8265541225666206,0.6415074816933408,0.6368315236179539,0.5625572744631409,0.253191539994405,0.009889977990784837,0.647482711123399,0.6367382132068814,0.4792055686899619,0.6417269072112443,0.9331621363717943,0.6765008311317677,0.5075779878370161,0.33338955887087063,0.31584208432314853,0.7510103292434185,0.4095175525282947,0.3585672395879903,0.7836760865252406,0.6866114954850961,0.6868269598468169,0.887201955986173,0.39006580622277803,0.3481446236888268,0.7502165183074977,0.060307849103321765,0.5876328360184635,0.8923381076403957,1.0,0.22316890725519856,0.6486361037014406,0.34197924903939203,0.7050056168435567,0.732090921684708,0.6138087091134441,0.800528669897112,0.8344834165951677,0.4030710215073622,0.688574022857841,0.5083960597953459,0.7753054076176423,0.7837211539559157,0.26003365804205303,0.2699057085886145,0.8311069887469761,0.5044069559797438,0.8281161198328428,0.0,0.5210890049227146,0.5141712519603494,0.34355081707711754,0.6326873324079522,0.383694172632399,0.6353068440068202,0.7367299622920395,0.09406250423265483,0.8596564927987942,0.9385941075997417,0.2779130489577821,0.6785657663967792,0.0,0.624981980891461,0.7151701916647982,0.5387555993959479,0.445348651831992,0.9382805244551709,0.5469740466046686,0.713359933464097,0.11081979235248252,0.5010236523197936,0.29534812249341325,0.5831770265426242,0.429507907206653,0.6597425508452157,0.41843880933961086,0.12759158324830222,0.2694964187860703,0.49887001997324454,V2241,0
0.41603511936969095,0.9059541559540059,0.7358471379637025,0.491925623750438,0.6570454543735922,0.35410837837358294,0.2853903368698766,0.2429393765752763,0.44836519760912835,0.38189690564793166,0.1204161838296256,0.5497552000116211,0.2236401655166098,0.5173213033152533,0.7860350411564712,0.5408909688341585,0.6786203901010597,0.32902683552474077,0.2352954375993448,0.7619806272814945,0.683993649523056,1.0,0.42096608435421246,0.9928699290630172,0.468344936127739,0.3664833696617995,0.8663836950282665,0.8462304634278793,0.4786507259300522,0.44597220762877043,0.559039000693323,0.05483105283824907,0.47750848012670194,0.7071176042728329,0.0,0.6712999746909715,0.6156216676149356,0.0,0.6056941205397169,0.26014042821593003,0.8634158210099345,0.35069938957050173,0.5882058264064347,0.02475902239265082,0.4391509370161297,0.0,1.0,0.33972027658037995,0.5870410965903934,0.08648198860195752,0.6180341336924235,0.7866702563108763,0.5198545945710695,0.32730529358587,0.6308318833002526,0.7037214387333061,0.5189663761091687,0.5674570781741204,0.5722928199705268,0.3164913638064253,0.7471776358487077,0.18699668271662295,0.5379792577615609,1.0,0.3442041392615307,0.48508291768595957,0.5611599070912834,0.14327632627605313,0.8154737521243935,0.26597310965799575,0.5513006473531963,0.5377581654960877,0.3507525148621752,0.5450475242836486,0.7114181869058254,0.7801476194934531,0.38105258507441564,0.2596551858871261,0.5639737645161906,0.7141288935880079,0.7688221391454895,0.8469404060278354,0.37818658176047526,0.4343800191329164,0.4567599152643298,0.2849129406548707,0.4289092675949264,0.4469017500748327,0.6443195200667802,0.2736759006594933,0.6745548106918839,0.4985580276924662,0.09625475740886646,0.8895149666927359,0.7926415591304632,1.0,0.46292453662192745,0.6506815682215368,0.45890015285059,0.31491635745341007,0.2689385639097974,0.6898047599513204,0.7019632306782756,0.6180126187754732,0.9251251892735782,0.26005247351949246,0.6777504617458581,0.2969598094244824,0.3846013661668478,0.41444911128576617,0.5398234778511259,0.46493215543495725,0.14175015076451647,0.30949966395791595,0.8394519608983488,0.598851464918629,0.6773001257232023,0.32569844073112564,0.5449764250352304,0.6569151216600541,0.8459945337329443,0.5354415477551224,0.3128966359410519,0.5688660737626973,0.0672300917473071,0.466885732504424,0.8653980998891867,0.5616044004611651,0.715433308126872,0.8081592554319161,0.43369448867245586,0.9326575221338986,0.6312656398138475,0.13072915985879696,0.9123937426964428,0.2740715292643856,0.5027039203149244,0.7370258221572641,0.6017398674969342,0.9148426005746817,0.4930106672223376,0.7119842484329388,0.3849771572076751,0.5395856775538068,0.19223060691819666,0.5938678415495691,0.8116495940204801,0.10933761405813525,0.538236693791359,0.7468355432694623,0.7658149503967189,0.05666329961048011,0.6631714402354713,0.718481982534326,0.5676270723071278,0.31555829938903623,0.08762525443896862,0.6360854023111714,0.8120658138788092,0.6014416545097477,0.6166023690448537,0.41246225348740007,0.5691764596028114,0.8970130259366321,0.058433713326859094,0.5464320793046733,0.6440634893672349,0.3113460724928225,0.6284899127007493,0.396066158990124,0.7394249788791575,0.4511168523853278,0.7688380081463433,0.3369777734154915,0.327954006826465,0.8676367284306957,0.6389371641915895,0.6495315109344721,0.8494568989828519,0.6435446574038073,0.5708505836472139,0.6767053719763325,0.5855357342662095,0.0,0.7473619460796989,0.35623742013797877,0.3350124516998845,0.6416267832825171,0.9999999999999999,0.7000182018964515,0.437311012839932,0.3257308417496352,0.379171189411196,0.573396788505782,0.5587010770371919,0.8033667656898298,0.5209663120465056,0.6512696313220228,0.5213604387572184,0.5743265306740715,V359,1
0.3504935915857139,0.2848090077348775,0.7398805810325834,0.1537515446683851,0.3566821260933828,0.5138785383928024,0.8717668539558524,0.19633783461797782,0.10523197262665984,0.18899878688768068,0.0808767087975506,0.7058833378769865,0.3882926157412241,0.8302087388378424,0.8973277179641679,0.4689625030262259,0.17982961635069905,0.32249718567002383,0.05699411178305924,0.8364387389425142,0.24386352223221192,0.48100829195086914,0.10280157886353636,0.9716895597822901,0.3299246635593811,0.25554767308640214,0.38873845829123704,0.9195063986253448,0.540516588221858,0.1137022761876314,0.4190222671376187,0.0,0.5933135891718013,0.845085703648143,0.22368720912994133,0.7340173723903973,0.0,0.671114981899205,0.0,0.5177847828603397,0.3972945439439334,0.6291361987013029,0.37036418959822015,0.0,0.9064430094506597,0.4480926844108239,0.7394709896312954,0.046876957412674974,0.10843965114576504,0.0,0.6444991142434646,0.7826449074465851,0.5930701170920125,0.04744292142617734,0.0,0.6016074092228787,0.7230336789094913,0.04263024067242874,0.10962246199768533,0.6199546756723533,0.0,0.22781433741549906,0.6994844888331094,0.8249264956998441,0.48767887114565234,0.19599427802609481,0.0,0.36437186580476666,0.8188433902277936,0.0,0.0,0.6729390486330367,0.07539093026644283,0.3153695916927024,0.0,0.0658631125138533,0.1942350455732883,0.15465095091056824,0.4442979268365912,0.5041378158206435,0.7131617503119385,0.8737573341684166,0.16360285371588598,0.0,0.5767407622882332,0.08806006786676157,0.0,0.7520002844538138,0.6153118770937793,0.7770899962617199,0.2845021643594049,0.14264105172734065,0.17264061928854157,0.8506644671432432,0.4678268075012592,0.953419030233186,0.28890671084130903,0.6643153345791714,0.0,0.9061973542857235,0.19095406082698174,0.0,0.6173523047616826,0.0,0.31011068687957277,0.6302588418183066,0.0,0.559267028167582,0.038847067792086465,0.0,0.8288891541927541,0.056514684379761926,0.6152712130019831,0.0,0.5546957846575125,0.5299464004557455,0.6481469776952409,0.47705244496726174,0.6184487925424748,0.017256528376057956,0.9350016561815305,0.0,0.29640964786502066,0.3263254877614173,0.5442770840303598,0.016775498518809107,0.8706550118232977,0.8059801994966544,0.7193629042739755,0.3271777058931438,0.41778456874385284,1.0,0.5934558797437861,0.0,0.6376573931523001,0.6970755926525989,0.0,0.25260518446140107,1.0,0.9535875550364776,0.0,0.20686227355045045,0.0,0.6173050605784285,0.6724610849399117,0.7170176713620804,0.2841824723370476,0.010794249192930705,0.24390143237714224,0.08695636715831223,0.21703518327997307,0.7027836595193555,0.748324170736791,1.0,0.0,0.15400007199438437,0.47883471840480163,0.50252999056959,0.7878784946706713,0.0,0.25719202336608626,0.44423614454160076,0.0,0.8117938083715337,0.812253454409235,0.4039272582295137,0.9196546624623835,0.20362840210081423,0.6075535546853001,0.9999999999999998,0.0,0.17817296327385745,1.0000000000000004,0.23953056025241895,0.0,0.4356972311807502,0.0,0.21229814095462984,0.838788047401507,0.10246971736464969,0.7349572487328927,0.7393780724435826,0.8185898846301376,0.0727125165329392,0.5152699792211292,0.4780314490661888,0.5515046597068034,0.9625113368990326,0.9657167323879514,0.2591677816201483,0.9001248433208433,0.5893170096745021,0.9882622993829513,0.7987671977081956,0.2390932358976796,0.8638151297942074,0.5230200247366305,0.42318898578914,0.0,0.0,V406,1
0.7843314786055495,0.6169341152545516,0.0,0.85081457916687,0.2680007875018309,0.7785541380448082,0.08434107576099759,0.48030804813853223,0.8456271339732262,0.9330181225759636,0.23321661664431637,0.12572187649898592,0.6555099907007804,0.6068401678253521,0.6289463571788663,0.8432324269307401,0.5974268178221608,0.6663797372369487,0.39186972415316124,0.6858112833354749,0.6479009381700032,0.12912392981473397,0.9625547160799282,0.5961798280981971,0.3559256929096033,0.6506344383460025,0.802148801762473,0.0,0.7413174598148359,1.0,0.735486385422063,0.2578810019659068,0.857797215510645,0.9001461136519717,0.9999999999999999,0.9288226301441547,0.7562313855974309,0.36736592197850926,0.8432052271674502,0.2884378050734025,0.9272473191549685,0.5917541910709012,0.5205396871989589,0.9810805329667509,0.5466802799724975,0.3345052548502733,0.39586467565461014,0.8487600352198261,0.6706937792012753,0.6944799000185219,0.9562875152428323,0.8487096393460177,0.8488521848323656,1.0,0.7607232571241727,0.7377259401617215,0.5260068470094881,0.9213887291328651,0.9286916750083531,0.8733941487931285,1.0,0.725199290423987,0.6688443512814587,0.4076137545348056,0.47783857536021657,0.6780725589084026,0.8442501526359509,0.6637883796008043,0.16109017051737468,0.4842857417294983,0.8676616638306132,1.0,0.657153524286795,0.17645147934622685,0.8711085253370949,0.8755433735891015,0.9999999999999999,0.3813278949009642,0.9171900738521828,0.6284489667115203,0.7861904130240356,0.48441765024781525,0.22985669709574713,0.4560441453314003,1.0,0.571335311281622,0.767830605713805,0.8980036214992462,0.07075657570701532,0.5908452040347546,0.9784768694318338,0.08349799728569722,0.737523107199598,0.7087562349456263,0.1430333869718645,0.3131116381110777,0.882080976601288,0.26416097947955797,0.8496726921203266,0.8132657869956516,0.8402744010126657,0.9860505825714223,0.3371819779226713,0.9422792114798116,0.8439146035218034,0.5872199617246614,0.5054630686663928,0.8419084996559484,0.7195400028946893,0.4592280029071137,0.4949688886287895,0.5182286254034877,0.43440473756337195,0.8354275033094387,0.483531534802097,0.804481359649533,0.0,0.9751027590956616,0.290360661355638,0.752978202561026,0.9999999999999999,0.9381246108364418,0.20182555863868834,0.6848613066903824,0.8307057399121408,0.7720222843840936,0.7114082893193169,0.9559247672830733,0.24745400367975767,0.7035134583222203,0.5043391990134045,0.0,0.5997779930311777,0.16588236668976597,0.07586091677836515,0.7766951809656133,1.0,0.22078837537762347,0.7996852117799595,0.22913183785936975,0.563423594632165,1.0,0.993513563636451,0.821172774474032,0.7423426939738063,1.0,0.7812047464224492,0.9469535107658464,0.048536154338484794,0.0,0.44021600950002515,0.26408505379727454,0.6808428282290481,0.45468430034859697,1.0,0.6268292669684332,0.7867423863711016,0.7574615354025908,0.42255070328656463,1.0,0.3698563241550836,0.9465099815799667,0.8929650915395096,0.11545436458837717,0.026239963140605393,0.7475134685302347,0.6408501211088545,0.648822280610455,1.0,0.6287543557300583,0.06836988723400939,1.0,0.3482068223980308,0.4099348664788415,0.49373141812836363,0.6632615231149505,0.6884098868129114,0.27293981098847464,0.8838870767633173,0.493359720923526,0.4015002338400787,0.11398349719132828,0.7217979703891066,0.8194802691394418,0.982126449017077,0.0,0.9062109846474729,0.8358050987452443,0.3730558692360992,0.8931237619078142,0.2299356999886566,0.4688171925465193,0.14996947028134866,1.0,0.8063519684519347,0.5015652849113361,0.606492297477901,0.24121001024474542,0.7494725052141997,0.7996750501417595,V456,0
0.8831406105100246,0.48778209990295585,0.6928381282431723,0.6942609423212402,0.8083670748899432,0.6447118940480097,0.28563361429448186,0.6960122735815453,0.7501824301524116,0.6428651126763182,0.9934532227965163,0.19034477644062553,0.9912056583172384,0.34984131160443477,0.44485093871084036,0.7750440955563229,0.9687881772834849,0.447129061533561,0.828676802914871,0.593012015993111,0.6908515760528114,0.20861486898835246,0.7274011640083944,0.4506058137283993,0.6256040312636353,0.610276121870508,0.9732403176549607,0.7596652512851715,0.8726328650899656,0.461822137989521,1.0,0.6703444952658748,0.696368204247342,0.2110710036506931,0.2616787400325069,0.822709347445424,0.8306397611556046,0.9999999999999998,0.8255791547746534,0.6924767004981023,0.5448097322960548,1.0,0.9060187595373912,0.531969176924058,0.5055350749619345,0.6408492103993384,0.6263664332693397,0.6686630675760897,0.3899708845354839,0.8304211868999317,0.8379034615876877,0.8955507031895978,1.0000000000000002,0.618615118951067,0.2182141482259794,0.8680660557440315,0.7218436323881496,0.8495825248764799,0.6999640806877026,0.7365715191505589,0.8166182525839707,0.7603388660163151,0.6940691480361184,0.08886939137260609,0.2798214000827137,0.5475905017651889,0.5399457369266395,0.5241930090180164,0.2405708480658451,0.803164578889044,0.6238494993990732,0.5622701122658209,0.3505577630453678,0.4363300760737665,0.9121389177511336,0.662575517788458,0.5434120082956634,0.40206112724597753,1.0000000000000004,0.7800368120013672,0.72519089272775,0.6966760815783613,0.5699886533474455,0.681476564824683,0.7359326543626598,0.5399590755893959,0.2650510509557798,0.9124680292230238,0.2984403722063187,0.5373759732960226,0.8215233950600436,0.7578140500034574,0.5092293362035711,0.9628640039109974,0.6084462634844527,0.5443063212740471,0.71951334091977,0.8315125607701326,0.6855099651939194,0.5940171424103161,0.7330756836053016,0.8315412764517731,0.6956622916364974,0.9814694968348076,0.21514175452559414,0.744397492196659,1.0,0.7617271610409396,0.5011385788428825,0.45318521282760577,0.48551902616509257,0.40894573321963335,0.7827814217404372,0.5207227922221869,0.6603651491165587,1.0,0.5179657686809094,0.3542385726738273,0.25584655141785567,0.7873078932393606,0.4532567981128858,0.757152085424935,0.619288732636641,0.7734572502753803,0.49325505136757186,1.0000000000000002,0.7707011411425632,0.5518718049615692,0.5381686950154174,0.8506246687495455,0.5109397058445444,0.44293173525427487,0.7901535501936029,0.8884729621249225,0.3529089823896081,0.48286059907802015,0.6075778941832737,0.5685256411700377,0.4415515829699055,0.6819045846021277,0.8425138159727507,0.6706422222725781,0.3588192701953016,0.5608991237207066,0.6758753595893909,0.5030165780000253,0.7418501468250164,0.2153997006108923,0.13774229469118904,0.5004947308528417,0.9495065610249052,0.16652016175190076,0.8365489554565598,0.5682225531194227,0.7996131265315551,0.6226340078638768,0.40764393380753305,1.0,0.7111348430298373,0.5794019819701044,0.06148055717996037,0.643132502504979,0.5918400017473714,0.4395238649785551,0.22812535159601155,0.0,0.7505793615788435,0.3376767057947412,0.6740211424928,0.26204065739953664,0.6188877663324609,0.702689320952413,0.25971630837631654,0.515917585386518,0.5330829754399935,0.6558756580379105,0.4657443820534762,0.3635628420681123,0.9453932331424084,0.3919170613467936,0.7671732993785335,0.340081361456511,0.6910202440053872,0.3023322887862645,0.7058634222817181,0.6307653738492691,0.6470842903254768,0.8653714151306771,0.44839722831660345,0.8504864060658551,0.7740021202375305,0.42727426492586906,0.3451846159307841,0.7420841939488367,0.6713089088142283,0.479454035712666,0.696303575391487,0.215522833460715,0.7010749029709074,0.7761557966826191,V513,0
0.14305968234354194,0.0,0.7937125372164134,0.45388099444029806,0.0,0.28460812479206593,0.9778323411401825,0.42835771340272566,0.4460973159451364,0.29586591801035367,0.27483211025668286,0.5014736394783831,0.20574063134132725,0.6021670987722682,0.20310527726615057,0.5954261935863427,0.6727052420523746,0.37472801716687076,0.10049611787914581,0.9195344463491627,0.456541264357144,0.8981032097385877,0.06039784653557123,0.7782058182935285,0.5285548689082717,0.4884640463341223,0.5381238190932531,0.6629091552157844,0.3909119484240965,0.2432026419957205,0.06835399986846546,0.2687355321349797,0.2625366285818743,0.8296619034005399,0.5399228884514928,0.42840296832698477,0.7721175785614253,0.15794364722363086,0.2597251155078525,0.018441808560391293,0.31162179807278706,0.14270177525159577,0.42238394005444846,0.22012718816714494,0.4564647466515708,0.2886477817476945,0.8318803589242727,0.5287939200413994,0.2160370069831019,0.2595206179744078,0.41253908620102164,0.7899629600785856,0.05200039220428476,0.14749862827841298,0.295971591619747,0.8862275181531866,0.0,0.5656906736103645,0.21776249195786712,0.4570259552740039,0.08638850712890711,0.5002437066278156,0.6107228960518024,0.3785745062549805,0.700562470990989,0.24928410984533778,0.2538892158648768,0.0,0.49902129647241605,0.050876649807842594,0.6208372084497698,0.5670905206794532,0.08591230943056571,0.061014685903118204,0.13533909835344637,0.5400940660724315,0.0,0.13553202390677788,0.011439933339750574,0.4476436521306439,0.30547382207495055,0.3781316387944982,0.0,0.18267146424560826,0.5127518511724701,0.6876905499197077,0.23803867055841776,0.7493667010619831,0.2625512972467532,0.4968663639121157,0.1731096980059551,0.10197451650324565,0.39436892481488983,0.4532791682993703,0.27533940177653354,0.993619091131035,0.21093841558707105,0.4846989030300149,0.4437415382873295,0.3477428182855441,0.3565781441359568,0.41302146037258597,0.6284856844839591,0.4981525002882651,0.7234819335262327,0.47422977441407665,0.41473693834155867,0.5815151380028709,0.23675131465251942,0.04467629453269519,0.3775433969393265,0.0,0.25132824283903155,0.46245512284381163,0.8482329841313927,0.2116106848389523,0.736909026946754,0.0,0.3802704043800967,0.3282393775529425,0.7321934452957722,0.4688443468481805,0.09372183475156548,0.0,0.8332434087650292,0.0,0.38934423893712544,0.5334823615767597,0.5876033702588543,0.4316010758950198,0.06339807598714184,0.8734171181758612,0.1698670441337675,0.5461085905333953,0.7621785765720074,0.47719987142771836,0.2220109706386833,0.09896646710174217,0.767896782245265,0.76156331955118,0.13855760785257143,0.2646605334997512,0.08751819523244517,0.1617447281150034,0.46998486469317585,0.5821686622707873,0.4737760428212722,0.16676370149495212,0.6132739178227808,0.31476430515307807,0.0,0.12699836368101258,0.4753868564394893,0.0,0.14973304910502214,0.7534195494270588,0.0,0.5679075855468737,0.0,0.1994925174727915,0.28127522512555636,0.20807691419139385,0.6013979287641903,0.8751586465344273,0.7571129419947578,0.2915815957318464,0.6493542579179125,0.2527648000702675,0.3598479259540066,0.3227163984063941,0.28305793319098305,0.0,0.48641989510878414,0.16774080247556947,0.055854502392766237,0.0,0.1853666636757616,0.5223256296253185,0.5502666573480599,0.0,0.3728082748957825,0.4452406708404837,0.5020584728282389,0.38028338087217817,0.0,0.5333739129807875,0.4480352045826106,0.025683911082759456,0.4663840184952037,0.5016814957271506,0.9132514847263566,0.0,0.6654822737786399,0.9802458350985144,0.47471655397859824,0.8021652860695494,0.43246567845672323,0.10469953273931343,0.19950001958596414,0.47339057594458567,V624,1
0.7704746416561001,0.2957457628271325,0.7578982877866852,0.6940759491015871,0.54912373461807,0.5185150274225094,0.1179376813292159,0.5098741597597386,0.6130143031706439,0.602776307221676,0.7408524199919928,0.15939898192266633,0.40727074546927433,0.32476293746013113,0.3439706467535093,0.6260936205597758,0.7096271313452668,0.6973460198638688,0.7164852919843987,0.0,0.8909803460215756,0.23072384517523892,0.4467990130730961,0.45202604747167446,0.9129980277343455,0.5536403300589161,0.8790897769645101,0.7144820516339345,0.40195981663311253,0.5846922233843568,0.5699060253448334,0.5754723809453239,0.5173779442104565,0.0,0.3400413390889292,0.7413196498158771,0.860073280715694,0.7609364117864186,0.6936445143132767,0.5090487385867293,0.776636038885512,0.3584672994969975,0.5970303652401725,0.10580773184762093,0.15129688050295886,0.3047662000376478,0.06356626969629775,0.4786150065889472,0.819482570139735,0.6376678118277097,0.6750529008338462,0.7542429935492027,0.628893328591563,0.503207579912552,0.8167924555217096,0.7047763079961308,0.6370976716871803,0.8204739054540375,0.39705943488235196,0.32414379649762526,0.6588005789564377,0.49010679319752937,0.3321494849717278,0.4530266400755979,0.0,0.5517138459549448,0.6488179340409328,0.3493723980438709,0.5015864116467958,0.3249377508172683,0.6586852024172238,0.0,0.5349047849965842,0.04801065568440155,0.779601422185553,0.8306269659647199,0.5215599992960317,0.23690994328202875,0.6550067009917924,0.6363167822411442,0.7935935384172161,0.24019234722721805,0.5297850475975628,0.4418743491590225,0.7361400369339359,0.6221424904581572,0.6680111238142727,0.3076043112498572,0.2304750439053378,0.48704999735780885,0.7984540279268625,0.6970363948393964,0.48384125813777246,0.8209355276480664,0.7685999051707093,0.5119055663620606,0.5645755780400603,0.8111743428845715,0.616151893188829,0.6108023406534872,0.3561362978116458,0.8072232286006618,0.8604367240625725,0.5839070160894037,0.12471348314606029,0.5622013394069396,0.5536895450897812,0.6504843206799011,0.7180808609508397,0.15629659076484528,0.4767587118523593,0.397519067424571,0.18581856491270887,0.6204975577242342,0.7733284634018256,0.7929002861842749,0.14312454934664043,0.5439098488706395,0.8936063161068749,0.8680786585278674,0.2515222121083943,0.5567376437718952,0.0,0.7328191231705274,0.5695688502114359,0.8869659942838559,0.0031571403880152893,0.6172354783211047,0.6705554954903779,0.6857355831265356,0.8605343700820951,0.6515580903607764,0.6681866744046905,0.5743225523415476,0.41282282902376666,0.23696271365419297,0.6861835790083084,0.49342062910465706,0.17193843777294687,0.4172588328147021,0.6254498777528268,0.7328082638264939,0.3666874948447111,0.320154527992071,0.5198293750976273,0.6361600938221454,0.8722761473968345,0.8169648323634588,0.6255836168116611,0.802636344967956,0.7406332319597695,0.4757998000263337,0.5932544913198176,0.21855618107573216,0.7107413718457466,0.4192305733518251,0.4713932333932842,0.5501440359887874,0.5505886207029201,0.7174738992533735,0.8358349738362918,0.635802954417868,0.8273286841266035,0.3551121637528664,0.16824420323057598,0.025898930789792107,0.5022604205739575,0.6728596924329424,0.772602484350565,0.14879211121751768,0.4802182603397308,0.6789429304975291,0.3030353167428683,0.43738697247864133,0.4206050602989644,0.18907873779971596,0.5798553156150885,0.594774343611467,0.7705245873144677,0.6539244876937125,0.8199237546281696,0.4708115932573458,0.27121231262107326,0.17418717151982221,0.5560540542495095,0.4511070883848567,0.5553139676472745,0.5700629542835384,0.4902895389313199,0.4512880143065803,0.07776861431960747,0.14244046272478822,0.2061786572250064,0.565166021321887,0.5690180218905019,0.6827776045574652,0.6734718543029403,0.0,0.13189774325024445,0.7306987504524216,V630,0
0.9999999999999998,0.23107351672572585,0.44302522404096645,0.8598449519311511,0.46279804294026783,1.0,0.20565153548529624,0.7541628821167929,1.0,0.9999999999999999,0.8526269561607172,0.497198672558789,0.6203075831543892,0.19740969691537819,0.5632315712702489,0.7809370935336524,0.9999999999999999,0.6980459923301672,0.11741233357479375,0.15361441789894614,0.9938610278647003,0.26907130200694174,0.9485368206698279,0.0,0.44339495101386683,0.9551511006694238,1.0,0.8776926142643175,0.9999999999999999,0.7794334044948183,0.3676112382828194,0.6669264661738503,0.9539931630899736,0.602231529278312,0.36527043978285834,1.0,0.9175896538353906,0.8031424455025415,1.0,0.244162694591107,1.0000000000000002,0.7997008439694198,0.56661652797247,0.48236915118684665,0.04279922458229857,0.4553393189130979,0.26220698258212993,1.0,0.5542279946944761,1.0000000000000002,0.8227850303680599,0.0,0.6262162734011885,0.699325303751073,0.8815660578488411,1.0,1.0,0.9930570150145719,1.0000000000000002,0.7092037413466012,0.4064312349871768,0.9659679091974902,0.0,0.37498936525043414,0.6881555406638258,1.0,0.8450336145527095,0.9999999999999999,0.5934145475785053,1.0,0.9999999999999999,0.9495892897241305,0.6096275469914461,0.0,0.7499647189442109,0.5578848072793076,0.8303078001370611,1.0,0.3562808020826842,1.0,0.9346737879281302,0.9674227342896382,0.2832948746432519,1.0,0.7902370016807495,0.34319533515299194,1.0,0.7021655746692408,0.0,1.0,0.873829257890662,0.0,0.6408729508901307,0.8161746104135378,0.9244075125940496,0.06452299731858324,0.9999999999999999,0.7353141881089005,0.81017184462793,1.0,0.9036265283569351,1.0000000000000002,0.9937014270166257,0.5102108591010058,0.15912617218429026,0.5730328930290087,0.5038616450119804,0.8886581999521186,1.0,0.4319121840124187,0.0,0.7168290536936256,0.5208398493897928,1.0,0.49107242448314503,0.6045542528467374,0.4473250594943239,0.809270521896813,0.9752542829663653,0.8597129781145677,0.0,1.0000000000000002,0.13993756744037078,0.6361140215747129,0.8268786429117637,0.5567075128330348,0.3934139725624942,0.05998081373268804,0.10548054516768302,1.0,0.3515964091398258,0.20956121840129413,0.972752011806514,1.0,0.33662768317912206,0.28423599171845737,0.8864190316478792,0.41505928584839163,0.4034023565229684,0.14026119259092779,0.9756496523271686,0.9597982159251728,1.0,0.09222489821243429,0.5419384898702178,0.5263863173925558,0.839771424160347,0.7700673477858644,0.0,0.6013082642608273,0.6257278452589423,0.2712719390842049,0.7116804333940626,0.16934355359955022,0.9539370848260771,1.0,0.9008764767357542,0.6759687063376684,0.7526295043199843,0.8558254493699807,1.0,0.8622435829242621,0.9999999999999999,0.3604849133560239,0.13087882311176213,0.5312062163472628,0.6336623714127901,0.8170328221592998,0.9253692590927294,0.3308509553428387,0.1488361963734146,0.7575291645918775,0.924586493280906,0.9181024195434048,0.5594625490478333,0.9999999999999999,0.8391940541724121,0.7105977631690434,0.9083242049691935,0.2480057635136928,0.5270883374697192,0.13874007564796953,0.6982058069715384,0.7865970256576387,1.0,0.2576742097429492,0.7372389390049394,0.9646361198211981,0.0,0.5153116973519217,0.5204791650596876,0.42961239587638533,0.0,0.9932332788322593,0.548192220168094,0.8168802468347713,1.0,0.30158572699046404,1.0,0.6998986716273079,V637,0
0.8601961363065735,1.0000000000000002,1.0,0.8431059197818002,0.30492336364200634,0.5738016733883138,0.7232838681709436,0.0,0.8618676120645068,0.7967350263153091,0.05491308406950712,0.3674738261833549,0.43002881219721223,0.4638102867188265,0.8365386101476702,0.5255711140075019,0.44884755423634054,0.3129552543311951,0.6991108048068486,0.8183825183950587,0.6156830153393811,0.6008286824226496,0.7318302988458958,0.5842145494148274,0.0,0.715991315885965,0.9203099527078359,0.8597282771907127,0.652558115436226,0.8202758687602363,0.45409127570118635,0.7143732637799645,0.7929446478560189,0.8308841664411455,0.31669951532224133,0.6123277560260415,0.7040923971913381,0.6504284936753886,0.7909795867293434,0.6924469179365551,0.1392540017167022,0.6965953514877259,0.5775664184888654,0.3050415949429335,0.4911943114312054,0.36048856015962355,0.6466248880892178,0.9067185546463783,0.5358758169159565,0.452134213075804,0.8186530600886912,0.8857974294067366,0.2453257501187191,0.7611992901700678,0.3219256298341358,0.9107381884013739,0.3807650954129298,0.8823699688791304,0.8614041346081958,0.030229333778784895,0.5788001717617053,0.7214609263134939,1.0,0.6482792718499686,0.42117263375666525,0.6155904704289578,0.3019229668706862,0.7936889159249568,0.3541534205840922,0.46784547421762185,0.7759567859604262,0.5949832673502602,0.5672886901995058,0.5382490498542989,0.5027176728022071,0.11735747934699702,0.7074419656351371,0.43302021187227036,0.533584669219783,0.9004633505300568,0.6037922211301121,0.5952039080845581,0.503863124532688,0.7860806399333655,0.8995453318456021,0.0,0.10525026228742672,0.879336912647519,0.2562963243928724,0.522184218949968,0.9255595193069871,0.10203703685679093,0.25049552367259087,0.7147983579528582,0.508323987280834,0.6016024915942042,0.9632360235522838,0.5047313572323179,0.763395749770541,0.7193723310992152,0.23516043972284573,0.9211568595086863,0.0,0.6715701431723128,0.44515002136279036,0.7118392859841962,0.2778801549942269,0.9818180015299164,0.4334904180494704,0.0,0.7131587386064413,0.4449424724856921,0.531983225632481,0.8028675997700456,0.0,0.9355917271076493,0.42516611237795976,0.35841056948694594,0.3905722669349285,0.8157760434633247,0.9771321615069802,0.8345981732021306,0.42465568846334834,0.8815537063466526,0.1825745882568458,0.6230919988728172,0.8906343281914076,0.5439679647565916,0.6484664336940278,0.8664923320474459,0.5690712438312185,0.6298899410088902,0.7693355677829823,0.27858845159792534,0.5555146955294555,0.6025438807389853,0.6408628623410482,0.0,0.6907458137293626,0.5754082700402683,0.8245359080802345,0.9245975933964128,0.39151737011377963,0.2305116929059391,0.8627487083377663,0.8004219280448805,0.7150597931876835,0.27497259542620367,0.2940886140378871,0.21749947295034422,0.2784479241905504,0.2909513183381762,0.6036583929944385,0.7960966517161561,0.9685994291010513,0.6280244216276716,0.854384334040091,0.7514081291315172,0.06538368955114726,0.648848980654717,0.2441840795904766,0.8058046241424033,0.7860756629691205,0.419044016238173,0.6411699036276093,0.3057877525440711,0.1316460093266706,0.5956293084932607,0.697052476404826,0.8880341166102899,0.7855840265361062,0.9255928556243165,0.15597635721125647,0.7567712493710376,0.5261374760633517,0.009564424756397516,1.0,0.5395581242034073,1.0,0.30207579638513166,0.6508633715671325,0.3708381825929985,0.9867137417950798,0.5353137259742597,0.8103057602378162,0.30483616432591076,0.852826685704666,0.57392730397907,0.4906443774700472,1.0,0.869382773516735,0.2504336937530529,0.20524223629088878,0.8595354931593069,0.3271784297947289,0.9456000434355236,0.9061295988765795,0.22079081267850775,0.6733340352629706,0.8758089025672124,V716,1
0.9986173008611179,0.23275332510747204,0.5358493491139301,0.9623682740045567,0.48234069141674896,0.8178848885750845,0.0,0.7006284740368387,0.8881389804718536,0.8246997513657138,0.07902602648137735,0.22552007060592383,0.8860048790585502,0.16755515253643682,0.28629169556604217,1.0,0.9498466285224666,1.0,1.0,0.17349272839250163,0.7530895329665541,0.3426252370702083,0.909646223149235,0.6126104587193593,0.7129455672988234,0.7169492568249303,0.9193855565135098,0.7923084222432247,0.9214848185075551,0.9329203191863582,0.5044868783874952,1.0000000000000002,1.0,0.7490319936577938,0.9157341558834963,0.7918042361607666,1.0,0.5404654784226393,0.946799941960754,0.9174202735007595,0.9093382610827077,0.9983652137680705,0.8166215186568175,0.9999999999999998,0.0,0.6627038394485303,0.12012025677623017,0.8969584375874422,0.7624086458404447,0.23835788077506298,0.9999999999999998,0.8573212499925583,0.7653163584008098,0.8413819206387924,0.6559537793425831,0.9498610268369525,0.8884339255850171,1.0,0.8320499699766073,0.7657090981619687,0.9149071316611079,1.0,0.1652316649519453,0.536831659157438,0.39604649473369147,0.661949283881159,0.8212452606368417,0.7391001826669105,0.16104529863599581,0.8303246946398806,0.762146388468036,0.3109203014723376,0.80943993417817,0.6064296937800082,0.37412238201329173,1.0,0.8528798760419533,0.43538652030691827,0.8148237619860836,0.9487067021150672,1.0000000000000002,0.3791927025603663,0.4604099634832027,0.9049135326167832,0.8648769438124769,0.9966929816513888,0.49029704925029816,0.0,0.21034514616440636,0.44245931346543066,1.0,0.2933687232707058,0.8836167732088314,0.8617627158459439,0.9554346147555491,0.0,0.8042369123555076,1.0,0.793879781419903,0.754949174162257,0.9900494943520401,0.9478798650430356,0.7965454541471688,0.9741249718110024,0.1695566613790896,0.9999999999999998,0.538760030187659,1.0,0.7825353290613416,0.33095098539635304,0.09372919423160408,0.7534424598255564,0.576655276502235,0.7842003134664512,0.7862739921337405,0.6603163284850662,0.15252960935636528,1.0,0.7632750242404349,0.9999999999999999,0.6619366472958764,0.8961939142618933,0.2219558067452858,0.9999999999999999,0.7508267339725977,0.5982575836183439,0.36650137755418977,0.05839949525374344,0.3024407729484744,0.9094544362411953,1.0,0.4567624052593574,0.785993056445206,0.8039405417559635,0.2967156871044193,0.4463110627183764,0.8934103793863676,0.21652115129751587,0.0,0.3895976619180088,0.9413633488620379,0.9990943074658007,0.6186155631045341,0.429886889889859,0.8460402003067238,0.5211210053282369,0.9142116089585285,0.9999999999999998,0.20147280603627093,1.0,0.2796585328602599,0.6620198554763286,0.7671127292374408,0.3029420893141608,0.997749875605867,0.8272100857359934,0.6670051782393984,0.7395555348920843,0.27317489884948476,0.8634544331067225,0.4882101626386426,1.0000000000000002,0.9348435374409495,0.13289055957175905,0.07831857933220854,0.09480725550455693,0.48978491239255917,0.5580955204561863,0.8994072792139072,0.34389609012628486,0.5120464630808055,0.9037758435666183,0.3747456788115944,0.9999999999999999,0.9366300060184976,0.5927052659994326,0.9096577939180239,0.6601889874028752,0.8738086643524083,0.3678963548809637,0.9999999999999999,0.33430147965290935,0.3496194676592297,0.5893024958805424,0.971530628212581,0.4430665275179746,1.0,0.9296485861559981,0.41112946374434,0.8120372158160014,0.6478506345630963,0.412801362258722,0.09632061607175435,0.6602674674840152,1.0,0.625467948506718,0.9823471657506871,0.20970099377738438,0.8362739899676896,1.0,V777,0
0.07220046242806588,0.44289569542108986,0.7424167494136017,0.5439656462116418,0.347792135309678,0.4017473128007146,0.6479530215368067,0.19560765913874856,0.422522287501838,0.3292396775319567,0.1608259441632991,0.677799150861624,0.2880628164181074,0.650576527674356,0.8787253692474302,0.31999596998585056,0.7560561046342689,0.0,0.07427275701043257,0.9471857658415267,0.6119544957084077,0.9062521198776536,0.42132617859200305,0.8961866327053711,0.39323163092258273,0.47991185897856314,0.7764152893677012,0.7982063460915249,0.6192961813112213,0.2093051243466295,0.10391301756261484,0.37371744872817125,0.33266894133385977,0.6267494647749596,0.520574493185406,0.6693586142923664,0.46956358809005894,0.10687900050640642,0.626552992104353,0.0,0.4390709276964559,0.0,0.2120591879326894,0.19137912270542778,0.5666440594343696,0.21489222170220185,0.45174288593618983,0.5793032994223253,0.5628338128388486,0.5039868853423063,0.43754148279279637,0.73379723871695,0.0,0.47044330549854696,0.6034548325386397,0.7050900420644638,0.3647667997419455,0.7553072906173433,0.3530266485166944,0.6398674238171786,0.45946231027711315,0.20262108751989194,0.7566495089866966,0.6641681312666843,0.47700767549083256,0.4604239913991163,0.5187768248196152,0.23398882897179185,0.4186284747477667,0.6193972066256761,0.46869255660250086,0.7300716499962014,0.6441140667692427,1.0,0.51958803689287,0.7562028569381112,0.4483880816948317,0.06648687016224075,0.0,0.6627111066838676,0.6888047463900204,0.4096559681568497,0.08559095882523707,0.5199333657989393,0.42974128455750016,0.2538474809792699,0.31945707240824933,0.6468346566103469,0.5708813609017573,0.25484576425002026,0.7056724533815094,0.2814305410947302,0.1504244106796243,0.7234923407158494,0.5391858752234155,0.666425493666891,0.5830874408361448,0.11162792699846434,0.6199509958233478,0.2529790950548293,0.0,0.6490591482300265,0.6811944612980658,0.5411693098755731,0.29001606128431723,0.28426869943523636,0.16057556268404394,0.696309720906884,0.20952537979979213,0.038084196340180114,0.6856038110910623,0.4597585323553085,0.03807091845628641,0.5462701323219485,0.34593248043346225,0.7143018500535707,1.0,0.26617803055495415,0.46293571203325284,0.676856650743121,0.6463837095335802,0.612513156893203,0.21470953145914018,0.3465164495771812,0.5830625468201788,0.3593077266927407,0.5365761835192567,0.7710463709728839,0.7140938661230427,0.8481340613361554,0.0,0.8414643102708055,0.741250155468245,0.21357370356876038,1.0000000000000002,0.41677822620746063,0.5616994277584442,0.16529081578469024,0.6162121214792445,1.0,0.7364483100565888,0.6620703052081263,0.6651764707486756,0.5557025651572973,0.44536892183085725,0.7087200891852841,0.829352566558531,0.7631588328222658,0.4348660610731838,0.42987613840875294,0.48826527564012334,0.0,0.5814617789225615,0.47479517121986214,0.5622479489731006,0.5584198561577713,0.1551225218032768,0.5541722725678745,0.5206944168345496,0.6228481778736564,0.20869745930708294,0.4974790063429546,0.7089136761945879,0.9999999999999999,0.345741843759541,0.6732935061769183,0.3290416723866252,0.6777560926685713,0.4528044161218143,0.14397726214560458,0.885893306610363,0.5376210483108429,0.4228083413454171,0.0,0.431592682380183,0.6727730807859983,0.5979153499622203,1.0000000000000002,0.7912432606460091,0.34468117703406115,0.31113641381670376,0.9943461354577754,0.3480856276623632,0.09438508680820057,0.731825581939569,0.2291770367092414,0.3832625184777759,0.7091095333146481,0.7623211016202641,0.387822399338154,1.0,0.37584823576232174,0.28078045128273155,0.34884076132472247,0.0,0.7250485998943654,0.6023088803023255,0.31764238167340997,0.3894726976064575,0.525034697576909,V806,1
